class,method,seconds,failed,error,skipped
com.guillermomolina.protos.execution.ProtosPackageToolExecutionPlanInvalidIdentityGraphTest,invalidIdentityAndRegistryGraphsAreRejected,10.093,False,False,False
com.guillermomolina.protos.execution.ProtosTestToolTool012TomlOfficialProgressGroupingTest,completeCorpusGroupsAreBoundedCompleteUniqueAndDeterministic,7.192,False,False,False
com.guillermomolina.protos.execution.ProtosTestToolTool012TomlOfficialProgressGroupingTest,directorySelectionPreservesTheCorpusCaseSet,7.096,False,False,False
com.guillermomolina.protos.execution.ProtosRegexSemanticTransferTest,parallelInputsAndResultsRebuildPatternAndMatch(Path),5.0,False,False,False
com.guillermomolina.protos.execution.ProtosPackageToolExecutionPlanInvalidGitAndEdgeGraphTest,invalidGitAndEdgeGraphsAreRejected,4.105,False,False,False
com.guillermomolina.protos.execution.ProtosPackageToolExecutionPlanCaptureTest,missingVerifiedDescriptorIsRejected,2.939,False,False,False
com.guillermomolina.protos.execution.ProtosTestToolTool012TomlOfficialProgressGroupingTest,exactCaseInSplitSourceDisplaysOnlyItsOwningSubgroup,2.909,False,False,False
com.guillermomolina.protos.cli.ProtosTestToolCaseRejectionPublicIntegrationTest,repeatedExactRefFailsBeforeScheduling,2.637,False,False,False
com.guillermomolina.protos.cli.ProtosTestToolCaseExecutionPublicIntegrationTest,exactCasesInReverseArgumentOrderExecuteOnlyThoseCases,2.186,False,False,False
com.guillermomolina.protos.cli.ProtosTestToolFileSelectionPublicIntegrationTest,relativeExactFileRunsOnlyItsAuthoritativeCases,2.121,False,False,False
com.guillermomolina.protos.execution.ProtosPackageRunDriverMixedApplicationTest,mixedApplicationRunsOverExactlySelectedVerifiedCapturesAndClosesScopeAfterTermination,2.121,False,False,False
com.guillermomolina.protos.execution.ProtosPackageRunDriverMixedApplicationTest,mixedApplicationExplicitNoneKeepsNetworkSlotAbsent,2.095,False,False,False
com.guillermomolina.protos.execution.ProtosPackageRunDriverMixedApplicationTest,mixedApplicationExplicitGrantIsProvisionedFromTheExactApplicationPrelude,2.091,False,False,False
com.guillermomolina.protos.execution.ProtosPackageToolContentIdentityTest,contentIdentityFrozenVectorsDigestAndVerifyHostCapturedCustody,2.063,False,False,False
com.guillermomolina.protos.execution.ProtosPackageRunDriverPlanningFailureCustodyTest,failedReconciliationTransfersNoOwnershipAndEveryCustodyCloses,2.054,False,False,False
com.guillermomolina.protos.cli.ProtosTestToolCaseRejectionPublicIntegrationTest,wellFormedUnknownRefFailsBeforeScheduling,2.049,False,False,False
com.guillermomolina.protos.execution.ProtosTestToolTool011ProgressGroupingTest,selectedSourcesCreateOnlyTheirGroupsAndPreserveTheCaseSet,1.971,False,False,False
com.guillermomolina.protos.execution.ProtosTestToolTool011ProgressGroupingTest,exactSingleCaseDisplaysOnlyItsOwningGroup,1.942,False,False,False
com.guillermomolina.protos.cli.ProtosTestToolCaseSelectionPublicIntegrationTest,listCasesProjectsAuthoritativeCasePlanWithoutProgress,1.921,False,False,False
com.guillermomolina.protos.cli.ProtosTestToolCaseRejectionPublicIntegrationTest,malformedRefFailsBeforeScheduling,1.883,False,False,False
com.guillermomolina.protos.execution.ProtosWorkspacePackageAuthorityIsolationIntegrationTest,workspaceRunDriverExplicitGrantReachesApplicationOnOwningRuntimeHost,1.871,False,False,False
com.guillermomolina.protos.execution.ProtosPackageExecutionPlanAdapterTest,detachesPublishedWorkspacePlanIntoImmutableHostData,1.844,False,False,False
com.guillermomolina.protos.execution.ProtosPackageRunDriverPlanningFailureCustodyTest,planningFailureClosesEveryVerifiedCustody,1.603,False,False,False
com.guillermomolina.protos.cli.ProtosTestToolCaseRejectionPublicIntegrationTest,refOutsideActiveFileScopeFailsBeforeScheduling,1.528,False,False,False
com.guillermomolina.protos.execution.ProtosWorkspacePackageAuthorityIsolationIntegrationTest,workspaceRunDriverDefaultRouteKeepsPreflightAndApplicationNetworkLess,1.47,False,False,False
com.guillermomolina.protos.execution.ProtosTestToolTool012TomlOfficialProgressGroupingTest,selectedSourceShowsOnlyItsSubgroupsAndPreservesTheCaseSet,1.436,False,False,False
com.guillermomolina.protos.execution.ProtosRegexSemanticTransferTest,recordsMaterializeIntoAFreshModuleStateLikeAPWorker(Path),1.309,False,False,False
com.guillermomolina.protos.execution.ProtosExternalPackagePlanningPreflightTest,sameVerifiedCustodiesPlanAfterOriginalSourcesAreDeletedAndRemainBorrowed,1.213,False,False,False
com.guillermomolina.protos.execution.ProtosPackageToolExecutionPlanCaptureTest,transitiveRegistryAndGitCapturesBuildPlanV2,1.204,False,False,False
com.guillermomolina.protos.execution.ProtosPackageToolExecutionPlanCaptureTest,nonlockedVerifiedDescriptorIsRejected,1.203,False,False,False
com.guillermomolina.protos.execution.ProtosPackageRunDriverFailureCustodyTest,wrongMaterializationFailsNthVerificationAndClosesPriorCustody,1.202,False,False,False
com.guillermomolina.protos.cli.ProtosWorkspaceRunCliTest,workspaceRunPassesOnlyPostEntryApplicationArguments,1.147,False,False,False
com.guillermomolina.protos.execution.ProtosRegexSemanticTransferTest,aliasesStayAliasesAndEqualContentStaysDistinct(Path),1.135,False,False,False
com.guillermomolina.protos.cli.ProtosTestToolCaseExecutionPublicIntegrationTest,exactCaseExecutesOnlyThatCase,1.026,False,False,False
com.guillermomolina.protos.cli.ProtosCliTest,testSubcommandBootstrapsBundledToolBeforeCorpusExecution,1.017,False,False,False
com.guillermomolina.protos.execution.ProtosPackageRunDriverTest,workspaceOnlyDefaultPublicRouteKeepsApplicationNetworkLess,0.952,False,False,False
com.guillermomolina.protos.execution.ProtosTestToolTool011ProgressGroupingTest,libraryPathsOutsideTheStandardLibraryGroupsFailClosed,0.951,False,False,False
com.guillermomolina.protos.execution.ProtosRegexSemanticTransferTest,actorSpawnRequestAndReplyRebuildPatternAndMatchInTheirDestination(Path),0.949,False,False,False
com.guillermomolina.protos.execution.ProtosPackageRunDriverFailureCustodyTest,providerMissClosesPriorVerifiedCustodyAndNeverStartsApplication,0.945,False,False,False
com.guillermomolina.protos.cli.ProtosWorkspaceRunCliTest,publicRunBootstrapExecutesAnExactVerifiedExternalPackage,0.943,False,False,False
com.guillermomolina.protos.execution.ProtosPackageToolManifestTest,manifestCommandReadsAcrossMultipleTextReaderChunks,0.941,False,False,False
com.guillermomolina.protos.cli.ProtosWorkspaceRunCliTest,workspaceRunDoesNotConsultTheMaterializationProvider,0.923,False,False,False
com.guillermomolina.protos.execution.ProtosPackageRunDriverTest,workspaceOnlyProjectUsesGenerationOneRouteWithoutConsultingProvider,0.919,False,False,False
com.guillermomolina.protos.execution.ProtosPackageRunDriverTest,workspaceOnlyExplicitGrantSurvivesGenerationOneDelegationWithoutConsultingProvider,0.917,False,False,False
com.guillermomolina.protos.lexer.UnicodeNfc17ConformanceTest,matchesUnicode17NormalizationTestForNfc,0.914,False,False,False
com.guillermomolina.protos.execution.ProtosPackageExecutionPlanAdapterTest,rejectsMalformedGenerationShapeLocationAndRuntimeAlias,0.862,False,False,False
com.guillermomolina.protos.cli.ProtosTestToolCaseRejectionPublicIntegrationTest,unsupportedRefVersionFailsBeforeScheduling,0.817,False,False,False
com.guillermomolina.protos.cli.ProtosTestToolCaseSelectionPublicIntegrationTest,listCasesComposesWithExactSelectionInCasePlanOrder,0.81,False,False,False
com.guillermomolina.protos.cli.ProtosTestToolCaseSelectionPublicIntegrationTest,listCasesWithRefOutsideActiveFileScopeFails,0.806,False,False,False
com.guillermomolina.protos.conformance.ProtosFilesystemLibraryConformanceTest,writeAllBytesBehaviorIsDrivenByProtosCases,0.772,False,False,False
com.guillermomolina.protos.execution.ProtosExternalPackagePlanningPreflightTest,failedPlanningTerminatesProcessWithoutClosingBorrowedCustody,0.722,False,False,False
com.guillermomolina.protos.execution.ProtosTestToolTool011ProgressGroupingTest,listCasesStaysFreeOfProgress,0.71,False,False,False
com.guillermomolina.protos.execution.ProtosLoggingFacilityTest,shortestDecimalRoundTripsWithMinimalDigitsAndNearestChoice,0.679,False,False,False
com.guillermomolina.protos.cli.ProtosLm009DPublicDebugCliTest,publicDebugCommandPublishesReadinessAndRoutesGuestStreamsThroughRealDap,0.641,False,False,False
com.guillermomolina.protos.execution.ProtosTestToolSequentialRunnerTest,sequentialDependencyChainPreservesOrderSkipsUnsupportedAndIsStackBounded,0.621,False,False,False
com.guillermomolina.protos.execution.ProtosTestToolTool012TomlOfficialProgressGroupingTest,malformedSubdividedSelectorsAndUnknownNamesFailClosed,0.578,False,False,False
com.guillermomolina.protos.execution.ProtosI026FDapBehaviorTest,realDapBreakpointScopesValuesAndNextStayFaithfulToProtos,0.569,False,False,False
com.guillermomolina.protos.execution.ProtosWorkspacePackageAuthorityIsolationIntegrationTest,packageToolProjectFilesystemDoesNotCrossDetachedBoundary,0.519,False,False,False
com.guillermomolina.protos.execution.ProtosCommandLineSpecModuleTest,commandCanonicalizesDeepSingleChildChainWithoutDepthLimit,0.516,False,False,False
com.guillermomolina.protos.execution.ProtosRegexSemanticTransferTest,ordinaryLookalikesAndImpostorDescriptorsGainNoRegexAuthority(Path),0.489,False,False,False
com.guillermomolina.protos.execution.ProtosWorkspacePackageAuthorityIsolationIntegrationTest,detachedPlanCrossesFromTerminatedToolProcessIntoDistinctApplicationProcess,0.474,False,False,False
com.guillermomolina.protos.execution.ProtosTestToolCaseSelectionTest,malformedAndUnsupportedRefsFailClosed,0.465,False,False,False
com.guillermomolina.protos.execution.ProtosWorkspacePackagePreflightTest,buildsDetachedPlanInTerminatedToolProcessWithoutMetadataMutation,0.451,False,False,False
com.guillermomolina.protos.execution.ProtosExactExternalRequirementsPreflightTest,workspaceOnlyProjectHasNoExternalRequirements,0.447,False,False,False
com.guillermomolina.protos.execution.ProtosTestToolRepositoryCorpusPlansTest,ordinaryLibraryPlansHaveExactExplicitMembership,0.413,False,False,False
com.guillermomolina.protos.execution.ProtosExactExternalRequirementsPreflightTest,lockNotMatchingCurrentRootManifestFailsClosed,0.375,False,False,False
com.guillermomolina.protos.execution.ProtosExactExternalRequirementsPreflightTest,mixedLockedGraphYieldsEveryExactIdentityInLockOrderAndTerminatesProcess,0.373,False,False,False
com.guillermomolina.protos.execution.ProtosRegexSemanticTransferTest,payloadsAreInertSnapshotsWithoutSubjectProgramOrClosures(Path),0.373,False,False,False
com.guillermomolina.protos.cli.ProtosCliTest,formatFileAndStdinWriteOnlyCanonicalSourceToStdout,0.35,False,False,False
com.guillermomolina.protos.execution.ProtosExactExternalRequirementsPreflightTest,workspaceMembershipMismatchFailsClosed,0.335,False,False,False
com.guillermomolina.protos.cli.ProtosWorkspaceRunCliTest,publicRunMissingExactMaterializationFailsBeforeApplicationExecution,0.333,False,False,False
com.guillermomolina.protos.execution.ProtosTomlParserPathRegressionTest,parsesVeryDeepDottedAssignmentWithoutPathRecursion,0.313,False,False,False
com.guillermomolina.protos.execution.ProtosTestToolStalledCaseDiagnosticFacilityTest,anInvocationWithNothingInFlightIsNeverReported,0.304,False,False,False
com.guillermomolina.protos.execution.ProtosTomlParserIntegerRegressionTest,parsesLongIntegerWithoutHostRecursiveScanning,0.288,False,False,False
com.guillermomolina.protos.execution.ProtosTestToolTool011ProgressGroupingTest,everyCurrentConformanceRootAndManifestPathClassifiesExactly,0.282,False,False,False
com.guillermomolina.protos.execution.ProtosTestToolTool011ProgressGroupingTest,unknownOrMalformedConformancePathsFailClosed,0.28,False,False,False
com.guillermomolina.protos.execution.ProtosExactExternalRequirementsPreflightTest,staleProjectLockFailsClosed,0.278,False,False,False
com.guillermomolina.protos.documentation.ProtosStandardLibraryDocumentationExtractorTest,currentRepositoryStandardLibraryIsExtractableWithoutCoreIdentity,0.27,False,False,False
com.guillermomolina.protos.execution.ProtosWorkspacePackagePreflightTest,staleProjectFailsClosedAndStillTerminatesToolProcess,0.268,False,False,False
com.guillermomolina.protos.execution.ProtosTestToolResourceCatalogSchemaTest,strictVersionShapeIdentityScopeCapacityAndDuplicatesFailClosed,0.262,False,False,False
com.guillermomolina.protos.execution.ProtosTestToolResourceRequirementsSchemaTest,strictVersionFieldsTypesModesAndDuplicatesFailClosed,0.22,False,False,False
com.guillermomolina.protos.cli.ProtosTestToolH2B3PublicIntegrationTest,bundledOptionsOwnExactlyTheRatifiedD069JobsPolicy,0.204,False,False,False
com.guillermomolina.protos.execution.ProtosTestToolTool004BProgressBoundaryTest,d120TerminalObserverSeesOnlyTerminalAttemptsWithoutChangingDefaultScheduling,0.204,False,False,False
com.guillermomolina.protos.execution.ProtosPolyglotExecutionContextTest,closeWaitsForInFlightExecutionThenRejectsLaterEntry,0.203,False,False,False
com.guillermomolina.protos.execution.ProtosTomlParserPathRegressionTest,parsesNestedHeaderPathCorrectly,0.199,False,False,False
com.guillermomolina.protos.cli.ProtosLm009FLanguageServerCliTest,publicLanguageServerCommandRoutesOnlyLspFramingOnStdout,0.189,False,False,False
com.guillermomolina.protos.execution.ProtosRegexSemanticTransferTest,regexMintsFrozenTrustedFamilyValuesWithUnchangedPrivateSurface(Path),0.189,False,False,False
com.guillermomolina.protos.conformance.ProtosFilesystemLibraryConformanceTest,readAllBytesPreservesOrderedContentAcrossMultipleReadWindows,0.182,False,False,False
com.guillermomolina.protos.execution.ProtosTomlParserFlatDocumentRegressionTest,parsesRepeatedFlatAssignmentsCorrectly,0.181,False,False,False
com.guillermomolina.protos.execution.ProtosPackageTestLogicalCaseExecutionFacilityTest,resolvesRealResolutionInputModuleAndItsTransitiveGraphAndStandardLibraryDependencies(Path),0.175,False,False,False
com.guillermomolina.protos.execution.ProtosTestLogicalCaseAttemptBridgeTest,projectTreeAuthorityIsVisibleToSelectedTestInSameProcess,0.172,False,False,False
com.guillermomolina.protos.execution.ProtosTestToolResourceAdmissionBindingTest,missingKeyAndOversizedSharedRequirementFailClosed,0.167,False,False,False
com.guillermomolina.protos.execution.ProtosTestToolPerf017AdmissionTest,processSnapshotUsesTheSameOperationAdmissionSchema(Path),0.166,False,False,False
com.guillermomolina.protos.execution.ProtosAsyncExactExecutionFacilityTest,actorTerminationCancelsStartedSubmissionWhileFacilityKeepsCustody,0.154,False,False,False
com.guillermomolina.protos.execution.ProtosAsyncExactExecutionFacilityTest,closeRetainsCustodyUntilAcceptedHostExecutionSettles,0.154,False,False,False
com.guillermomolina.protos.execution.ProtosPackageContentVerificationTest,verifiedCustodySurvivesToolTerminationAndSourceDeletionForLaterDomain,0.152,False,False,False
com.guillermomolina.protos.execution.ProtosTestToolManifestPlanTest,batchedManifestTraversalDoesNotGrowOneProtosFramePerRow(Path),0.146,False,False,False
com.guillermomolina.protos.execution.ProtosTestToolSuiteGraphTest,repositorySuiteDescriptorsAreFrozen,0.145,False,False,False
com.guillermomolina.protos.execution.ProtosTestToolTool011ProgressGroupingTest,ordinaryLeafOutsideRepositoryPrefixFailsClosed,0.142,False,False,False
com.guillermomolina.protos.execution.ProtosTestToolResourceRequirementsDiscoveryTest,malformedTomlAndSchemaBothFailClosed(Path),0.141,False,False,False
com.guillermomolina.protos.cli.ProtosTestToolI8D5CPublicCutoverTest,bundledProtosOwnsNPlanAggregationAndD114AbortProjection,0.137,False,False,False
com.guillermomolina.protos.execution.ProtosI026FDapTransportTest,realGraalVmDapInstrumentCompletesTcpHandshake,0.137,False,False,False
com.guillermomolina.protos.execution.ProtosTestToolResourceAdmissionBindingTest,sharedAndExclusiveRequirementsBindInDeclarationOrder,0.13,False,False,False
com.guillermomolina.protos.execution.ProtosTestToolManifestPlanTest,manifestAndNestedCorpusSourceAreConsumedByProtosPolicy(Path),0.126,False,False,False
com.guillermomolina.protos.execution.ProtosCommandLineSpecModuleTest,a1RejectsMalformedNamesCardinalitiesAndDuplicateCommandMembers,0.125,False,False,False
com.guillermomolina.protos.execution.ProtosTestToolManifestPlanTest,requirementModeUnitsValidationAcceptsOnlyRatifiedShapes,0.125,False,False,False
com.guillermomolina.protos.execution.ProtosFormatterToolBootstrapTest,preservesCanonicalSemanticAstWithoutExecutingSource,0.124,False,False,False
com.guillermomolina.protos.execution.ProtosTestToolProjectTreePlanTest,d133RealProjectTreeCorporaMaterializeCompletelyBeforeScheduling,0.124,False,False,False
com.guillermomolina.protos.execution.ProtosTestToolManifestPlanTest,d132CaseOutcomeLoaderFailsClosedOnMalformedRows(Path),0.122,False,False,False
com.guillermomolina.protos.execution.ProtosTestToolResourceCatalogCompositionTest,selectedPathAcquiresDecodesAndParsesExactlyOnce,0.117,False,False,False
com.guillermomolina.protos.execution.ProtosStandardPolyglotEmbeddingTest,unsupportedJavaArgumentsAreRejectedBeforeGuestExecution,0.115,False,False,False
com.guillermomolina.protos.execution.ProtosTestToolTool011ProgressGroupingTest,progressGroupsFollowLeafIdentityRatherThanPosition,0.112,False,False,False
com.guillermomolina.protos.execution.ProtosTestToolResourceCatalogCompositionTest,malformedCatalogStillFailsClosedAfterAcquisitionComposition,0.11,False,False,False
com.guillermomolina.protos.execution.ProtosTomlParserNestedValueRegressionTest,parsesDeepNestedInlineTablesWithoutHostRecursiveNesting,0.11,False,False,False
com.guillermomolina.protos.execution.ProtosTomlEncoderDeepContainerRegressionTest,encodesHistoricallyFailingInlineTableDepthWithoutHostRecursiveTraversal,0.107,False,False,False
com.guillermomolina.protos.execution.ProtosTomlParserFloatTemporalRegressionTest,parsesLongFloatFractionWithoutHostRecursiveScanning,0.106,False,False,False
com.guillermomolina.protos.execution.ProtosTestToolI8D4C3RunnerRoundDrainTest,d108RunnerDrainsRoundReleasesOnlySafeCapacityAndFailStopsWithoutFabrication,0.105,False,False,False
com.guillermomolina.protos.execution.ProtosTestToolSuiteGraphTest,repositorySuiteUsesRatifiedRootAndExactCurrentLeafOrder,0.105,False,False,False
com.guillermomolina.protos.execution.ProtosTomlParserFloatTemporalRegressionTest,parsesLongTemporalFractionWithoutHostRecursiveScanning,0.105,False,False,False
com.guillermomolina.protos.execution.ProtosNioTcpConnectionWriteTest,largeWriteRetainsOrderedProgressAcrossPostFirstEffectCancellation,0.104,False,False,False
com.guillermomolina.protos.execution.ProtosTestToolManifestPlanTest,requirementResourceKeyValidationAcceptsCanonicalAndRejectsMalformedKeys,0.103,False,False,False
com.guillermomolina.protos.execution.ProtosTomlParserFloatTemporalRegressionTest,parsesLongFloatExponentWithoutHostRecursiveScanning,0.103,False,False,False
com.guillermomolina.protos.execution.ProtosTomlParserNestedValueRegressionTest,parsesDeepNestedArraysWithoutHostRecursiveNesting,0.103,False,False,False
com.guillermomolina.protos.execution.ProtosTestToolPackageFailedExecutionTest,failedPackageFixtureArrivesAsCallerPreludeError,0.101,False,False,False
com.guillermomolina.protos.runtime.ProtosActorMailboxSchedulerTest,oneActorNeverRunsTwoSegmentsConcurrently,0.101,False,False,False
com.guillermomolina.protos.execution.ProtosTestToolRepositoryCorpusPlansTest,csvAndShaCasesRemainOrderedAndAreSuiteNative,0.099,False,False,False
com.guillermomolina.protos.execution.ProtosTestToolResourceCatalogSchemaTest,versionOnlyCatalogProducesFreshFrozenEmptyEntryArray,0.099,False,False,False
com.guillermomolina.protos.execution.ProtosTestToolFloatNanExpectationsTest,malformedNanPayloadFailsClosed,0.098,False,False,False
com.guillermomolina.protos.execution.ProtosTomlParserLexicalKeyRegressionTest,parsesLongInlineBareKeyWithoutHostRecursiveLexicalScanning,0.098,False,False,False
com.guillermomolina.protos.execution.ProtosNioTcpConnectionWriteTest,readAndWriteProgressRemainIndependent,0.097,False,False,False
com.guillermomolina.protos.execution.ProtosTestToolFloatBitsExpectationsTest,rawNanPatternFailsClosedBecauseNanUsesFloatNanPolicy,0.096,False,False,False
com.guillermomolina.protos.execution.ProtosTestToolFloatBitsParserTest,malformedLengthFailsClosed,0.096,False,False,False
com.guillermomolina.protos.execution.ProtosTestToolFloatBitsParserTest,nonHexDigitFailsClosed,0.096,False,False,False
com.guillermomolina.protos.execution.ProtosTestToolErrorParentExpectationsTest,unknownExpectedErrorPrototypeFailsClosed,0.095,False,False,False
com.guillermomolina.protos.execution.ProtosTestToolSimpleExpectationsTest,malformedExpectedIntegerFailsClosedAsToolPolicyError,0.095,False,False,False
com.guillermomolina.protos.execution.ProtosTestToolExactBinary64Test,rawPatternBelowUnsigned64DomainFailsClosed,0.094,False,False,False
com.guillermomolina.protos.execution.ProtosTestToolExactBinary64Test,negativeNanRawPatternFailsClosed,0.094,False,False,False
com.guillermomolina.protos.execution.ProtosTestToolFutureTerminalMechanismTest,failedAndCancelledFutureExpectationsStayInsideFreshChildProcess,0.094,False,False,False
com.guillermomolina.protos.execution.ProtosTestToolClosureFreshExpectationsTest,malformedExpectedErrorPrototypeFailsClosed,0.093,False,False,False
com.guillermomolina.protos.execution.ProtosTestToolExactBinary64Test,positiveNanRawPatternFailsClosed,0.093,False,False,False
com.guillermomolina.protos.execution.ProtosTestToolI8CResourceRoundSchedulingTest,fixedHWindowsUseStableResourceRounds,0.093,False,False,False
com.guillermomolina.protos.execution.ProtosTestToolSimpleExpectationsTest,unsupportedExpectationKindFailsClosedAsToolPolicyError,0.093,False,False,False
com.guillermomolina.protos.execution.ProtosTomlParserArrayOfTablesRegressionTest,parsesRepeatedArrayOfTablesCorrectly,0.092,False,False,False
com.guillermomolina.protos.execution.ProtosTestToolExactBinary64Test,rawPatternAboveUnsigned64DomainFailsClosed,0.091,False,False,False
com.guillermomolina.protos.execution.ProtosTestToolResourceRequirementsSchemaTest,versionOnlyDocumentProducesFreshFrozenEmptyDeclarationArray,0.091,False,False,False
com.guillermomolina.protos.execution.ProtosPackageContentVerificationTest,digestMismatchFailsClosedAndStillTerminatesToolProcess,0.089,False,False,False
com.guillermomolina.protos.execution.ProtosTomlParserLexicalStringTriviaRegressionTest,parsesLongBasicStringWithoutHostRecursiveLexicalScanning,0.086,False,False,False
com.guillermomolina.protos.execution.ProtosTestToolCaseSelectionTest,v1SpellingIsFrozen,0.085,False,False,False
com.guillermomolina.protos.execution.ProtosTestToolResourceAdmissionBindingTest,sharedRequirementMayConsumeExactlyTheCatalogCapacity,0.085,False,False,False
com.guillermomolina.protos.execution.ProtosTestToolFloatNanExpectationsTest,detachedFreshProcessNanRetainsSemanticFloatIdentity,0.084,False,False,False
com.guillermomolina.protos.execution.ProtosTestToolSequentialRunnerTest,publicRunnerWrapperComposesConfinedSourceLoadingAndFreshProcessExecution(Path),0.084,False,False,False
com.guillermomolina.protos.execution.ProtosTestToolBug010ProgressTemporalVisibilityTest,progressMilestoneIsObservableBeforeRemainingLogicalCasesComplete,0.083,False,False,False
com.guillermomolina.protos.execution.ProtosTestToolFutureResolvedMechanismTest,resolvedFutureExpectationsStayInsideFreshChildProcess,0.083,False,False,False
com.guillermomolina.protos.execution.ProtosTestToolResourceAdmissionBindingTest,bindCaseReadsOnlyTheExistingCaseSpecRequirementCarrier,0.083,False,False,False
com.guillermomolina.protos.execution.ProtosFormatterToolBootstrapTest,preservesPositionIndependentSourceProjection,0.082,False,False,False
com.guillermomolina.protos.execution.ProtosTestToolSimpleExpectationsTest,simpleExpectationPolicyAndNormalMismatchesAreOwnedByProtos,0.082,False,False,False
com.guillermomolina.protos.execution.ProtosTomlParserLexicalStringTriviaRegressionTest,parsesLongLiteralStringWithoutHostRecursiveLexicalScanning,0.082,False,False,False
com.guillermomolina.protos.cli.ProtosCliTest,directFileLocalImportsAreCanonicalImporterRelativeAndConfined,0.081,False,False,False
com.guillermomolina.protos.execution.ProtosTestToolErrorParentExpectationsTest,standardTaxonomyAndImmediateParentPolicyAreOwnedByProtos,0.081,False,False,False
com.guillermomolina.protos.execution.ProtosTestToolFileOptionTest,missingSelectorValuesFailClosed,0.081,False,False,False
com.guillermomolina.protos.execution.ProtosTestToolH2B2BoundedDCaseSchedulingTest,oneProtosBoundCoversExecutionWrappingAndInspectionRoutes,0.081,False,False,False
com.guillermomolina.protos.execution.ProtosTestToolFloatNanExpectationsTest,semanticNanPolicyAndNormalMismatchesAreOwnedByProtos,0.079,False,False,False
com.guillermomolina.protos.execution.ProtosTomlDataModelModuleTest,semanticDataTransfersAcrossActorsWhileModuleRemainsActorLocal,0.079,False,False,False
com.guillermomolina.protos.execution.ProtosTestToolFutureObservationPolicyFixtureSuiteTest,futureObservationPolicyFixtures()[2],0.077,False,False,False
com.guillermomolina.protos.execution.ProtosTestToolFloatBitsExpectationsTest,detachedFreshProcessPreservesExactFloatBitsIncludingSignedZero,0.076,False,False,False
com.guillermomolina.protos.execution.ProtosTestToolFloatBitsExpectationsTest,exactFloatBitsPolicyAndNormalMismatchesAreOwnedByProtos,0.076,False,False,False
com.guillermomolina.protos.execution.ProtosTestToolH2B1BoundedSimpleSchedulingTest,protosPolicyBoundsDirectAsyncAdmissionAndRetainsPlanOrder,0.076,False,False,False
com.guillermomolina.protos.execution.ProtosTestToolClosureFreshExpectationsTest,closureFreshPolicyStaysInsideFreshChildProcess,0.075,False,False,False
com.guillermomolina.protos.execution.ProtosTestToolFutureStoredInspectionFixtureSuiteTest,futureStoredInspectionFixtures()[19],0.074,False,False,False
com.guillermomolina.protos.execution.ProtosTestToolTool004CProgressPresentationTest,d120CandidateERendersBoundedMilestonesFailuresAndPhaseSummaries,0.074,False,False,False
com.guillermomolina.protos.execution.ProtosTomlParserLexicalKeyRegressionTest,parsesLongQuotedKeyWithoutHostRecursiveLexicalScanning,0.074,False,False,False
com.guillermomolina.protos.execution.ProtosPackageTestLogicalCaseExecutionFacilityTest,resolvesRealManifestSchemaV1AndItsLazyStandardTomlImport(Path),0.073,False,False,False
com.guillermomolina.protos.execution.ProtosTestToolExactBinary64Test,exactBinary64ConstructionAndSemanticIdentityAreOwnedByProtos,0.073,False,False,False
com.guillermomolina.protos.execution.ProtosTomlEncoderDeepContainerRegressionTest,encodesHistoricallyFailingArrayDepthWithoutHostRecursiveTraversal,0.073,False,False,False
com.guillermomolina.protos.execution.ProtosTestToolFloatBitsParserTest,strictSixteenHexPayloadParsesToExactUnboundedInteger,0.072,False,False,False
com.guillermomolina.protos.execution.ProtosTestToolFutureStoredInspectionFixtureSuiteTest,futureStoredInspectionFixtures()[17],0.072,False,False,False
com.guillermomolina.protos.execution.ProtosTestToolResourceCatalogOptionTest,missingAndRepeatedOccurrencesFailClosed,0.072,False,False,False
com.guillermomolina.protos.execution.ProtosTestToolResourceRequirementsJoinTest,completePlanJoinPreservesCaseAndRequirementOrderWithoutCreatingCases,0.072,False,False,False
com.guillermomolina.protos.execution.ProtosTestToolResourceReservationKernelTest,stateAndBindingsFromDifferentCatalogSnapshotsFailClosed,0.072,False,False,False
com.guillermomolina.protos.execution.ProtosPackageToolContentIdentityTest,contentIdentityProductionCanonicalizerRejectsInvalidLogicalTrees,0.071,False,False,False
com.guillermomolina.protos.execution.ProtosTestToolFutureStoredInspectionFixtureSuiteTest,futureStoredInspectionFixtures()[20],0.071,False,False,False
com.guillermomolina.protos.execution.ProtosPackageToolContentIdentityTest,contentIdentityVerifierRejectsUnsupportedOrMalformedRecordedIdentity,0.07,False,False,False
com.guillermomolina.protos.execution.ProtosPackageToolMetadataPersistenceTest,lockFileInvalidModelCreatesNoStageAndPreservesTarget,0.07,False,False,False
com.guillermomolina.protos.execution.ProtosTestToolFutureStoredInspectionFixtureSuiteTest,futureStoredInspectionFixtures()[18],0.07,False,False,False
com.guillermomolina.protos.execution.ProtosTestToolResourceCatalogSchemaTest,validCatalogPreservesOrderAndCanonicalInertFields,0.07,False,False,False
com.guillermomolina.protos.execution.ProtosTestToolTool011ProgressGroupingTest,repositoryLeavesPresentExactConformanceAndSuiteIdDerivedGroups,0.07,False,False,False
com.guillermomolina.protos.execution.ProtosTestToolFutureObservationPolicyFixtureSuiteTest,futureObservationPolicyFixtures()[1],0.069,False,False,False
com.guillermomolina.protos.execution.ProtosTestToolFutureObservationPolicyFixtureSuiteTest,futureObservationPolicyFixtures()[3],0.069,False,False,False
com.guillermomolina.protos.execution.ProtosTestToolFutureObservationPolicyFixtureSuiteTest,futureObservationPolicyFixtures()[5],0.069,False,False,False
com.guillermomolina.protos.execution.ProtosTestToolFutureObservationPolicyFixtureSuiteTest,futureObservationPolicyFixtures()[6],0.069,False,False,False
com.guillermomolina.protos.execution.ProtosTestToolFutureStoredExpectationRecognitionTest,bundledProtosRecognizesOnlyExactStoredObservationCaseSpec,0.069,False,False,False
com.guillermomolina.protos.execution.ProtosTestToolPackageExecutionEnvironmentTest,packageExecutionUsesExactBundledPackageResolverInFreshProcess,0.069,False,False,False
com.guillermomolina.protos.execution.ProtosTestToolResourceRequirementsJoinTest,requirementForExistingButLaterUnselectedCaseIsNotOrphan,0.069,False,False,False
com.guillermomolina.protos.execution.ProtosTestToolSourceLoaderTest,bundledProtosLoaderReadsCompleteUtf8SourceAcrossReadBatchBoundary,0.069,False,False,False
com.guillermomolina.protos.execution.ProtosTestToolErrorParentExpectationsTest,sequentialRunnerSelectsErrorParentButStillSkipsFloat,0.068,False,False,False
com.guillermomolina.protos.execution.ProtosTestToolFloatBitsParserTest,parserRemainsAvailableAfterFloatBitsActivation,0.068,False,False,False
com.guillermomolina.protos.execution.ProtosTestToolClosureFreshExpectationsTest,sequentialRunnerSelectsClosureFreshButSkipsUnsupportedExpectation,0.067,False,False,False
com.guillermomolina.protos.execution.ProtosTestToolFloatBitsExpectationsTest,sequentialRunnerSelectsFloatBitsButStillSkipsUnsupportedExpectation,0.067,False,False,False
com.guillermomolina.protos.execution.ProtosTestToolFloatNanExpectationsTest,sequentialRunnerSelectsNanButStillSkipsFloatBits,0.067,False,False,False
com.guillermomolina.protos.execution.ProtosTestToolI8D5BTestRunOutcomeProjectionTest,d114ProjectionPreservesHealthyRunAndExactInfrastructureAbortEvidence,0.067,False,False,False
com.guillermomolina.protos.execution.ProtosTestToolResourceReservationKernelTest,multiResourceReservationIsAtomicWhenOnePoolIsContended,0.067,False,False,False
com.guillermomolina.protos.execution.ProtosPackageToolManifestTest,manifestCommandReadsValidManifest,0.066,False,False,False
com.guillermomolina.protos.execution.ProtosTestToolErrorParentExpectationsTest,detachedFreshProcessErrorsRetainStandardImmediateParentIdentity,0.066,False,False,False
com.guillermomolina.protos.execution.ProtosTestToolFutureObservationPolicyFixtureSuiteTest,futureObservationPolicyFixtures()[4],0.066,False,False,False
com.guillermomolina.protos.execution.ProtosTestToolResourceCatalogCompositionTest,absenceBuildsFrozenEmptyCatalogWithoutInvokingAcquirer,0.066,False,False,False
com.guillermomolina.protos.execution.ProtosTestToolSuiteGraphTest,repositorySuiteUsesRatifiedD125RequirementsInLeafOrder,0.066,False,False,False
com.guillermomolina.protos.execution.ProtosTestToolCaseSelectionTest,listingProjectsCasePlanOrderWithoutInvokingBodies,0.065,False,False,False
com.guillermomolina.protos.execution.ProtosTestToolFileOptionTest,positionalAndAttachedFormsRemainIgnored,0.065,False,False,False
com.guillermomolina.protos.execution.ProtosTestToolTool009ALifecycleReporterTest,lifecycleTrackerForwardsTokensAndDisplayReferencesToTheWatchdogSink,0.065,False,False,False
com.guillermomolina.protos.execution.ProtosPackageToolMetadataPersistenceTest,lockFileRejectsNonCanonicalContent,0.064,False,False,False
com.guillermomolina.protos.execution.ProtosTestToolSuiteGraphTest,repositorySuiteUsesRatifiedD126CorporaInLeafOrder,0.064,False,False,False
com.guillermomolina.protos.execution.ProtosTestToolExactBinary64Test,mechanismRemainsAvailableAfterFloatBitsActivation,0.063,False,False,False
com.guillermomolina.protos.execution.ProtosPackageContentVerificationTest,unsupportedIdentityShapeAndInvalidCapturedTreeFailThroughProtosPolicy,0.062,False,False,False
com.guillermomolina.protos.execution.ProtosTestToolCaseSelectionTest,authorityDistinguishingAssociationDataChangesRefButNotDisplay,0.062,False,False,False
com.guillermomolina.protos.execution.ProtosTestToolResourceRequirementsDiscoveryTest,orphanRequirementFailsDuringFullPlanJoin(Path),0.062,False,False,False
com.guillermomolina.protos.execution.ProtosTestToolResourceReservationKernelTest,exclusiveReservationRequiresSoleOccupancyAndBlocksShared,0.062,False,False,False
com.guillermomolina.protos.execution.ProtosTomlParserLexicalStringTriviaRegressionTest,parsesWhitespaceAndArrayTriviaCorrectly,0.062,False,False,False
com.guillermomolina.protos.cli.ProtosCliTest,standaloneProcessEnvironmentActorAndEncodingAreBootstrapped,0.061,False,False,False
com.guillermomolina.protos.execution.ProtosTestToolResourceRequirementsDiscoveryTest,exactRegularSidecarIsReadParsedAndJoined(Path),0.061,False,False,False
com.guillermomolina.protos.execution.ProtosTestToolResourceReservationKernelTest,staleDuplicateReleaseFailsBeforeTouchingANewerReservation,0.061,False,False,False
com.guillermomolina.protos.cli.ProtosCli008C1GuestStackCliTest,handledErrorPrintsNoGuestStack,0.06,False,False,False
com.guillermomolina.protos.execution.ProtosTestToolResourceRequirementsSchemaTest,sameLogicalKeyAcrossDifferentCasesRemainsValid,0.06,False,False,False
com.guillermomolina.protos.lexer.UnicodeXid17ConformanceTest,matchesUnicode17XidPropertiesForEveryCodePoint,0.06,False,False,False
com.guillermomolina.protos.execution.ProtosTestToolResourceRequirementsSchemaTest,validDocumentPreservesOrderAndBuildsCanonicalFrozenRequirements,0.059,False,False,False
com.guillermomolina.protos.execution.ProtosTestToolResourceReservationKernelTest,sharedReservationsConsumeCapacityAndReleaseRestoresIt,0.059,False,False,False
com.guillermomolina.protos.execution.ProtosFormatterToolBootstrapTest,reparsesDeterministicallyAndIsExactlyIdempotent,0.058,False,False,False
com.guillermomolina.protos.execution.ProtosPackageToolMetadataPersistenceTest,lockFilePublishesCanonicalBytes,0.058,False,False,False
com.guillermomolina.protos.cli.ProtosCliLearningMaterialsTest,printDependentLearningMaterialsRunThroughStandaloneCli()[16],0.057,False,False,False
com.guillermomolina.protos.execution.ProtosPackageToolMetadataPersistenceTest,lockFileLoadsCanonicalContent,0.057,False,False,False
com.guillermomolina.protos.execution.ProtosPackageToolManifestTest,manifestCommandReportsInvalidSchema,0.054,False,False,False
com.guillermomolina.protos.execution.ProtosPackageToolMetadataPersistenceTest,lockFileMissingUsesOrdinaryIoFailure,0.053,False,False,False
com.guillermomolina.protos.execution.ProtosTestToolResourceReservationKernelTest,resourceFreeReservationIsFrozenAndHasNoLiveRegistryCost,0.053,False,False,False
com.guillermomolina.protos.execution.ProtosTestToolStalledCaseDiagnosticFacilityTest,watchdogEmitsOneBoundedSnapshotWhenTerminalProgressStops,0.053,False,False,False
com.guillermomolina.protos.execution.ProtosNetworkingFoundationFinalConformanceTest,productionNetworkingClosesAcrossScaleDuplexLifecycleAndIsolation,0.052,False,False,False
com.guillermomolina.protos.execution.ProtosTestToolResourceRequirementsJoinTest,referencedAmbiguousCaseIdentityFailsBecauseD091RequiresExactlyOneCaseSpec,0.051,False,False,False
com.guillermomolina.protos.execution.ProtosTestToolResourceRequirementsJoinTest,orphanDeclarationFailsClosedBeforeAnyLaterSelection,0.051,False,False,False
com.guillermomolina.protos.cli.ProtosCliTest,formatSymlinkToRegularFileIsReadOnly,0.049,False,False,False
com.guillermomolina.protos.execution.ProtosTestToolResourceRequirementsDiscoveryTest,exactNonRegularSiblingFailsClosed(Path),0.048,False,False,False
com.guillermomolina.protos.execution.ProtosPackageToolMetadataPersistenceTest,lockFileStageCollisionPreservesExistingLockAndStage,0.047,False,False,False
com.guillermomolina.protos.execution.ProtosTestToolResourceAdmissionBindingTest,duplicateCatalogKeysFailClosedDefensively,0.047,False,False,False
com.guillermomolina.protos.execution.ProtosTestToolResourceRequirementsDiscoveryTest,exactAbsencePreservesTheResourceFreePlan(Path),0.046,False,False,False
com.guillermomolina.protos.execution.ProtosNativeGeneratedStructurePolicyTest,generatedBytecodeShapeAndNativeInitPolicyRemainAligned,0.045,False,False,False
com.guillermomolina.protos.execution.ProtosTestToolResourceAdmissionBindingTest,resourceFreeRequirementsBindToFrozenEmptySet,0.045,False,False,False
com.guillermomolina.protos.execution.ProtosTestToolResourceRequirementsDiscoveryTest,wrongCaseSiblingDoesNotAliasTheExactD094Name(Path),0.045,False,False,False
com.guillermomolina.protos.execution.ProtosTestToolCaseSelectionTest,inactiveSelectionRetainsEveryDiscoveredCase,0.044,False,False,False
com.guillermomolina.protos.runtime.ProtosActorTerminationTest,observationRegistrationAndTerminationRaceHasNoLostWakeup,0.044,False,False,False
com.guillermomolina.protos.execution.ProtosTestToolManifestPlanTest,caseSpecRequirementAttachmentRejectsDuplicateCaseKeyWithoutMerging,0.042,False,False,False
com.guillermomolina.protos.lsp.ProtosLanguageServerFormattingTest,realToolchainFormatterFormatsOpenBufferAndIgnoresEditorOptions,0.042,False,False,False
com.guillermomolina.protos.execution.ProtosForeignValueAdmissionTest,sourceClassifiedLosslessScalarsConvertAndEverythingElseStaysRaw,0.041,False,False,False
com.guillermomolina.protos.execution.ProtosTestToolCaseSelectionTest,canonicalRefCollisionIsToolAuthorityError,0.041,False,False,False
com.guillermomolina.protos.execution.ProtosTestToolFileOptionTest,selectorsJobsAndResourceCatalogRemainOrthogonal,0.041,False,False,False
com.guillermomolina.protos.execution.ProtosTomlDataModelModuleTest,importedModuleExportsExactlyLib010ASemanticConstructors,0.04,False,False,False
com.guillermomolina.protos.cli.ProtosCli008C1GuestStackCliTest,replPresentsTheGuestStackOfAnUncaughtUnit,0.039,False,False,False
com.guillermomolina.protos.execution.ProtosActorTestLogicalCaseExecutionFacilityTest,eachCaseGetsAnIsolatedActorIncarnationNotSharedWithAPriorCase(Path),0.039,False,False,False
com.guillermomolina.protos.execution.ProtosNioNetworkProvisioningTest,provisionedHostNetworkComposesListenConnectAcceptAndDuplex,0.039,False,False,False
com.guillermomolina.protos.execution.ProtosNioTcpConnectionLifecycleTest,shutdownWriteEndsOnlyOutputAfterEarlierBytes,0.038,False,False,False
com.guillermomolina.protos.cli.ProtosCliTest,helpVersionAndNonInteractiveResultPolicy,0.037,False,False,False
com.guillermomolina.protos.execution.ProtosCollectionsSetMutationModuleTest,mutationStateIsExactlyTheUnderlyingMapState,0.037,False,False,False
com.guillermomolina.protos.execution.ProtosRegexSemanticTransferTest,regexFamilyIsRegisteredOnceAndOrdinaryTransferNeverLoadsRegex(Path),0.037,False,False,False
com.guillermomolina.protos.execution.ProtosTestToolCaseSelectionTest,refOfUndiscoveredSourceFailsCompleteness,0.037,False,False,False
com.guillermomolina.protos.cli.ProtosCliTest,evalAndFileApplicationArgumentsExcludeLauncherIdentity,0.036,False,False,False
com.guillermomolina.protos.cli.ProtosTestToolI8D5AHostRegistryBootstrapTest,productionHostScopeInstallsC1C2WithExplicitEmptyRegistryAndUnknownProviderFailsClosed,0.036,False,False,False
com.guillermomolina.protos.execution.ProtosRegexUnicodeFacilityTest,caseClosureFollowsSimpleCaseFolding,0.036,False,False,False
com.guillermomolina.protos.execution.ProtosTestToolCaseSelectionTest,exactSelectionRetainsExistingEntriesInCasePlanOrder,0.036,False,False,False
com.guillermomolina.protos.execution.ProtosTestToolCaseSelectionTest,wellFormedUnknownRefFailsCompleteness,0.036,False,False,False
com.guillermomolina.protos.cli.ProtosReplTest,persistenceCommandsEofAndRecovery,0.035,False,False,False
com.guillermomolina.protos.documentation.ProtosSourceDocumentationTest,identifiesNamedSlotCreationOwnersInSourceOrder,0.035,False,False,False
com.guillermomolina.protos.execution.ProtosRegexUnicodeFacilityTest,rangesAnswerFrozenScalarSetsOrNull,0.035,False,False,False
com.guillermomolina.protos.execution.ProtosTestToolCaseSelectionTest,optionsRetainListFlagAndRepeatedCaseRefsInCliOrder,0.035,False,False,False
com.guillermomolina.protos.execution.ProtosTestToolCaseSelectionTest,repeatedExactRefFailsInsteadOfDeduplicating,0.035,False,False,False
com.guillermomolina.protos.execution.ProtosTestToolLib011OptionsAdoptionTest,toolOwnedPolicyConformsThroughLib011InProtos,0.035,False,False,False
com.guillermomolina.protos.cli.ProtosCli008C1GuestStackCliTest,evalPresentsTheGuestStackAfterTheErrorSummary,0.034,False,False,False
com.guillermomolina.protos.cli.ProtosReplTest,diagnosticInspectionIsSeparatedFromPrintAndShowsLocalObjectState,0.034,False,False,False
com.guillermomolina.protos.conformance.ProtosFilesystemLibraryConformanceTest,wholeTextHelpersBehaviorIsDrivenByProtosCases,0.034,False,False,False
com.guillermomolina.protos.execution.ProtosCommandLineSpecModuleTest,optionAndPositionalConstructorsReturnFreshCanonicalFrozenRecords,0.034,False,False,False
com.guillermomolina.protos.execution.ProtosTestToolCaseSelectionTest,identityIsSourceIdentityPlusSelectorOnly,0.034,False,False,False
com.guillermomolina.protos.cli.ProtosCli008C1GuestStackCliTest,fileRunPresentsTheGuestStack(Path),0.033,False,False,False
com.guillermomolina.protos.execution.ProtosFormatterToolBootstrapTest,formatsObjectsClosuresAndTrailingClosuresInBundledProtos,0.033,False,False,False
com.guillermomolina.protos.execution.ProtosPackageTestLogicalCaseExecutionFacilityTest,resolvesRealLockDocumentModuleAndItsTransitiveLockSyntaxDependency(Path),0.031,False,False,False
com.guillermomolina.protos.execution.ProtosPerf025CallbackConsumerSpecializationTest,contextRemainsAnObserver,0.031,False,False,False
com.guillermomolina.protos.execution.ProtosTestToolManifestPlanTest,separatePackageTomlFilesystemLoadsRealCorpusWithoutExecutingFixtures(Path),0.031,False,False,False
com.guillermomolina.protos.execution.ProtosPackageTestLogicalCaseExecutionFacilityTest,resolvesPackageRuntimeNamesOverlayAndExecutesSelectedTestExactlyOnce(Path),0.03,False,False,False
com.guillermomolina.protos.execution.ProtosPerf025CallbackConsumerSpecializationTest,canonicalIntegerWhileShapeStaysLazy,0.03,False,False,False
com.guillermomolina.protos.execution.ProtosTestToolPerf017AdmissionTest,ordinaryLogicalCaseEmitsTheOperationAdmissionSequence(Path),0.03,False,False,False
com.guillermomolina.protos.cli.ProtosReplTest,multilineCounterClosureIncrementsAcrossCalls,0.029,False,False,False
com.guillermomolina.protos.execution.ProtosPerf026D2AssociationEachInlineCallbackTest,mismatchedArityLiteralsKeepOrdinaryInvocationTimeArityErrors,0.029,False,False,False
com.guillermomolina.protos.execution.ProtosPerf026D2AssociationEachInlineCallbackTest,unsupportedLiteralShapesRetainStructuredEach,0.029,False,False,False
com.guillermomolina.protos.runtime.ProtosActorCrossDomainConformanceTest,readyVersusCancellationRaceNeverDuplicatesGroupDelivery,0.029,False,False,False
com.guillermomolina.protos.cli.ProtosTestToolCorpusRegistryTest,missingSourceFacilityFailsClosedBeforePublication,0.028,False,False,False
com.guillermomolina.protos.execution.ProtosNioTcpListenerBackendTest,ipv4ListenerKeepsMultipleAcceptsIndependentAndCancellationDoesNotConsumeNextPeer,0.028,False,False,False
com.guillermomolina.protos.execution.ProtosTestToolSuiteGraphTest,d123CanonicalSuiteIdsRejectNonCanonicalForms,0.028,False,False,False
com.guillermomolina.protos.cli.ProtosTestToolCorpusRegistryTest,registryIsExactInvocationScopedFrozenAndExecutionFree,0.027,False,False,False
com.guillermomolina.protos.execution.ProtosTestToolManifestPlanTest,packageTomlManifestPlanningIsOwnedByBundledProtos(Path),0.027,False,False,False
com.guillermomolina.protos.execution.ProtosTestToolProjectTreePlanTest,d133ProjectTreeLoaderNormalizesCaseIdentitySourceAndAuthority(Path),0.027,False,False,False
com.guillermomolina.protos.execution.ProtosCommandLineSpecModuleTest,commandCanonicalizesSnapshotsAndFreezesCompleteNestedGraph,0.026,False,False,False
com.guillermomolina.protos.execution.ProtosFormatterToolBootstrapTest,wrapsColonAssignmentAndClosureArrowAtSoftHundredColumns,0.026,False,False,False
com.guillermomolina.protos.execution.ProtosTestLogicalCaseAttemptBridgeTest,reusesOneCorePreludeWhileEachCaseKeepsItsOwnLocalModuleResolver(Path),0.026,False,False,False
com.guillermomolina.protos.execution.ProtosPackageTestLogicalCaseExecutionFacilityTest,resolvesRealRetainedVersionSelectionAndItsTransitiveFreshAndConstraintGraph(Path),0.025,False,False,False
com.guillermomolina.protos.execution.ProtosTestToolFileOptionTest,repeatedFileOccurrencesAreRetainedInCliOrder,0.025,False,False,False
com.guillermomolina.protos.cli.ProtosCliTest,packageSubcommandRunsBundledProtosToolWithProcessArgsStdoutAndRestrictedFilesystem,0.024,False,False,False
com.guillermomolina.protos.cli.ProtosCliTest,evalAndDirectFileApplicationsReceiveNoNetwork,0.024,False,False,False
com.guillermomolina.protos.cli.ProtosReplTest,processArgumentsRenderAsOrdinaryArray,0.024,False,False,False
com.guillermomolina.protos.execution.ProtosCommandLineSpecModuleTest,commandRejectsActivePathCyclesButAcceptsCompletedSharedDescriptors,0.024,False,False,False
com.guillermomolina.protos.execution.ProtosNioTcpListenerBackendTest,ipv6NullListenerUsesConcreteAuthorizedAddressAndDoesNotAdmitIpv4,0.024,False,False,False
com.guillermomolina.protos.execution.ProtosPackageToolContentIdentityTest,contentIdentityRecordShapeSurvivesSuspendingContentRead,0.024,False,False,False
com.guillermomolina.protos.execution.ProtosPackageToolContentIdentityTest,contentIdentityProductionCanonicalizerRejectsCapturedLinkWithoutFollowingIt,0.024,False,False,False
com.guillermomolina.protos.execution.ProtosPerf006B4GControlUnwindClosureTest,retainedCrossProductEvidencePassesTogether,0.024,False,False,False
com.guillermomolina.protos.execution.ProtosStandardPolyglotEmbeddingTest,javaArgumentArityErrorIsAGuestErrorAndFatal,0.024,False,False,False
com.guillermomolina.protos.cli.ProtosCliTest,sessionTerminationDrainsCancelledSuspendedRootTaskBeforeAwaitingProcess,0.023,False,False,False
com.guillermomolina.protos.cli.ProtosReplTest,bracketedPastePayloadExecutesAsOneCompilationUnit,0.023,False,False,False
com.guillermomolina.protos.cli.ProtosReplTest,multilineRecursiveFactorialUsesStandardNumberOrderingAcrossEvaluations,0.023,False,False,False
com.guillermomolina.protos.execution.ProtosActorTestLogicalCaseExecutionFacilityTest,selectorMismatchIsRejectedWithoutExecutingTheBody(Path),0.023,False,False,False
com.guillermomolina.protos.execution.ProtosAud007DapPortOwnershipTest,noTestConfiguresADapAddressOtherThanTheEphemeralLoopback,0.023,False,False,False
com.guillermomolina.protos.execution.ProtosCli008C1DiagnosticTraceTest,independentExecutionsDoNotShareTraces,0.023,False,False,False
com.guillermomolina.protos.execution.ProtosTestToolFileOptionTest,exactSeparateFileTokenReturnsLiteralLocator,0.023,False,False,False
com.guillermomolina.protos.execution.ProtosTestToolFileOptionTest,absenceSelectsNoFileOrDirectoryLocators,0.023,False,False,False
com.guillermomolina.protos.execution.ProtosTestToolFileOptionTest,repeatedDirectoryOccurrencesAreRetainedInCliOrder,0.023,False,False,False
com.guillermomolina.protos.execution.ProtosForeignProviderEnforcementTest,externalPluginDiscoveryIsConfinedToTheHostConfiguredLoader,0.022,False,False,False
com.guillermomolina.protos.execution.ProtosPerf025MapPhysicalIndexTest,productiveSearchOwnersCannotRegressToWholeMapSnapshots,0.022,False,False,False
com.guillermomolina.protos.execution.ProtosTestToolFileOptionTest,selectedFileValueIsLiteralEvenWhenItLooksLikeAnotherOption,0.022,False,False,False
com.guillermomolina.protos.execution.ProtosTestToolManifestPlanTest,d132CaseOutcomeLoaderNormalizesExplicitRowsUnderLogicalNamespace(Path),0.022,False,False,False
com.guillermomolina.protos.execution.ProtosTestToolManifestPlanTest,processSnapshotManifestMaterializesExactThreeCasePlan,0.022,False,False,False
com.guillermomolina.protos.cli.ProtosReplTest,blankLinesRemainInsideIncompleteMultilineInput,0.021,False,False,False
com.guillermomolina.protos.execution.ProtosCollectionsArrayAlgorithmsModuleTest,wrongSourceReceiverFailsBeforeAnyUserCallback,0.021,False,False,False
com.guillermomolina.protos.execution.ProtosFormatterToolBootstrapTest,transfersExactB1ProjectionWithoutExecutingUserSource,0.021,False,False,False
com.guillermomolina.protos.execution.ProtosJsonDataModelModuleTest,dataTransfersAcrossActorsWhileTheModuleRemainsActorLocal,0.021,False,False,False
com.guillermomolina.protos.execution.ProtosPackageToolContentIdentityTest,contentIdentityProductionCanonicalizerRejectsSiblingCaseFoldCollision,0.021,False,False,False
com.guillermomolina.protos.execution.ProtosTestLogicalCaseDiscoveryFacilityTest,discoversDetachedInertProjectionWithoutInvokingBodies(Path),0.021,False,False,False
com.guillermomolina.protos.execution.ProtosTestToolDiscoverySignatureTest,rejectsInheritedTestsRoot,0.021,False,False,False
com.guillermomolina.protos.cli.ProtosCliTest,publishedHelloWorldAndValuesTutorialRunEndToEnd,0.02,False,False,False
com.guillermomolina.protos.cli.ProtosReplTest,invalidSyntaxDoesNotPoisonNextReplInput,0.02,False,False,False
com.guillermomolina.protos.cli.ProtosReplTest,nestedClosureMultilineInputExecutesOnlyWhenComplete,0.02,False,False,False
com.guillermomolina.protos.cli.ProtosTestToolH2B3PublicIntegrationTest,productionScopeInstallsAllRoutesAndCarriesGenericExecutionAndInspection,0.02,False,False,False
com.guillermomolina.protos.execution.ProtosNioFilesystemTreeCaptureBackendTest,largeRegularPayloadSurvivesSourceRemovalWithoutHeapResultMaterialization,0.02,False,False,False
com.guillermomolina.protos.execution.ProtosPackageExecutionPlanV2AdapterTest,rejectsMissingOrExtraFieldsAndKindMismatchedShapes,0.02,False,False,False
com.guillermomolina.protos.execution.ProtosPerf006B6BFinalConformanceArchitectureTest,productionTreeContainsNoLegacyReplayBackend,0.02,False,False,False
com.guillermomolina.protos.execution.ProtosSealedFamilyFacilityTest,emptyTextKeepsNoRunsOrStyle,0.02,False,False,False
com.guillermomolina.protos.execution.ProtosTestToolResourceCatalogOptionTest,catalogPathThatLooksLikeCatalogFlagIsStillOneLiteralValue,0.02,False,False,False
com.guillermomolina.protos.cli.ProtosReplTest,multilineStreamReplInputWaitsForCompleteUnit,0.019,False,False,False
com.guillermomolina.protos.documentation.ProtosStandardLibraryDocumentationExtractorTest,groupedTopLevelSlotCanReceiveDocumentation,0.019,False,False,False
com.guillermomolina.protos.execution.ProtosActorTestLogicalCaseExecutionFacilityTest,sameActorIncarnationPersistsStateAcrossMultipleRequestsWithinOneCase(Path),0.019,False,False,False
com.guillermomolina.protos.execution.ProtosActorTestLogicalCaseExecutionFacilityTest,resolvesActorWorkersOverlayAndExecutesSelectedTestExactlyOnce(Path),0.019,False,False,False
com.guillermomolina.protos.execution.ProtosForeignValueAdmissionTest,mapAndIdentityMapKeepTheirOwnKeyRulesForRawReferences,0.019,False,False,False
com.guillermomolina.protos.execution.ProtosFormatterToolBootstrapTest,wrapsDelimitedListsAtSoftHundredColumns,0.019,False,False,False
com.guillermomolina.protos.execution.ProtosFormatterToolBootstrapTest,formatsBasicStructuralPolicyInBundledProtos,0.019,False,False,False
com.guillermomolina.protos.execution.ProtosGroupTestLogicalCaseExecutionFacilityTest,eachCaseGetsAFreshProcessAndIsolatedGroupStateNotSharedWithAPriorCase(Path),0.019,False,False,False
com.guillermomolina.protos.execution.ProtosNioTcpConnectionLifecycleTest,shutdownReadCutsPendingReadToLocalEofAndKeepsOutputOpen,0.019,False,False,False
com.guillermomolina.protos.execution.ProtosNioTcpConnectionLifecycleTest,wholeCloseDominatesPriorReadShutdownAndClosesRemainingDirection,0.019,False,False,False
com.guillermomolina.protos.execution.ProtosPackageTestLogicalCaseExecutionFacilityTest,eachCaseIsIsolatedAndDoesNotShareMutableStateWithAPriorCase(Path),0.019,False,False,False
com.guillermomolina.protos.execution.ProtosPerf025C1cSemanticSourceTopologyTest,standardBooleanControlEntersNoStructuredRoot,0.019,False,False,False
com.guillermomolina.protos.execution.ProtosTestToolPerf017AdmissionTest,eventCanBeEnabledAndKeepsStableLaneIdentity(Path),0.019,False,False,False
com.guillermomolina.protos.execution.ProtosTestToolPerf017AdmissionTest,lifecycleSeamUsesTheCurrentLaneAndAddsNoDiagnosticOutput(Path),0.019,False,False,False
com.guillermomolina.protos.execution.ProtosTestToolResourceCatalogOptionTest,resourceCatalogSelectionAndD069JobsRemainOrthogonal,0.019,False,False,False
com.guillermomolina.protos.cli.ProtosCliLearningMaterialsTest,printDependentLearningMaterialsRunThroughStandaloneCli()[12],0.018,False,False,False
com.guillermomolina.protos.execution.ProtosFormatterToolBootstrapTest,preservesMultilineCommentBeforeTrailingClosure,0.018,False,False,False
com.guillermomolina.protos.execution.ProtosFormatterToolBootstrapTest,canonicalizesWholeDocumentWhitespaceAndFinalLf,0.018,False,False,False
com.guillermomolina.protos.execution.ProtosFormatterToolBootstrapTest,wrapsBinaryAndMemberChainsAtSoftHundredColumns,0.018,False,False,False
com.guillermomolina.protos.execution.ProtosI072PhaseDPreparedCallSeparationTest,structuredDispatchOperationsSpecializeOnConcreteRepresentations,0.018,False,False,False
com.guillermomolina.protos.execution.ProtosPackageTestLogicalCaseExecutionFacilityTest,resolvesProjectTreeDescriptorAndProvisionsPhysicalAuthorityExactlyOnce,0.018,False,False,False
com.guillermomolina.protos.execution.ProtosPackagedCoreEmbeddingTest,javaScalarArgumentsStillAdmittedWithPackagedCore,0.018,False,False,False
com.guillermomolina.protos.execution.ProtosPerf025InlineCallbackPreparationTest,admittedInlineCallbackUsesStaticFrameBindingsWithoutEntryActivation,0.018,False,False,False
com.guillermomolina.protos.execution.ProtosRegexUnicodeFacilityTest,propertyNamesResolveLooselyToCanonicalLongNames,0.018,False,False,False
com.guillermomolina.protos.execution.ProtosStandardStringProtocolTest,unicode17GraphemeSegmentationRemainsAvailableBehindInternalBoundary,0.018,False,False,False
com.guillermomolina.protos.execution.ProtosTestToolResourceCatalogOptionTest,oneOccurrenceReturnsTheExactPathToken,0.018,False,False,False
com.guillermomolina.protos.cli.ProtosCliTest,printArityFailuresAreOrdinaryProtosErrors,0.017,False,False,False
com.guillermomolina.protos.execution.ProtosForeignCallbackTest,rawResultReturnsOnlyFaithfullyAndIdentityBearingResultsAreNeverExported,0.017,False,False,False
com.guillermomolina.protos.execution.ProtosFormatterToolBootstrapTest,preservesEmbeddedBetweenTokensComment,0.017,False,False,False
com.guillermomolina.protos.execution.ProtosFormatterToolBootstrapTest,collapsesBlankLineRunsToExactlyOne,0.017,False,False,False
com.guillermomolina.protos.execution.ProtosPackageExecutionPlanV2AdapterTest,requiresContentIdentityOnlyOnExternalAndLocationOnlyOnWorkspacePackages,0.017,False,False,False
com.guillermomolina.protos.execution.ProtosPerf006B3FClosureEvidenceTest,continuationPublicationAuthorityRemainsTaskLocalWithoutTaskThreadLocalOrGlobalRegistry,0.017,False,False,False
com.guillermomolina.protos.execution.ProtosPerf026D2AssociationEachInlineCallbackTest,debuggerScopeInsideInlineCallbackProjectsTheCallbackActivation,0.017,False,False,False
com.guillermomolina.protos.execution.ProtosProcessSnapshotLogicalCaseExecutionFacilityTest,independentLogicalCasesRematerializeIndependentProcesses(Path),0.017,False,False,False
com.guillermomolina.protos.execution.ProtosSealedFamilyFacilityTest,concatDropsEmptyRunsAndCoalescesEqualAdjacentStyles,0.017,False,False,False
com.guillermomolina.protos.execution.ProtosTestLogicalCaseExecutionFacilityTest,preservesRematerializationErrorAsPhaseNotFutureFailure(Path),0.017,False,False,False
com.guillermomolina.protos.execution.ProtosTestToolI8D4C1ResourcefulExecutionFacilityTest,resourcefulCompletionRematerializesWithoutTurningInfrastructureIntoGuestError,0.017,False,False,False
com.guillermomolina.protos.execution.ProtosTestToolResourceCatalogOptionTest,catalogPathThatLooksLikeJobsIsNotReinterpretedByTheJobsSelector,0.017,False,False,False
com.guillermomolina.protos.cli.ProtosReplTest,printUsesCliStdoutAndReplStillDisplaysTheReturnedNull,0.016,False,False,False
com.guillermomolina.protos.execution.ProtosFormatterToolBootstrapTest,preservesExactLexicalPayloadSpelling,0.016,False,False,False
com.guillermomolina.protos.execution.ProtosFormatterToolBootstrapTest,wholeDocumentFormattingFailsClosedForInvalidSource,0.016,False,False,False
com.guillermomolina.protos.execution.ProtosTestToolDiscoveryImportedModuleTest,importedSuiteProjectsAuthorityFreeOrderedSignatureWithoutRunningBodies(Path),0.016,False,False,False
com.guillermomolina.protos.execution.ProtosTestToolI8D4C2ResourcefulInspectionFacilityTest,liveFutureInspectionRunsInsideTheResourcefulProcessAndPreservesD108Completion,0.016,False,False,False
com.guillermomolina.protos.execution.ProtosTestToolResourceCatalogOptionTest,selectedPathTokenIsLiteralEvenWhenItLooksLikeAnOption,0.016,False,False,False
com.guillermomolina.protos.execution.ProtosTestToolResourceCatalogOptionTest,absenceSelectsNoCatalogSource,0.016,False,False,False
com.guillermomolina.protos.execution.ProtosTestToolSuiteGraphTest,d125ExecutionRequirementIdsAreMandatoryCanonicalAndLeafLocal,0.016,False,False,False
com.guillermomolina.protos.execution.ProtosTextReaderLineProtocolTest,queuedHandoffAdvancesImmediatelyTerminalRequestsIterativelyInOrder,0.016,False,False,False
com.guillermomolina.protos.cli.ProtosCliTest,syntaxUsageAndMissingFile,0.015,False,False,False
com.guillermomolina.protos.cli.ProtosCliTest,internalSessionSeamCarriesExplicitHostNetworkGrant,0.015,False,False,False
com.guillermomolina.protos.execution.ProtosActorTestLogicalCaseExecutionFacilityTest,signatureMismatchIsRejectedWithoutExecutingTheBody(Path),0.015,False,False,False
com.guillermomolina.protos.execution.ProtosCli008C1DiagnosticTraceTest,deepStackRetainsTheInnermostBoundedFrames,0.015,False,False,False
com.guillermomolina.protos.execution.ProtosExternalForeignProviderTest,cliLoadsOnlyExplicitlyAuthorizedProviderPaths,0.015,False,False,False
com.guillermomolina.protos.execution.ProtosFormatterToolBootstrapTest,preservesBlankLineSideAroundOwnLineComments,0.015,False,False,False
com.guillermomolina.protos.execution.ProtosFormatterToolBootstrapTest,preservesOwnLineAndEndOfLineSequenceComments,0.015,False,False,False
com.guillermomolina.protos.execution.ProtosPackageExecutionPlanV2AdapterTest,rejectsInconsistentReleaseVersionRecords,0.015,False,False,False
com.guillermomolina.protos.execution.ProtosPackageToolContentIdentityTest,contentIdentityVaruintImplementationCoversFrozenArbitraryPrecisionBoundaries,0.015,False,False,False
com.guillermomolina.protos.execution.ProtosPerf026D3EnvironmentEachInlineCallbackTest,dynamicCallbackAndUnsupportedLiteralShapesRetainStructuredEach,0.015,False,False,False
com.guillermomolina.protos.execution.ProtosSealedFamilyFacilityTest,styleAndStyledTextAreNotTransferableAcrossActorsOrIntoParallelExecution,0.015,False,False,False
com.guillermomolina.protos.execution.ProtosStandardByteIoPositioningProtocolTest,cancelledQueuedSeekHasNoEffect,0.015,False,False,False
com.guillermomolina.protos.execution.ProtosStandardPolyglotEmbeddingTest,bindingsAreReadOnlyAndRetainedClosuresKeepTheirExtraction,0.015,False,False,False
com.guillermomolina.protos.execution.ProtosTestToolSuiteGraphTest,d126CorpusIdsAreMandatoryCanonicalAndLeafLocal,0.015,False,False,False
com.guillermomolina.protos.cli.ProtosReplTest,multilineObjectInputIsAccumulated,0.014,False,False,False
com.guillermomolina.protos.cli.ProtosReplTest,streamFallbackDoesNotRequireATerminal,0.014,False,False,False
com.guillermomolina.protos.execution.ProtosCapturedProcessExecutionTest,requestAndResultByteArraysAreDefensivelyDetached,0.014,False,False,False
com.guillermomolina.protos.execution.ProtosCoreNativeBoundaryArchitectureTest,javaNativeClosureProvidersMatchTheAuditedBoundaryExactly,0.014,False,False,False
com.guillermomolina.protos.execution.ProtosFormatterToolBootstrapTest,loadsExactBundledFormatterInFreshProcessWithoutProjectAuthority,0.014,False,False,False
com.guillermomolina.protos.execution.ProtosGroupTestLogicalCaseExecutionFacilityTest,signatureMismatchIsRejectedWithoutExecutingTheBody(Path),0.014,False,False,False
com.guillermomolina.protos.execution.ProtosNetworkingIpAddressesModuleTest,moduleMemberIsRuntimeCanonicalFamilyAcrossActorLocalInstances,0.014,False,False,False
com.guillermomolina.protos.execution.ProtosNioNetworkBackendConnectTest,ipv6LoopbackUsesInet6WhenTheHostProvidesIt,0.014,False,False,False
com.guillermomolina.protos.execution.ProtosNioNetworkBackendConnectTest,ipv4ConnectUsesC4ContractAndMaterializesLogicalEndpoints,0.014,False,False,False
com.guillermomolina.protos.execution.ProtosNioTcpConnectionReadTest,wholeConnectionCloseCutsOverPendingReadAndCompletesPhysicalClose,0.014,False,False,False
com.guillermomolina.protos.execution.ProtosNioTcpConnectionReadTest,cancelledPendingReadDoesNotStealBytesFromTheNextRead,0.014,False,False,False
com.guillermomolina.protos.execution.ProtosNioTcpConnectionReadTest,pendingReadReturnsAvailableShortPrefixWithoutWaitingForMaxBytes,0.014,False,False,False
com.guillermomolina.protos.execution.ProtosNioTcpConnectionReadTest,remoteOutputShutdownResolvesPendingReadAsEof,0.014,False,False,False
com.guillermomolina.protos.execution.ProtosNioTcpConnectionReadTest,dataAlreadyAvailableIsReadWithoutRequiringAnotherReadinessEdge,0.014,False,False,False
com.guillermomolina.protos.execution.ProtosNioTcpConnectionWriteTest,connectedWriteDeliversCapturedBytes,0.014,False,False,False
com.guillermomolina.protos.execution.ProtosPackageTestLogicalCaseExecutionFacilityTest,signatureMismatchIsRejectedWithoutExecutingTheBody(Path),0.014,False,False,False
com.guillermomolina.protos.execution.ProtosPerf025CallbackConsumerSpecializationTest,rhsMaterializationKeepsPreselectedCapturedDestination,0.014,False,False,False
com.guillermomolina.protos.execution.ProtosSealedFamilyFacilityTest,concatPreservesOrderTextAndStyles,0.014,False,False,False
com.guillermomolina.protos.execution.ProtosTestToolFileSelectionPlanTest,directoryAssociationSelectsRecursivelyWithoutSiblingPrefix,0.014,False,False,False
com.guillermomolina.protos.execution.ProtosTestToolFileSelectionPlanTest,overlappingSelectorsDeduplicateAndKeepCanonicalPlanOrder,0.014,False,False,False
com.guillermomolina.protos.lsp.ProtosLanguageServerFoundationTest,stdioBindingProcessesRealLspContentLengthFraming,0.014,False,False,False
com.guillermomolina.protos.cli.ProtosReplTest,multilineClosureDeclarationPersistsTopLevelContext,0.013,False,False,False
com.guillermomolina.protos.conformance.ProtosSystemResourceEndToEndConformanceTest,explicitFilesystemLearningMaterialRunsWithProvisionedAuthority,0.013,False,False,False
com.guillermomolina.protos.execution.ProtosExactExecutionFacilityTest,inspectionMayBeginWithReturnedActorFutureContinuationSuspended,0.013,False,False,False
com.guillermomolina.protos.execution.ProtosForeignInteropTest,preEntryFailuresAreOrdinaryErrorsAndNeverEnterTheProvider,0.013,False,False,False
com.guillermomolina.protos.execution.ProtosForeignPullEachTest,enteredIteratorFailuresAreFreshForeignErrors,0.013,False,False,False
com.guillermomolina.protos.execution.ProtosGroupTestLogicalCaseExecutionFacilityTest,selectorMismatchIsRejectedWithoutExecutingTheBody(Path),0.013,False,False,False
com.guillermomolina.protos.execution.ProtosHostJavaProviderTest,javaScalarsAdmitThroughD188AndArgumentsCrossOnlyLosslessly,0.013,False,False,False
com.guillermomolina.protos.execution.ProtosPerf026D2AssociationEachInlineCallbackTest,inlineEachNonLocalReturnAndErrorStopLaterVisits,0.013,False,False,False
com.guillermomolina.protos.execution.ProtosProcessIntegratedConformanceTest,lm006CProcessAndStandardStreamMaturityIsDrivenByProtosCases,0.013,False,False,False
com.guillermomolina.protos.execution.ProtosTestLogicalCaseExecutionFacilityTest,completionRemainsInertUntilCallerDispatch(Path),0.013,False,False,False
com.guillermomolina.protos.execution.ProtosTestLogicalCaseExecutionFacilityTest,readsFreshSourceOnHostCarrierAfterAdmission(Path),0.013,False,False,False
com.guillermomolina.protos.execution.ProtosTestToolDiscoverySignatureTest,rejectsDuplicateNamesBeforeScheduling,0.013,False,False,False
com.guillermomolina.protos.execution.ProtosTestToolDiscoverySignatureTest,rejectsInvalidSelectorWithoutNominalTestRecognition,0.013,False,False,False
com.guillermomolina.protos.execution.ProtosTestToolRepositoryCorpusPlansTest,unknownCorpusFailsClosed,0.013,False,False,False
com.guillermomolina.protos.execution.ProtosUriModuleTest,importedModuleExportsExactlyInitialSurfaceAtCStage,0.013,False,False,False
com.guillermomolina.protos.cli.ProtosCliLearningMaterialsTest,printDependentLearningMaterialsRunThroughStandaloneCli()[1],0.012,False,False,False
com.guillermomolina.protos.cli.ProtosCliLearningMaterialsTest,printDependentLearningMaterialsRunThroughStandaloneCli()[2],0.012,False,False,False
com.guillermomolina.protos.cli.ProtosCliLearningMaterialsTest,printDependentLearningMaterialsRunThroughStandaloneCli()[14],0.012,False,False,False
com.guillermomolina.protos.cli.ProtosReplTest,bracketedPasteSupportsNestedMultilineClosureAsOneUnit,0.012,False,False,False
com.guillermomolina.protos.execution.ProtosA4B3ProductionEntryArchitectureTest,everyProductionProcessCreatorBindsItsProcessBeforeGuestEntry,0.012,False,False,False
com.guillermomolina.protos.execution.ProtosCollectionsArrayReduceSortModuleTest,reduceAndSortWrongSourceFailBeforeAnyUserCallback,0.012,False,False,False
com.guillermomolina.protos.execution.ProtosCollectionsSetAlgebraModuleTest,setDataTransfersAcrossActorsWhileModuleBehaviorRemainsActorLocal,0.012,False,False,False
com.guillermomolina.protos.execution.ProtosCommandLineSpecModuleTest,importedModuleExportsExactlyA1SpecificationConstructors,0.012,False,False,False
com.guillermomolina.protos.execution.ProtosCommandLineSpecModuleTest,frozenCanonicalAggregatesRejectLaterMutation,0.012,False,False,False
com.guillermomolina.protos.execution.ProtosForeignPullEachTest,eachIsProjectedOnlyForDeclaredIterablesAndNeverHijackedOrFamilyConferring,0.012,False,False,False
com.guillermomolina.protos.execution.ProtosGroupTestLogicalCaseExecutionFacilityTest,resolvesGroupWorkersOverlayAndExecutesSelectedTestExactlyOnce(Path),0.012,False,False,False
com.guillermomolina.protos.execution.ProtosGroupTestLogicalCaseExecutionFacilityTest,multipleGroupRequestsWithinOneCaseObserveIntraCaseGroupState(Path),0.012,False,False,False
com.guillermomolina.protos.execution.ProtosPackageTestLogicalCaseExecutionFacilityTest,selectorMismatchIsRejectedWithoutExecutingTheBody(Path),0.012,False,False,False
com.guillermomolina.protos.execution.ProtosParallelExecutionTest,ipDataTransferConformanceSourceRoundTripsThroughP,0.012,False,False,False
com.guillermomolina.protos.execution.ProtosPerf026D2AssociationEachInlineCallbackTest,nonClosureInvokableAndCustomEachStayOrdinary,0.012,False,False,False
com.guillermomolina.protos.execution.ProtosSealedFamilyFacilityTest,constructionKeepsTextAndStyle,0.012,False,False,False
com.guillermomolina.protos.execution.ProtosStandardFutureProtocolTest,cancellationWinsBeforeThenSourceWaitResume(State)[1],0.012,False,False,False
com.guillermomolina.protos.execution.ProtosStandardIpFamilyPlacementTest,parallelTransferKeepsCanonicalFamiliesWithoutImporting,0.012,False,False,False
com.guillermomolina.protos.execution.ProtosTestLogicalCaseAttemptBridgeTest,executesExactlySelectedCaseAfterExactRematerialization(Path),0.012,False,False,False
com.guillermomolina.protos.execution.ProtosTestLogicalCaseAttemptBridgeTest,classifiesSignatureMismatchAsRematerializationErrorWithoutRunningCase(Path),0.012,False,False,False
com.guillermomolina.protos.execution.ProtosTestToolFileSelectionPlanTest,oneSourceMaySelectMultipleAuthoritativeCasesInPlanOrder,0.012,False,False,False
com.guillermomolina.protos.execution.ProtosTestToolManifestPlanTest,oneManifestRowProducesFrozenStableCaseSpecBeforeCorpusTraversal,0.012,False,False,False
com.guillermomolina.protos.cli.ProtosCliLearningMaterialsTest,printDependentLearningMaterialsRunThroughStandaloneCli()[13],0.011,False,False,False
com.guillermomolina.protos.cli.ProtosCliTest,cliPrintRunsProtosSourceThroughProcessStdoutWithoutDoubleEcho,0.011,False,False,False
com.guillermomolina.protos.conformance.ProtosSystemResourceEndToEndConformanceTest,multipleWholeFileFuturesComposeThroughArrayAlgorithmsAndFutureAll,0.011,False,False,False
com.guillermomolina.protos.conformance.ProtosSystemResourceEndToEndConformanceTest,bootstrapDataCollectionsFilesystemAndProcessOutputCompose,0.011,False,False,False
com.guillermomolina.protos.execution.ProtosCommandLineArrayConstructionFacilityTest,importedCommandLineRemovesBootstrapSlotAndParseStillUsesFacility,0.011,False,False,False
com.guillermomolina.protos.execution.ProtosCommandLineModuleTest,importedModuleExportsCurrentCommandLineSurface,0.011,False,False,False
com.guillermomolina.protos.execution.ProtosCommandLineResultModelTest,a2DoesNotPublishResultConstructionBeforeParseExists,0.011,False,False,False
com.guillermomolina.protos.execution.ProtosNioNetworkProvisioningTest,runtimeHostCloseReleasesUnclosedNetworkResources,0.011,False,False,False
com.guillermomolina.protos.execution.ProtosPackageExecutionPlanV2AdapterTest,rejectsDuplicateDeclaringAliasAndInvalidRuntimeNames,0.011,False,False,False
com.guillermomolina.protos.execution.ProtosPackageExecutionPlanV2AdapterTest,enforcesExactNodeRefUniquenessAndRootAndDependencyClosure,0.011,False,False,False
com.guillermomolina.protos.execution.ProtosPackageTestLogicalCaseExecutionFacilityTest,selectedTestBodyIsCaseAuthorityNotModuleCompletion(Path),0.011,False,False,False
com.guillermomolina.protos.execution.ProtosPackageTestLogicalCaseExecutionFacilityTest,multipleTestsSelectsExactlyTheRequestedOne(Path),0.011,False,False,False
com.guillermomolina.protos.execution.ProtosPerf025C1cSemanticSourceTopologyTest,nonBooleanStructuredInvocationEntersOneUntaggedStructuredRoot,0.011,False,False,False
com.guillermomolina.protos.execution.ProtosPerf025CallbackConsumerSpecializationTest,nonCanonicalInvocationKeepsGenericPath,0.011,False,False,False
com.guillermomolina.protos.execution.ProtosPerf026D2AssociationEachInlineCallbackTest,ownedReturnHomeLiteralRetainsStructuredEach,0.011,False,False,False
com.guillermomolina.protos.execution.ProtosProcessIntegratedConformanceTest,processStreamsLibraryAdaptersAreDrivenByProtosCases,0.011,False,False,False
com.guillermomolina.protos.execution.ProtosProcessSnapshotLogicalCaseExecutionFacilityTest,selectedTestBodyActuallyExecutesExactlyOnce,0.011,False,False,False
com.guillermomolina.protos.execution.ProtosProcessSnapshotLogicalCaseExecutionFacilityTest,selectedTestBodyObservesTheD135ProcessSnapshotArguments,0.011,False,False,False
com.guillermomolina.protos.execution.ProtosProcessSnapshotLogicalCaseExecutionFacilityTest,selectorMismatchRejectsBeforeRunningTheSelectedTestBody,0.011,False,False,False
com.guillermomolina.protos.execution.ProtosTestLogicalCaseAttemptBridgeTest,minimalInlineSuiteSeesProjectTreeFilesystem(Path),0.011,False,False,False
com.guillermomolina.protos.execution.ProtosTestLogicalCaseAttemptBridgeTest,classifiesUnknownSelectorAsRematerializationError(Path),0.011,False,False,False
com.guillermomolina.protos.execution.ProtosTestToolFileSelectionPlanTest,otherCorpusAssociationDoesNotSelectSameRelativePath,0.011,False,False,False
com.guillermomolina.protos.execution.ProtosTestToolLogicalCaseRunnerTest,jobsCapacityIsGlobalAcrossSourceProjections,0.011,False,False,False
com.guillermomolina.protos.cli.ProtosCliLearningMaterialsTest,printDependentLearningMaterialsRunThroughStandaloneCli()[45],0.01,False,False,False
com.guillermomolina.protos.cli.ProtosCliPolyglotRoutingArchitectureTest,ordinaryCliReplAndBundledToolsUseProcessScopedPolyglotEntry,0.01,False,False,False
com.guillermomolina.protos.cli.ProtosCliTest,ordinaryCliApplicationDoesNotReceivePackageToolFilesystemAuthority,0.01,False,False,False
com.guillermomolina.protos.conformance.ProtosSystemResourceEndToEndConformanceTest,decodingFailureCanRecoverFromProcessDataAndContinueThroughFilesystem,0.01,False,False,False
com.guillermomolina.protos.documentation.ProtosStandardLibraryDocumentationExtractorTest,extractsOnlyImportableStandardLibrarySurfaceWithCoverage,0.01,False,False,False
com.guillermomolina.protos.execution.ProtosCsvModuleTest,standardLibraryModuleAndParserInstancesAreActorLocalAndIndependent,0.01,False,False,False
com.guillermomolina.protos.execution.ProtosExternalForeignProviderTest,misconfiguredProviderPathsAreRejectedBeforeAnyHostExists,0.01,False,False,False
com.guillermomolina.protos.execution.ProtosPackageExecutionPlanV2AdapterTest,generationOneAndGenerationTwoAdaptersRejectEachOthersGenerations,0.01,False,False,False
com.guillermomolina.protos.execution.ProtosPackageExecutionPlanV2AdapterTest,detachesMixedWorkspaceRegistryAndGitPlanIntoImmutableHostData,0.01,False,False,False
com.guillermomolina.protos.execution.ProtosPerf025CallbackConsumerSpecializationTest,directSourceClosureCallStaysLazy,0.01,False,False,False
com.guillermomolina.protos.execution.ProtosPerf025CallbackConsumerSpecializationTest,multipleCreationStaysLazy,0.01,False,False,False
com.guillermomolina.protos.execution.ProtosPerf025CallbackConsumerSpecializationTest,thisStaysLazy,0.01,False,False,False
com.guillermomolina.protos.execution.ProtosPerf025CallbackConsumerSpecializationTest,capturedAccumulatorUpdateStaysLazy,0.01,False,False,False
com.guillermomolina.protos.execution.ProtosPerf025VirtualReturnHomeTest,directAndDefaultReturnKeepPhysicalHomeLifecycle,0.01,False,False,False
com.guillermomolina.protos.execution.ProtosPerf026D1IndexedEachInlineCallbackTest,mismatchedArityLiteralsKeepOrdinaryArityErrors,0.01,False,False,False
com.guillermomolina.protos.execution.ProtosPerf026D1IndexedEachInlineCallbackTest,inlineEachNonLocalReturnAndErrorStopLaterVisits,0.01,False,False,False
com.guillermomolina.protos.execution.ProtosPerf026D3EnvironmentEachInlineCallbackTest,nonClosureInvokableCustomAndCopiedEachStayOrdinary,0.01,False,False,False
com.guillermomolina.protos.execution.ProtosProcessSnapshotLogicalCaseExecutionFacilityTest,selectsTheNamedTestAndNotAnotherDeclaredTest,0.01,False,False,False
com.guillermomolina.protos.execution.ProtosProcessSnapshotLogicalCaseExecutionFacilityTest,selectedTestBodyObservesTheD135ProcessSnapshotEnvironment,0.01,False,False,False
com.guillermomolina.protos.execution.ProtosProcessSnapshotLogicalCaseExecutionFacilityTest,signatureMismatchRejectsBeforeRunningTheSelectedTestBody,0.01,False,False,False
com.guillermomolina.protos.execution.ProtosProcessSnapshotLogicalCaseExecutionFacilityTest,failingSelectedTestBodyFailsTheCase,0.01,False,False,False
com.guillermomolina.protos.execution.ProtosProjectBindingPrerequisiteClosureTest,exactCandidateRootsRemainIsolatedAcrossIndependentProjects,0.01,False,False,False
com.guillermomolina.protos.execution.ProtosStandardIpFamilyPlacementTest,actorTransferKeepsCanonicalFamiliesWithoutImporting,0.01,False,False,False
com.guillermomolina.protos.execution.ProtosStandardPolyglotEmbeddingTest,contextConstructionBindingsAndParseErrorsCreateNoProcess,0.01,False,False,False
com.guillermomolina.protos.execution.ProtosStandardPolyglotEmbeddingTest,unhandledErrorFailsTheRootActorAndTheProcessIsNeverRecreated,0.01,False,False,False
com.guillermomolina.protos.execution.ProtosTestToolDiscoverySignatureTest,rejectsUnknownSelectedSelectorBeforeAnyBodyInvocation,0.01,False,False,False
com.guillermomolina.protos.execution.ProtosTestToolFileSelectionPlanTest,duplicateAssociationsDoNotDuplicateCases,0.01,False,False,False
com.guillermomolina.protos.execution.ProtosTestToolLogicalCaseMigrationTest,preservesSingleOwnershipSelectionAndD155OutcomePrecedence,0.01,False,False,False
com.guillermomolina.protos.execution.ProtosTestToolLogicalCaseRunnerTest,lifecycleObserverKeepsPendingCaseIdentifiableUntilTerminal,0.01,False,False,False
com.guillermomolina.protos.execution.ProtosTestToolLogicalCaseRunnerTest,completedLanePullsNextCaseWithoutWaitingForUnrelatedRunningCase,0.01,False,False,False
com.guillermomolina.protos.execution.ProtosTestToolManifestPlanTest,threeColumnManifestParserKeepsRejectingTwoColumnRows,0.01,False,False,False
com.guillermomolina.protos.execution.ProtosTestToolSuiteGraphTest,explicitNestedCompositionExpandsLeavesInDeclarationOrder,0.01,False,False,False
com.guillermomolina.protos.cli.ProtosCliLearningMaterialsTest,printDependentLearningMaterialsRunThroughStandaloneCli()[35],0.009,False,False,False
com.guillermomolina.protos.cli.ProtosCliLearningMaterialsTest,printDependentLearningMaterialsRunThroughStandaloneCli()[44],0.009,False,False,False
com.guillermomolina.protos.cli.ProtosCliLearningMaterialsTest,printDependentLearningMaterialsRunThroughStandaloneCli()[46],0.009,False,False,False
com.guillermomolina.protos.cli.ProtosCliLearningMaterialsTest,printDependentLearningMaterialsRunThroughStandaloneCli()[49],0.009,False,False,False
com.guillermomolina.protos.documentation.ProtosStandardLibraryDocumentationExtractorTest,lineCommentObservationIsOptInAndTokenStable,0.009,False,False,False
com.guillermomolina.protos.execution.ProtosForeignInteropTest,invokeAndInstantiateAreExplicitlyDistinctAndOrdinaryCallIsUnchanged,0.009,False,False,False
com.guillermomolina.protos.execution.ProtosMapMatchProtocolTest,usesQuerySideEqualityForSubjectAssociationSearch,0.009,False,False,False
com.guillermomolina.protos.execution.ProtosMatcherHelpersBootstrapTest,publishesAnyAndCaptureAsFrozenDirectObjectChildren,0.009,False,False,False
com.guillermomolina.protos.execution.ProtosPackageToolManifestTest,manifestCommandReportsInvalidUtf8,0.009,False,False,False
com.guillermomolina.protos.execution.ProtosPackageToolManifestTest,manifestCommandReportsMissingManifest,0.009,False,False,False
com.guillermomolina.protos.execution.ProtosPackageToolMetadataPersistenceTest,metadataPublicationExplicitDiscardRemovesStage,0.009,False,False,False
com.guillermomolina.protos.execution.ProtosPerf025CallbackConsumerSpecializationTest,multipleCreationErrorsArePreserved,0.009,False,False,False
com.guillermomolina.protos.execution.ProtosPerf025CallbackConsumerSpecializationTest,memberReadStaysLazy,0.009,False,False,False
com.guillermomolina.protos.execution.ProtosPerf025DirectSourceClosureCompactInvocationTest,compactDirectNonLocalReturnIsConsumedByTheOwnedHome,0.009,False,False,False
com.guillermomolina.protos.execution.ProtosPerf025InlineCallbackPreparationTest,whileLiteralAdmissionPrecedesActivationAndPhysicalFallback,0.009,False,False,False
com.guillermomolina.protos.execution.ProtosPerf026D1IndexedEachInlineCallbackTest,unsupportedLiteralShapesRetainStructuredEach,0.009,False,False,False
com.guillermomolina.protos.execution.ProtosPerf026D2AssociationEachInlineCallbackTest,inlineMapEachKeepsSnapshotOrderResultIdentityAndFreshActivations,0.009,False,False,False
com.guillermomolina.protos.execution.ProtosStandardPolyglotEmbeddingTest,javaStringArgumentsAreOrdinaryStrings,0.009,False,False,False
com.guillermomolina.protos.execution.ProtosTestToolDiscoverySignatureTest,rejectsNonArrayDeclarationRoot,0.009,False,False,False
com.guillermomolina.protos.execution.ProtosTestToolDiscoverySignatureTest,acceptsExactRematerializedDeclarationSignature,0.009,False,False,False
com.guillermomolina.protos.execution.ProtosTestToolDiscoverySignatureTest,projectsOnlyExplicitLocalTestsRootFromModule,0.009,False,False,False
com.guillermomolina.protos.execution.ProtosTestToolDiscoverySignatureTest,rejectsModuleWithoutLocalTestsRoot,0.009,False,False,False
com.guillermomolina.protos.execution.ProtosTestToolDiscoverySignatureTest,projectsOrderedNamesWithoutInvokingBodies,0.009,False,False,False
com.guillermomolina.protos.execution.ProtosTestToolDiscoverySignatureTest,rejectsChangedRematerializedDeclarationSignatureBeforeBodyInvocation,0.009,False,False,False
com.guillermomolina.protos.execution.ProtosTestToolDiscoverySignatureTest,returnedSignatureIsFrozen,0.009,False,False,False
com.guillermomolina.protos.execution.ProtosTestToolLogicalCasePlanTest,discoveryProjectsOnlyInertLogicalCasePlanData,0.009,False,False,False
com.guillermomolina.protos.execution.ProtosTestToolLogicalCaseResultTest,projectsD155TerminalStatePolicy,0.009,False,False,False
com.guillermomolina.protos.execution.ProtosTestToolManifestPlanTest,namedCaseSpecAccessorsPreserveConceptualPlanningFields,0.009,False,False,False
com.guillermomolina.protos.runtime.ProtosActorTerminationTest,stoppingOriginActorCancelsItsPendingRequestWithoutUnsendingAcceptedWork,0.009,False,False,False
com.guillermomolina.protos.cli.ProtosCliLearningMaterialsTest,printDependentLearningMaterialsRunThroughStandaloneCli()[4],0.008,False,False,False
com.guillermomolina.protos.cli.ProtosCliLearningMaterialsTest,printDependentLearningMaterialsRunThroughStandaloneCli()[5],0.008,False,False,False
com.guillermomolina.protos.cli.ProtosCliLearningMaterialsTest,printDependentLearningMaterialsRunThroughStandaloneCli()[19],0.008,False,False,False
com.guillermomolina.protos.cli.ProtosCliLearningMaterialsTest,printDependentLearningMaterialsRunThroughStandaloneCli()[37],0.008,False,False,False
com.guillermomolina.protos.cli.ProtosCliLearningMaterialsTest,printDependentLearningMaterialsRunThroughStandaloneCli()[47],0.008,False,False,False
com.guillermomolina.protos.cli.ProtosCliLearningMaterialsTest,printDependentLearningMaterialsRunThroughStandaloneCli()[48],0.008,False,False,False
com.guillermomolina.protos.cli.ProtosTestToolExecutionRequirementRegistryTest,ordinaryBindingCarriesSuiteNativeLogicalCaseExecutionRouteWhenInstalled,0.008,False,False,False
com.guillermomolina.protos.conformance.ProtosFilesystemLibraryConformanceTest,readAllBytesLaterCloseFailureComposesWithEarlierReadFailurePrecedence,0.008,False,False,False
com.guillermomolina.protos.conformance.ProtosFilesystemLibraryConformanceTest,readAllBytesCloseFailureAfterSuccessfulReadFailsOnlyAfterCleanupCompletes,0.008,False,False,False
com.guillermomolina.protos.conformance.ProtosSystemResourceEndToEndConformanceTest,wholeFileByteIoComposesWithMutableBytesEncodingAndProcessTextOutput,0.008,False,False,False
com.guillermomolina.protos.conformance.ProtosSystemResourceEndToEndConformanceTest,directFileBorrowingTextReaderEnsureAndProcessOutputCompose,0.008,False,False,False
com.guillermomolina.protos.embedding.ProtosStandaloneHostedExecutionEmbeddingTest,repeatedInvocationsAreIndependent,0.008,False,False,False
com.guillermomolina.protos.execution.ProtosCollectionsSetModuleTest,setModulesUseExistingMapRuntimeFamilies,0.008,False,False,False
com.guillermomolina.protos.execution.ProtosForeignInteropTest,enteredFailuresAreFreshForeignErrorsForEveryOperation,0.008,False,False,False
com.guillermomolina.protos.execution.ProtosForeignInteropTest,readMemberBypassesOrdinaryPrecedenceAndFidelityOnlyForTheExplicitRead,0.008,False,False,False
com.guillermomolina.protos.execution.ProtosForeignInteropTest,closureArgumentsCrossOnlyThroughTheD189CallbackBridge,0.008,False,False,False
com.guillermomolina.protos.execution.ProtosForeignValueProjectionTest,indexedProjectionIsFaithfulOnlyWhenUnambiguousAndNeverArrayFamily,0.008,False,False,False
com.guillermomolina.protos.execution.ProtosHostJavaProviderTest,javaSessionsCloseWithActorAndProcessAndOldReferencesNeverRebind,0.008,False,False,False
com.guillermomolina.protos.execution.ProtosNetworkingIpAddressesModuleTest,importedModuleExportsExactlyApprovedSurface,0.008,False,False,False
com.guillermomolina.protos.execution.ProtosNioTcpListenerBackendTest,compositeBindFailureReleasesEveryEarlierComponent,0.008,False,False,False
com.guillermomolina.protos.execution.ProtosNioTcpListenerBackendTest,explicitIpv6WildcardIsNotReinterpretedAsNullCompositeRequest,0.008,False,False,False
com.guillermomolina.protos.execution.ProtosPerf025CallbackConsumerSpecializationTest,capturedReadAndCanonicalIntegerSendStayLazy,0.008,False,False,False
com.guillermomolina.protos.execution.ProtosPerf025InlineCallbackPreparationTest,booleanLiteralAdmissionPrecedesActivationAndPhysicalFallback,0.008,False,False,False
com.guillermomolina.protos.execution.ProtosPerf025InlineCallbackPreparationTest,contextObservingInlineCallbackKeepsNamedAuthorityFallback,0.008,False,False,False
com.guillermomolina.protos.execution.ProtosPerf025VirtualReturnHomeTest,staticProofClassifiesDefaultsDescendantsAndObjectBodies,0.008,False,False,False
com.guillermomolina.protos.execution.ProtosPerf025VirtualReturnHomeTest,nlrDeadDescendantKeepsSharedHomeProvenanceWithoutMaterialization,0.008,False,False,False
com.guillermomolina.protos.execution.ProtosPerf026D2AssociationEachInlineCallbackTest,inlineIdentityMapEachKeepsSnapshotOrderResultIdentityAndFreshActivations,0.008,False,False,False
com.guillermomolina.protos.execution.ProtosPerf026D3EnvironmentEachInlineCallbackTest,debuggerScopeInsideInlineCallbackProjectsTheCallbackActivation,0.008,False,False,False
com.guillermomolina.protos.execution.ProtosPerf033CanonicalCallableInteropTest,returnHomeAndControlSemanticsArePreserved,0.008,False,False,False
com.guillermomolina.protos.execution.ProtosStandaloneHostedSessionGateTest,concurrentCallersNeverOverlapGuestWork,0.008,False,False,False
com.guillermomolina.protos.execution.ProtosStandaloneHostedSessionGateTest,closeLetsTheStartedOperationFinishAndRejectsEveryLaterOne,0.008,False,False,False
com.guillermomolina.protos.execution.ProtosStandardBufferedByteIoProtocolTest,closeCutoverRetriesBufferedReleaseOnlyAfterLowerProvesZeroEffect,0.008,False,False,False
com.guillermomolina.protos.execution.ProtosTestToolCatalogAcquisitionFacilityTest,missingDirectoryAndInvalidPathsFailClosed,0.008,False,False,False
com.guillermomolina.protos.execution.ProtosTestToolDiscoverySignatureTest,acceptsEmptyDeclaration,0.008,False,False,False
com.guillermomolina.protos.execution.ProtosTestToolDiscoverySignatureTest,rejectsAddedOrRemovedSelectorFromRematerializedSignature,0.008,False,False,False
com.guillermomolina.protos.execution.ProtosTestToolStalledCaseReporterTest,concurrentLifecycleObservationsAndPollsStayConsistent,0.008,False,False,False
com.guillermomolina.protos.execution.ProtosWorkspacePackageApplicationExecutionTest,defaultRouteLeavesNetworkAbsentWithoutInitializingNetworkHost,0.008,False,False,False
com.guillermomolina.protos.cli.ProtosCliLearningMaterialsTest,standaloneEntryRunsInsideRootActorTaskSoFutureValueCanSuspend,0.007,False,False,False
com.guillermomolina.protos.cli.ProtosCliLearningMaterialsTest,printDependentLearningMaterialsRunThroughStandaloneCli()[3],0.007,False,False,False
com.guillermomolina.protos.cli.ProtosCliLearningMaterialsTest,printDependentLearningMaterialsRunThroughStandaloneCli()[6],0.007,False,False,False
com.guillermomolina.protos.cli.ProtosCliLearningMaterialsTest,printDependentLearningMaterialsRunThroughStandaloneCli()[7],0.007,False,False,False
com.guillermomolina.protos.cli.ProtosCliLearningMaterialsTest,printDependentLearningMaterialsRunThroughStandaloneCli()[9],0.007,False,False,False
com.guillermomolina.protos.cli.ProtosCliLearningMaterialsTest,printDependentLearningMaterialsRunThroughStandaloneCli()[10],0.007,False,False,False
com.guillermomolina.protos.cli.ProtosCliLearningMaterialsTest,printDependentLearningMaterialsRunThroughStandaloneCli()[11],0.007,False,False,False
com.guillermomolina.protos.cli.ProtosCliLearningMaterialsTest,printDependentLearningMaterialsRunThroughStandaloneCli()[15],0.007,False,False,False
com.guillermomolina.protos.cli.ProtosCliLearningMaterialsTest,printDependentLearningMaterialsRunThroughStandaloneCli()[18],0.007,False,False,False
com.guillermomolina.protos.cli.ProtosCliLearningMaterialsTest,printDependentLearningMaterialsRunThroughStandaloneCli()[20],0.007,False,False,False
com.guillermomolina.protos.cli.ProtosCliLearningMaterialsTest,printDependentLearningMaterialsRunThroughStandaloneCli()[21],0.007,False,False,False
com.guillermomolina.protos.cli.ProtosCliLearningMaterialsTest,printDependentLearningMaterialsRunThroughStandaloneCli()[22],0.007,False,False,False
com.guillermomolina.protos.cli.ProtosCliLearningMaterialsTest,printDependentLearningMaterialsRunThroughStandaloneCli()[23],0.007,False,False,False
com.guillermomolina.protos.cli.ProtosCliLearningMaterialsTest,printDependentLearningMaterialsRunThroughStandaloneCli()[25],0.007,False,False,False
com.guillermomolina.protos.cli.ProtosCliLearningMaterialsTest,printDependentLearningMaterialsRunThroughStandaloneCli()[36],0.007,False,False,False
com.guillermomolina.protos.cli.ProtosCliLearningMaterialsTest,printDependentLearningMaterialsRunThroughStandaloneCli()[40],0.007,False,False,False
com.guillermomolina.protos.cli.ProtosCliLearningMaterialsTest,printDependentLearningMaterialsRunThroughStandaloneCli()[42],0.007,False,False,False
com.guillermomolina.protos.conformance.ProtosFilesystemLibraryConformanceTest,readAllBytesReadFailureWaitsForSuspendingCleanupBeforePropagation,0.007,False,False,False
com.guillermomolina.protos.conformance.ProtosFilesystemLibraryConformanceTest,readAllTextCloseFailureIsObservedByProtosCase,0.007,False,False,False
com.guillermomolina.protos.conformance.ProtosSystemResourceEndToEndConformanceTest,processInputCanFlowThroughWholeFileTextIoBackToProcessOutput,0.007,False,False,False
com.guillermomolina.protos.documentation.ProtosStandardLibraryDocumentationExtractorTest,ordinaryCommentBreaksSymbolDocumentationAssociation,0.007,False,False,False
com.guillermomolina.protos.execution.ProtosCli008C1DiagnosticTraceTest,handledErrorLeavesNoTerminalOccurrence,0.007,False,False,False
com.guillermomolina.protos.execution.ProtosExternalForeignProviderTest,closedSessionsInvalidateTheirReferencesAndNeverRebind,0.007,False,False,False
com.guillermomolina.protos.execution.ProtosForeignInteropTest,everyOperationActsOnTheUnderlyingTargetOfRawReferencesAndFacades,0.007,False,False,False
com.guillermomolina.protos.execution.ProtosForeignPullEachTest,closedSessionFailsBeforeEntryAndNeverRebinds,0.007,False,False,False
com.guillermomolina.protos.execution.ProtosForeignValueProjectionTest,onlyClosuresCrossAsD189CallbacksAndOrdinaryObjectsNeverCross,0.007,False,False,False
com.guillermomolina.protos.execution.ProtosHostJavaProviderTest,unadmittedClassesUnexposedMembersAndOverloadsFailClosed,0.007,False,False,False
com.guillermomolina.protos.execution.ProtosHostJavaProviderTest,configuredButUnusedJavaProviderAndDefaultHostStayZeroUse,0.007,False,False,False
com.guillermomolina.protos.execution.ProtosNetworkAuthorityConfinementTest,networkPrototypeAndProcessProtocolExposeNoAmbientAuthorityRecovery,0.007,False,False,False
com.guillermomolina.protos.execution.ProtosNioReadOnlyTreeFilesystemBackendTest,textReaderCanConsumeAFileAcrossMultipleBackendReadChunks,0.007,False,False,False
com.guillermomolina.protos.execution.ProtosPackageExecutionPlanV2ModuleResolverTest,mixedGraphExecutesThroughExactWorkspaceAndExternalRouting,0.007,False,False,False
com.guillermomolina.protos.execution.ProtosPackageToolFilesystemSecurityTest,readOnlyMetadataBackendAllowsOnlyConfiguredProjectMetadata,0.007,False,False,False
com.guillermomolina.protos.execution.ProtosPackageToolMetadataPersistenceTest,metadataPublicationInvalidContentCreatesNoStage,0.007,False,False,False
com.guillermomolina.protos.execution.ProtosPackageToolMetadataPersistenceTest,metadataPublicationReplacesLockTarget,0.007,False,False,False
com.guillermomolina.protos.execution.ProtosPerf006B4ECancellationUnwindTest,cleanupCancellationSupersedesSelectedErrorBeforeOuterHandlerRuns,0.007,False,False,False
com.guillermomolina.protos.execution.ProtosPerf006Plat029TextWriterCallbackTest,lowerFailureIdentityPoisonsLaterOutputAndCancelledLowerMapsToIoError,0.007,False,False,False
com.guillermomolina.protos.execution.ProtosPerf025CompactCalleeExecutionTest,frameNativeRestAndMultipleCreationUseConstantOrdinals,0.007,False,False,False
com.guillermomolina.protos.execution.ProtosPerf025DirectSourceClosureCompactInvocationTest,restParameterStillMaterializesItsGuestArray,0.007,False,False,False
com.guillermomolina.protos.execution.ProtosPerf025DirectSourceClosureCompactInvocationTest,rootTaskClosureExecutionKeepsNonLocalReturnAndFailureSemantics,0.007,False,False,False
com.guillermomolina.protos.execution.ProtosPerf025InlineCallbackPreparationTest,eachLiteralAdmissionPrecedesActivationAndPhysicalFallback,0.007,False,False,False
com.guillermomolina.protos.execution.ProtosPerf026B3BooleanInlineCallbackTest,inlineCallbackKeepsReturnHomeCaptureAndFreshActivation,0.007,False,False,False
com.guillermomolina.protos.execution.ProtosPerf026C1WhileInlineCallbackTest,inlineLoopKeepsCaptureNonLocalReturnAndFreshActivations,0.007,False,False,False
com.guillermomolina.protos.execution.ProtosPerf026D1IndexedEachInlineCallbackTest,inlineBytesEachKeepsSnapshotOrderResultIdentityAndFreshActivations,0.007,False,False,False
com.guillermomolina.protos.execution.ProtosPerf026D2AssociationEachInlineCallbackTest,dynamicCallbackRetainsStructuredEach,0.007,False,False,False
com.guillermomolina.protos.execution.ProtosSealedFamilyFacilityTest,sealedValuesNestedInOrdinaryGraphsFailTheWholeTransfer,0.007,False,False,False
com.guillermomolina.protos.execution.ProtosStandardBufferedByteIoProtocolTest,borrowingCloseDoesNotCloseTargetButOwningCloseDoes,0.007,False,False,False
com.guillermomolina.protos.execution.ProtosStandardPolyglotEmbeddingTest,javaIntegerArgumentsAreOrdinaryExactIntegers,0.007,False,False,False
com.guillermomolina.protos.execution.ProtosStandardPolyglotEmbeddingTest,laterEvaluationsShareTheProcessAndSelectTheLastNormalCompletion,0.007,False,False,False
com.guillermomolina.protos.execution.ProtosTcpConnectionDuplexLifecycleTest,directionalShutdownsAreIndependentAndIdempotent,0.007,False,False,False
com.guillermomolina.protos.execution.ProtosTestToolFutureStoredInspectionFixtureSuiteTest,futureStoredInspectionFixtures()[1],0.007,False,False,False
com.guillermomolina.protos.execution.ProtosTestToolLogicalCasePlanTest,buildsFlatFrozenLogicalCasePlanInProtos,0.007,False,False,False
com.guillermomolina.protos.execution.ProtosTestToolManifestPlanTest,bundledManifestModuleCompilesBeforeAnyFilesystemPolicyRuns,0.007,False,False,False
com.guillermomolina.protos.execution.ProtosTestToolManifestPlanTest,inertRequirementRecordIsFrozenAndAccessibleThroughNamedAccessors,0.007,False,False,False
com.guillermomolina.protos.execution.ProtosTestToolManifestPlanTest,caseSpecRequirementAttachmentPreservesOrderAndFreezesCanonicalRecords,0.007,False,False,False
com.guillermomolina.protos.execution.ProtosTestToolManifestPlanTest,sameResourceKeyMayAppearInDifferentCaseSpecs,0.007,False,False,False
com.guillermomolina.protos.execution.ProtosTestToolProjectTreePlanTest,d133ResourceRequirementAttachmentPreservesCaseAuthorityDescriptor,0.007,False,False,False
com.guillermomolina.protos.runtime.ProtosPerf006B6A6A3ActorGroupLifecycleIntegrationTest,cPrimeSuspensionFinalizesActorAndGroupRequestSendOnlyAfterTrueTerminalResume,0.007,False,False,False
com.guillermomolina.protos.cli.ProtosCliLearningMaterialsTest,printDependentLearningMaterialsRunThroughStandaloneCli()[8],0.006,False,False,False
com.guillermomolina.protos.cli.ProtosCliLearningMaterialsTest,printDependentLearningMaterialsRunThroughStandaloneCli()[17],0.006,False,False,False
com.guillermomolina.protos.cli.ProtosCliLearningMaterialsTest,printDependentLearningMaterialsRunThroughStandaloneCli()[24],0.006,False,False,False
com.guillermomolina.protos.cli.ProtosCliLearningMaterialsTest,printDependentLearningMaterialsRunThroughStandaloneCli()[26],0.006,False,False,False
com.guillermomolina.protos.cli.ProtosCliLearningMaterialsTest,printDependentLearningMaterialsRunThroughStandaloneCli()[27],0.006,False,False,False
com.guillermomolina.protos.cli.ProtosCliLearningMaterialsTest,printDependentLearningMaterialsRunThroughStandaloneCli()[28],0.006,False,False,False
com.guillermomolina.protos.cli.ProtosCliLearningMaterialsTest,printDependentLearningMaterialsRunThroughStandaloneCli()[38],0.006,False,False,False
com.guillermomolina.protos.cli.ProtosCliLearningMaterialsTest,printDependentLearningMaterialsRunThroughStandaloneCli()[39],0.006,False,False,False
com.guillermomolina.protos.cli.ProtosCliLearningMaterialsTest,printDependentLearningMaterialsRunThroughStandaloneCli()[41],0.006,False,False,False
com.guillermomolina.protos.cli.ProtosCliLearningMaterialsTest,printDependentLearningMaterialsRunThroughStandaloneCli()[43],0.006,False,False,False
com.guillermomolina.protos.cli.ProtosCliLearningMaterialsTest,printDependentLearningMaterialsRunThroughStandaloneCli()[50],0.006,False,False,False
com.guillermomolina.protos.cli.ProtosTestToolFileSelectionWiringTest,publicTestToolPublishesEveryAuthoritativeCorpusSourceRoot,0.006,False,False,False
com.guillermomolina.protos.cli.ProtosTestToolI8D5CPublicCutoverTest,javaConsumesOnlyBundledProtosSelectedExitClassification,0.006,False,False,False
com.guillermomolina.protos.cli.ProtosTestToolI8D5CPublicCutoverTest,javaAcceptsInfrastructureAbortWithoutLegacyD108Evidence,0.006,False,False,False
com.guillermomolina.protos.conformance.ProtosFilesystemLibraryConformanceTest,readAllBytesReturnsFreshFutureAndFreshOpenBytesForEmptyFile,0.006,False,False,False
com.guillermomolina.protos.conformance.ProtosFilesystemLibraryConformanceTest,writeAllBytesCommittedPendingOpenCustodyIsDrivenByProtosCase,0.006,False,False,False
com.guillermomolina.protos.conformance.ProtosFilesystemTreeIntegratedConformanceTest,finalDirectorySymlinkObservationFailsAsIoErrorThroughProtos,0.006,False,False,False
com.guillermomolina.protos.conformance.ProtosFilesystemTreeSurfaceConformanceTest,entriesSelectorIsProtosVisibleAndUnsupportedBackendFailsAsIOError,0.006,False,False,False
com.guillermomolina.protos.conformance.ProtosResourceLifetimeMaturityConformanceTest,borrowingTextReaderFailureStillLeavesOwnedFileCleanupToOuterEnsure,0.006,False,False,False
com.guillermomolina.protos.conformance.ProtosResourceLifetimeMaturityConformanceTest,futureRecordsAndResignalsLaterCloseErrorInsteadOfEarlierEncodingError,0.006,False,False,False
com.guillermomolina.protos.documentation.ProtosStandardLibraryDocumentationExtractorTest,nestedDocumentationIsValidButNotPublishedAsTopLevelSymbol,0.006,False,False,False
com.guillermomolina.protos.embedding.ProtosStandaloneHostedSessionEmbeddingTest,recursiveFibonacciRunIsInvokedRepeatedlyInOneSession,0.006,False,False,False
com.guillermomolina.protos.execution.ProtosAPlusExecutionProjectionTest,twoProcessContextsProjectOneSharedRootClosureThroughBytecodeAndOverlap,0.006,False,False,False
com.guillermomolina.protos.execution.ProtosCapturedFilesystemCustodyTest,selectedRootIsCapturedOnceAndRematerializedAcrossActorDomains,0.006,False,False,False
com.guillermomolina.protos.execution.ProtosCsvModuleTest,importedModuleExportsExactlyClosedDefaultProfileSurface,0.006,False,False,False
com.guillermomolina.protos.execution.ProtosExternalForeignProviderTest,configuredJarRoutesTheInventedSchemeThroughTheCommonSubstrate,0.006,False,False,False
com.guillermomolina.protos.execution.ProtosExternalForeignProviderTest,secondExternalSchemeRegistersAndUnusedProvidersStayUninitialized,0.006,False,False,False
com.guillermomolina.protos.execution.ProtosExternalPackageResourceScopeTest,independentConcurrentReadsReturnExactBytes,0.006,False,False,False
com.guillermomolina.protos.execution.ProtosForeignInteropTest,closedSessionFailsBeforeEntryAndNeverRebinds,0.006,False,False,False
com.guillermomolina.protos.execution.ProtosForeignValueAdmissionTest,rawReferencesAndAttachedFacadesHaveNoActorOrPTransferButScalarsDo,0.006,False,False,False
com.guillermomolina.protos.execution.ProtosForeignValueAdmissionTest,stableForeignIdentityUnifiesWrappersAndUnstableAdmissionsStayDistinct,0.006,False,False,False
com.guillermomolina.protos.execution.ProtosFreshProcessExecutorTest,sharedRuntimeHostMayOverlapFreshProcessesWithPrivateStreams,0.006,False,False,False
com.guillermomolina.protos.execution.ProtosMapMatchProtocolTest,computesQueryHashExactlyOncePerRequirementSearch,0.006,False,False,False
com.guillermomolina.protos.execution.ProtosMapMatchProtocolTest,snapshotsMatcherAndSubjectAssociationsBeforeChildren,0.006,False,False,False
com.guillermomolina.protos.execution.ProtosModuleRuntimeTest,resolverAndSourceFailuresBecomeCoreErrorsNotHostExceptions,0.006,False,False,False
com.guillermomolina.protos.execution.ProtosModuleRuntimeTest,moduleInstanceIsContextWithExplicitNamespaceAndNoImporterInheritance,0.006,False,False,False
com.guillermomolina.protos.execution.ProtosModuleRuntimeTest,unhostedCanonicalModuleExecutesThroughBytecodePublicParse,0.006,False,False,False
com.guillermomolina.protos.execution.ProtosNetworkingIpEndpointsModuleTest,importedModuleExportsExactlyApprovedSurface,0.006,False,False,False
com.guillermomolina.protos.execution.ProtosNetworkingIpEndpointsModuleTest,moduleMemberIsRuntimeCanonicalFamilyAcrossActorLocalInstances,0.006,False,False,False
com.guillermomolina.protos.execution.ProtosNioHostIoPollerTest,concurrentControlSubmissionsExecuteExactlyOnce,0.006,False,False,False
com.guillermomolina.protos.execution.ProtosNonLocalReturnTest,nestedInvocationWithCapturedActiveHomeRethrowsTransferToOwner,0.006,False,False,False
com.guillermomolina.protos.execution.ProtosPackageToolMetadataPersistenceTest,metadataPublicationStageCollisionPreservesTarget,0.006,False,False,False
com.guillermomolina.protos.execution.ProtosPackageToolMetadataPersistenceTest,metadataPublicationReplacesManifestTarget,0.006,False,False,False
com.guillermomolina.protos.execution.ProtosPackageToolMetadataPersistenceTest,metadataPublicationForbiddenTargetPreservesPreparedStageAndTarget,0.006,False,False,False
com.guillermomolina.protos.execution.ProtosParallelPolyglotContextRoutingTest,siblingAndNestedPUseTheOwningProcessContext,0.006,False,False,False
com.guillermomolina.protos.execution.ProtosPerf006B4ECancellationUnwindTest,nestedEnsuresRunInLifoOrderDuringCancellationUnwind,0.006,False,False,False
com.guillermomolina.protos.execution.ProtosPerf006B4ECancellationUnwindTest,cancellationInjectedIntoSuspendedCPrimeRunsEnsureBeforeTerminalization,0.006,False,False,False
com.guillermomolina.protos.execution.ProtosPerf006B4ECancellationUnwindTest,cancellationDrainsStructuredChildrenOnlyAfterCrossedCleanup,0.006,False,False,False
com.guillermomolina.protos.execution.ProtosPerf006B4ECancellationUnwindTest,cancellationCleanupMaySuspendWithoutRedeliveryOrReplay,0.006,False,False,False
com.guillermomolina.protos.execution.ProtosPerf006B4ECancellationUnwindTest,cleanupErrorSupersedesCancellationBeforeOuterHandlerRuns,0.006,False,False,False
com.guillermomolina.protos.execution.ProtosPerf006B6A3CObjectComposeCanonicalCoverageTest,suspendingCompositionSourceResumesWithoutReplayingCompletedPrefix,0.006,False,False,False
com.guillermomolina.protos.execution.ProtosPerf025DirectSourceClosureCompactInvocationTest,taskOwnedDirectSourceClosureUsesCompactPathWithExactTask,0.006,False,False,False
com.guillermomolina.protos.execution.ProtosPerf025H1IndexedParameterEstablishmentTest,staticIdentityNeverImpliesStaticPresence,0.006,False,False,False
com.guillermomolina.protos.execution.ProtosPerf025VirtualReturnHomeTest,nativeAndUnpreparedClosuresKeepAFreshPhysicalHome,0.006,False,False,False
com.guillermomolina.protos.execution.ProtosPerf026B1BooleanInlineCallbackTest,inlineCallbackKeepsReturnHomeCaptureAndFreshActivation,0.006,False,False,False
com.guillermomolina.protos.execution.ProtosPerf026B2BooleanInlineCallbackTest,dynamicCallbackRetainsItsPhysicalRoot,0.006,False,False,False
com.guillermomolina.protos.execution.ProtosPerf026B2BooleanInlineCallbackTest,inlineCallbackKeepsReturnHomeCaptureAndFreshActivation,0.006,False,False,False
com.guillermomolina.protos.execution.ProtosPerf026B2BooleanInlineCallbackTest,unselectedCallbacksAreNotEntered,0.006,False,False,False
com.guillermomolina.protos.execution.ProtosPerf026B2BooleanInlineCallbackTest,debuggerScopeInsideInlineOrCallbackProjectsTheCallbackActivation,0.006,False,False,False
com.guillermomolina.protos.execution.ProtosPerf026D1IndexedEachInlineCallbackTest,debuggerScopeInsideInlineCallbackProjectsTheCallbackActivation,0.006,False,False,False
com.guillermomolina.protos.execution.ProtosPerf026D1IndexedEachInlineCallbackTest,nonClosureInvokableAndCustomEachStayOrdinary,0.006,False,False,False
com.guillermomolina.protos.execution.ProtosPerf026D2AssociationEachInlineCallbackTest,callbackSuspensionResumesInsideTheLocalLoopWithoutReplay,0.006,False,False,False
com.guillermomolina.protos.execution.ProtosStandaloneHostedSessionLifecycleTest,sessionStaysLiveUntilCloseThenReachesCleanTerminalDisposition,0.006,False,False,False
com.guillermomolina.protos.execution.ProtosStandardPolyglotEmbeddingTest,invalidCoreOverrideFailsExplicitly,0.006,False,False,False
com.guillermomolina.protos.execution.ProtosStandardPolyglotEmbeddingTest,unhandledErrorInAnEvaluationIsFatal,0.006,False,False,False
com.guillermomolina.protos.execution.ProtosTestToolCatalogAcquisitionFacilityTest,authorityIsOneShotAndAFailedAttemptAlsoConsumesIt,0.006,False,False,False
com.guillermomolina.protos.execution.ProtosTestToolManifestPlanTest,caseSpecRequirementsAccessorReturnsFreshFrozenEmptyArrays,0.006,False,False,False
com.guillermomolina.protos.execution.ProtosTestToolProjectTreePlanTest,d133ProjectTreeAuthorityDescriptorIsInertCaseScopedData,0.006,False,False,False
com.guillermomolina.protos.execution.ProtosTestToolSuiteGraphTest,unknownNodeKindsFailClosed,0.006,False,False,False
com.guillermomolina.protos.execution.ProtosTestToolSuiteGraphTest,duplicateIdsFailClosed,0.006,False,False,False
com.guillermomolina.protos.execution.ProtosWorkspacePackageDependencyRoutingTest,dependencyEdgesAreOwnedByTheImportingPackageAndMalformedRoutesFailClosed,0.006,False,False,False
com.guillermomolina.protos.lsp.ProtosWorkspaceSymbolSearchTest,ranksExactPrefixSubstringThenSubsequenceAndPrefersOriginalCaseRelation,0.006,False,False,False
com.guillermomolina.protos.cli.ProtosCliLearningMaterialsTest,printDependentLearningMaterialsRunThroughStandaloneCli()[29],0.005,False,False,False
com.guillermomolina.protos.cli.ProtosCliLearningMaterialsTest,printDependentLearningMaterialsRunThroughStandaloneCli()[30],0.005,False,False,False
com.guillermomolina.protos.cli.ProtosCliLearningMaterialsTest,printDependentLearningMaterialsRunThroughStandaloneCli()[31],0.005,False,False,False
com.guillermomolina.protos.cli.ProtosCliLearningMaterialsTest,printDependentLearningMaterialsRunThroughStandaloneCli()[32],0.005,False,False,False
com.guillermomolina.protos.cli.ProtosCliLearningMaterialsTest,printDependentLearningMaterialsRunThroughStandaloneCli()[33],0.005,False,False,False
com.guillermomolina.protos.cli.ProtosCliLearningMaterialsTest,printDependentLearningMaterialsRunThroughStandaloneCli()[34],0.005,False,False,False
com.guillermomolina.protos.cli.ProtosLm009FLanguageServerCliTest,publicLanguageServerCommandRejectsUnexpectedArgumentsBeforeProtocolStartup,0.005,False,False,False
com.guillermomolina.protos.cli.ProtosTestToolExecutionRequirementRegistryTest,missingExecutionFacilityFailsClosedBeforePublication,0.005,False,False,False
com.guillermomolina.protos.cli.ProtosTestToolStdoutCompletionTest,markerWriteFailureIsNotSilentlyDiscarded,0.005,False,False,False
com.guillermomolina.protos.cli.ProtosTestToolStdoutCompletionTest,moduleCannotTerminateBeforeMarkerWritesComplete,0.005,False,False,False
com.guillermomolina.protos.conformance.ProtosFilesystemLanguageConformanceTest,replaceIsVisibleThroughOrdinaryProtosAndResolvesToTheExactFilesystem,0.005,False,False,False
com.guillermomolina.protos.conformance.ProtosFilesystemLanguageConformanceTest,distinctNamespaceInvocationsProduceFreshFutureIdentitiesFromProtos,0.005,False,False,False
com.guillermomolina.protos.conformance.ProtosFilesystemLibraryConformanceTest,readAllBytesPropagatesOpenFailureAsTheExistingCoreIoError,0.005,False,False,False
com.guillermomolina.protos.conformance.ProtosFilesystemLibraryConformanceTest,readAllBytesCancellationDuringPendingOpenReleasesLateUntransferredAcquisition,0.005,False,False,False
com.guillermomolina.protos.conformance.ProtosFilesystemLibraryConformanceTest,readAllBytesCancellationAfterAcquiredReadClosesBeforeTerminalCancellation,0.005,False,False,False
com.guillermomolina.protos.conformance.ProtosFilesystemMaturityConformanceTest,truncatePreservesHandleCursorAndIsVisibleThroughAnotherOpen,0.005,False,False,False
com.guillermomolina.protos.conformance.ProtosFilesystemMaturityConformanceTest,seekToEndThenPositionedWriteComposesWithoutAppendSemantics,0.005,False,False,False
com.guillermomolina.protos.conformance.ProtosFilesystemTreeIntegratedConformanceTest,productionEntriesExposeExactCompleteFrozenNoFollowDescriptorsThroughProtos,0.005,False,False,False
com.guillermomolina.protos.conformance.ProtosFilesystemTreeIntegratedConformanceTest,productionEntriesExposeOtherKindThroughProtosWhenUnixSocketsAreAvailable,0.005,False,False,False
com.guillermomolina.protos.embedding.ProtosStandaloneHostedExecutionEmbeddingTest,defaultEmbeddingGrantsNoNetwork,0.005,False,False,False
com.guillermomolina.protos.embedding.ProtosStandaloneHostedExecutionEmbeddingTest,terminalExpressionOfRecursiveFibonacciIsReturned,0.005,False,False,False
com.guillermomolina.protos.embedding.ProtosStandaloneHostedSessionEmbeddingTest,preparedTopLevelDoesNotFollowReassignmentButInvokeTopLevelDoes,0.005,False,False,False
com.guillermomolina.protos.embedding.ProtosStandaloneHostedSessionEmbeddingTest,preparedTopLevelReportsGuestFailureAsFailedOutcomeAndStaysUsable,0.005,False,False,False
com.guillermomolina.protos.execution.CanonicalMapConstructionExecutionTest,bytecodeBackendExecutesMapConstruction,0.005,False,False,False
com.guillermomolina.protos.execution.CanonicalMapConstructionExecutionTest,bytecodeBackendRejectsDuplicateInitialKey,0.005,False,False,False
com.guillermomolina.protos.execution.ProtosActorBootstrapTest,nonInvokableBindingAndNonObjectBehaviorAreInitializationFailures,0.005,False,False,False
com.guillermomolina.protos.execution.ProtosAsyncProcessSnapshotExecutionFacilityTest,completionReturnsThroughCallerDomainWithD135Bootstrap,0.005,False,False,False
com.guillermomolina.protos.execution.ProtosCapturedFilesystemCustodyTest,hostCapturedFilesystemIsReadOnlySourceIndependentAndVerifyUseStableThroughProtos,0.005,False,False,False
com.guillermomolina.protos.execution.ProtosCli008C1DiagnosticTraceTest,inlineCallbackContributesExactlyOneSemanticFrame,0.005,False,False,False
com.guillermomolina.protos.execution.ProtosCli008C1DiagnosticTraceTest,composedContinuationResumeKeepsSemanticOrderWithoutDuplicates,0.005,False,False,False
com.guillermomolina.protos.execution.ProtosCollectionsSetModuleTest,realStandardImportsRemainCachedPerActorAndActorLocal,0.005,False,False,False
com.guillermomolina.protos.execution.ProtosCommandLineResultModelTest,frozenResultGraphRejectsMutationAtRetainedBoundaries,0.005,False,False,False
com.guillermomolina.protos.execution.ProtosCoreBootstrapTest,concurrentCoreBootstrapsObserveOneCompleteFrozenRoot,0.005,False,False,False
com.guillermomolina.protos.execution.ProtosCoreNativeBoundaryArchitectureTest,internalAndHelperBackedStandardSurfacesStayExplicit,0.005,False,False,False
com.guillermomolina.protos.execution.ProtosDirectionalShutdownTest,shutdownIsCommittedSoCancellationCannotRewriteItAndFailureIsStable,0.005,False,False,False
com.guillermomolina.protos.execution.ProtosExactExecutionFacilityTest,inspectionMaySuspendOnRetainedGroupRequestWithoutSelectingRoutingMember,0.005,False,False,False
com.guillermomolina.protos.execution.ProtosExactExecutionFacilityTest,detachedFailedErrorAndCapturedStreamsRemainInspectable,0.005,False,False,False
com.guillermomolina.protos.execution.ProtosForeignCallbackTest,actualSuspensionIsRejectedAtItsPointButSynchronousWorkIsValid,0.005,False,False,False
com.guillermomolina.protos.execution.ProtosForeignCallbackTest,protosErrorRoundTripsExactlyAndForeignReplacementIsAForeignError,0.005,False,False,False
com.guillermomolina.protos.execution.ProtosForeignProviderEnforcementTest,rejectedProvidersFailClosedBeforeEveryProviderHookAndRetryStaysClosed,0.005,False,False,False
com.guillermomolina.protos.execution.ProtosForeignPullEachTest,blockErrorAndNonLocalExitStopPullingAndPropagateUnchanged,0.005,False,False,False
com.guillermomolina.protos.execution.ProtosForeignPullEachTest,iterationIsLiveWithoutArrayOrMapSnapshotSemantics,0.005,False,False,False
com.guillermomolina.protos.execution.ProtosForeignPullEachTest,arityAndCallabilityAreValidatedBeforeIteratorAcquisition,0.005,False,False,False
com.guillermomolina.protos.execution.ProtosHostJavaProviderTest,mutableJavaObjectsNeverCrossActorOrParallelBoundaries,0.005,False,False,False
com.guillermomolina.protos.execution.ProtosHostJavaProviderTest,javaObjectsKeepRawIdentityAndJavaEqualityIsNeverImported,0.005,False,False,False
com.guillermomolina.protos.execution.ProtosHostJavaProviderTest,javaProviderIsHostConfiguredRestrictedAndImportCannotChangeItsAuthority,0.005,False,False,False
com.guillermomolina.protos.execution.ProtosHostJavaProviderTest,importedClassIsTheActorLocalFacadeWithStaticConstructorAndInstanceCalls,0.005,False,False,False
com.guillermomolina.protos.execution.ProtosHostJavaProviderTest,explicitInteropReadsOnlyTheExposedMemberSurfaceAndAddsNoVerbs,0.005,False,False,False
com.guillermomolina.protos.execution.ProtosI050MultipleSlotCreationTest,preexistingLaterConflictPreservesEarlierCreation,0.005,False,False,False
com.guillermomolina.protos.execution.ProtosMapMatchProtocolTest,resolvesAllRequirementsBeforeInvokingAnyChild,0.005,False,False,False
com.guillermomolina.protos.execution.ProtosMapMatchProtocolTest,matchesOpenSubsetsAndRejectsIneligibleSubjects,0.005,False,False,False
com.guillermomolina.protos.execution.ProtosMapMatchProtocolTest,rejectsInvalidReachedMatcherOutcomes,0.005,False,False,False
com.guillermomolina.protos.execution.ProtosMapMatchProtocolTest,consumesEachChildCaptureCarrierBeforeContinuing,0.005,False,False,False
com.guillermomolina.protos.execution.ProtosModuleRuntimeTest,exactSpecifierTextAndCanonicalIdentityAreDistinctBoundaries,0.005,False,False,False
com.guillermomolina.protos.execution.ProtosModuleRuntimeTest,failedInitializationIsEvictedAndRetryCreatesFreshInstance,0.005,False,False,False
com.guillermomolina.protos.execution.ProtosModuleRuntimeTest,semanticStringImportsAndStringLikeObjectIsRejectedBeforeResolver,0.005,False,False,False
com.guillermomolina.protos.execution.ProtosNetworkAuthorityConfinementTest,hostedActorCannotResolveRootNetworkAsAmbientName,0.005,False,False,False
com.guillermomolina.protos.execution.ProtosObjectMatchProtocolTest,doesNotUseIdentityShortcutBeforeEquality,0.005,False,False,False
com.guillermomolina.protos.execution.ProtosPackagedCoreEmbeddingTest,contextsShareOneUnpackedCoreAndCloseLeavesNoResidue,0.005,False,False,False
com.guillermomolina.protos.execution.ProtosPerf006B4FStructuredWhileTest,conditionAndBodySuspensionResumeWithoutReplay,0.005,False,False,False
com.guillermomolina.protos.execution.ProtosPerf006B6A3ASuperSendCanonicalCoverageTest,superSendSupportsSpreadArgumentsAndDefaultExpressions,0.005,False,False,False
com.guillermomolina.protos.execution.ProtosPerf006B6A3CObjectComposeCanonicalCoverageTest,bareAndExplicitParentObjectsUseExactConstructionParent,0.005,False,False,False
com.guillermomolina.protos.execution.ProtosPerf006B6A6A1TaskOwnedClosureDispatchTest,foreignContextBytecodeTemplateReprojectsToBytecodeBeforeSynchronousInvocation,0.005,False,False,False
com.guillermomolina.protos.execution.ProtosPerf006Plat028MapAtPutCallbackTest,replacementEqualitySuspensionKeepsRepresentativeAndWorksWhenClosed,0.005,False,False,False
com.guillermomolina.protos.execution.ProtosPerf006Plat028MapRemoveCallbackTest,equalitySuspensionPreservesRecordedHashFilterAndQueryDirection,0.005,False,False,False
com.guillermomolina.protos.execution.ProtosPerf006Plat028MapRemoveCallbackTest,callbackClosingMapPreservesSearchButPreventsRemoval,0.005,False,False,False
com.guillermomolina.protos.execution.ProtosPerf006Plat028MapRemoveCallbackTest,hashSuspensionKeepsSameMapMutationRestrictedAndReturnsExactValue,0.005,False,False,False
com.guillermomolina.protos.execution.ProtosPerf006Plat029TextWriterCallbackTest,flushGuestCallbackMaySuspendAndCloseRemainsOutsideThisSlice,0.005,False,False,False
com.guillermomolina.protos.execution.ProtosPerf025CompactCalleeExecutionTest,persistentAuthorityCreationUsesConstantIndexedOrdinal,0.005,False,False,False
com.guillermomolina.protos.execution.ProtosPerf025CompactCalleeExecutionTest,slotCreationConflictAndD179PresenceArePreserved,0.005,False,False,False
com.guillermomolina.protos.execution.ProtosPerf025DirectSourceClosureCompactInvocationTest,stableDirectHitEntersSourceTargetThroughCompactAbiWithDeferredState,0.005,False,False,False
com.guillermomolina.protos.execution.ProtosPerf025H1IndexedParameterEstablishmentTest,indexedParameterAndRestOrdinalsAreInstructionConstants,0.005,False,False,False
com.guillermomolina.protos.execution.ProtosPerf025LazyInlineCallbackActivationTest,debuggerMaterializesOnDemandAndSeesParameterAndLocal,0.005,False,False,False
com.guillermomolina.protos.execution.ProtosPerf025LazyInlineCallbackActivationTest,frameNativeEstablishmentOrdinalsAreInstructionConstants,0.005,False,False,False
com.guillermomolina.protos.execution.ProtosPerf025LazyInlineCallbackActivationTest,unobservedInvocationNeverMaterializesNorCreatesDurableAuthority,0.005,False,False,False
com.guillermomolina.protos.execution.ProtosPerf025VirtualReturnHomeTest,literalInlineCallbackUnderVirtualHomeKeepsItsResult,0.005,False,False,False
com.guillermomolina.protos.execution.ProtosPerf025VirtualReturnHomeTest,descendantReturnRetainsOwnerHomeAtAnyDepth,0.005,False,False,False
com.guillermomolina.protos.execution.ProtosPerf025VirtualReturnHomeTest,nlrDeadInvocationsDoNotMaterializeAReturnHome,0.005,False,False,False
com.guillermomolina.protos.execution.ProtosPerf025VirtualReturnHomeTest,nonLocalReturnSemanticsArePreserved,0.005,False,False,False
com.guillermomolina.protos.execution.ProtosPerf026B1BooleanInlineCallbackTest,ordinarySelectionAndNonClosureCallbacksStayOrdinary,0.005,False,False,False
com.guillermomolina.protos.execution.ProtosPerf026B2BooleanInlineCallbackTest,inlineAndOrCallbackResultsKeepBooleanValidation,0.005,False,False,False
com.guillermomolina.protos.execution.ProtosPerf026B2BooleanInlineCallbackTest,customSelectorAndNonClosureCallbacksStayOrdinary,0.005,False,False,False
com.guillermomolina.protos.execution.ProtosPerf026B3BooleanInlineCallbackTest,nonEligibleLiteralsRetainTheirPhysicalRoot,0.005,False,False,False
com.guillermomolina.protos.execution.ProtosPerf026B3BooleanInlineCallbackTest,mixedSitesKeepEagerOrderedEvaluationAndAdmitOnlyTheSelectedLiteral,0.005,False,False,False
com.guillermomolina.protos.execution.ProtosPerf026B3BooleanInlineCallbackTest,debuggerScopeInsideInlineFalseBranchProjectsTheCallbackActivation,0.005,False,False,False
com.guillermomolina.protos.execution.ProtosPerf026B3BooleanInlineCallbackTest,customSelectorAndNonClosureCallbacksStayOrdinary,0.005,False,False,False
com.guillermomolina.protos.execution.ProtosPerf026C1WhileInlineCallbackTest,debuggerScopeInsideInlineBodyProjectsTheBodyActivation,0.005,False,False,False
com.guillermomolina.protos.execution.ProtosPerf026C1WhileInlineCallbackTest,nestedClosureLiteralRetainsStructuredWhile,0.005,False,False,False
com.guillermomolina.protos.execution.ProtosPerf026C1WhileInlineCallbackTest,strictConditionAndBodyErrorKeepLoopAuthority,0.005,False,False,False
com.guillermomolina.protos.execution.ProtosPerf026D1IndexedEachInlineCallbackTest,callbackSuspensionResumesInsideTheLocalLoopWithoutReplay,0.005,False,False,False
com.guillermomolina.protos.execution.ProtosPerf026D1IndexedEachInlineCallbackTest,inlineArrayEachKeepsSnapshotOrderResultIdentityAndFreshActivations,0.005,False,False,False
com.guillermomolina.protos.execution.ProtosPerf026D1IndexedEachInlineCallbackTest,dynamicCallbackRetainsStructuredEach,0.005,False,False,False
com.guillermomolina.protos.execution.ProtosPerf026D3EnvironmentEachInlineCallbackTest,eligibleEnvironmentEachRunsAsLocalLoopInCanonicalOrder,0.005,False,False,False
com.guillermomolina.protos.execution.ProtosPerf026D3EnvironmentEachInlineCallbackTest,mismatchedArityLiteralsKeepOrdinaryInvocationTimeArityErrors,0.005,False,False,False
com.guillermomolina.protos.execution.ProtosPerf033CanonicalCallableInteropTest,sessionCloseInvalidatesTheRetainedValue,0.005,False,False,False
com.guillermomolina.protos.execution.ProtosPerf033CanonicalCallableInteropTest,unsupportedArgumentsFailThroughInteropArity,0.005,False,False,False
com.guillermomolina.protos.execution.ProtosPlat029FutureValueNonTaskCPrimeTest,failedFuturePreservesExactErrorThroughOperationCPrimeObservation,0.005,False,False,False
com.guillermomolina.protos.execution.ProtosPolyglotExecutionContextTest,cPrimePlansAreLazyContextLocalAndReusedWithinOneContext,0.005,False,False,False
com.guillermomolina.protos.execution.ProtosProjectBindingPrerequisiteClosureTest,everyMechanicalFreshnessInputInvalidatesAcquisitionWhenChanged,0.005,False,False,False
com.guillermomolina.protos.execution.ProtosRegexUnicodeFacilityTest,facilityIsFrozenStatelessMemberOfExactRegexKeyOnly,0.005,False,False,False
com.guillermomolina.protos.execution.ProtosRootActorBootstrapAuthorityTest,rootFilesystemGrantIsOptionalAndAbsentMeansNoLocalSlot,0.005,False,False,False
com.guillermomolina.protos.execution.ProtosSealedFamilyFacilityTest,ansiReceivesTheSameFacilitiesAndPublishesOnlyRender,0.005,False,False,False
com.guillermomolina.protos.execution.ProtosSemanticTransferMaterializationTest,ordinaryHostedTransferPaysNoMaterializationOrStandardModuleLoad(Path),0.005,False,False,False
com.guillermomolina.protos.execution.ProtosSemanticTransferMaterializationTest,requestReplyMaterializesInTheRequesterDomain(Path),0.005,False,False,False
com.guillermomolina.protos.execution.ProtosSemanticTransferMaterializationTest,actorDestinationMaterializesWithItsOwnStandardModuleBeforeHandlersObserve(Path),0.005,False,False,False
com.guillermomolina.protos.execution.ProtosSemanticTransferMaterializationTest,pWorkerMaterializesBeforeComputationAndCallerMaterializesTheResult(Path),0.005,False,False,False
com.guillermomolina.protos.execution.ProtosStandaloneHostedSessionGateTest,dynamicAndPreparedInvocationRunOnTheCallingThread,0.005,False,False,False
com.guillermomolina.protos.execution.ProtosStandaloneHostedSessionGateTest,secondCallerWaitsAtTheGateWhileAnOperationIsInFlight,0.005,False,False,False
com.guillermomolina.protos.execution.ProtosStandaloneHostedSessionLifecycleTest,explicitGrantProvisionsNetworkFromSessionPreludeOnSessionRuntimeHost,0.005,False,False,False
com.guillermomolina.protos.execution.ProtosStandardBufferedByteIoProtocolTest,closeCutoverTerminatesUncommittedReadsWithoutWaitingForDiscardedLowerAftermath,0.005,False,False,False
com.guillermomolina.protos.execution.ProtosStandardPolyglotEmbeddingTest,twoContextsAreIndependent,0.005,False,False,False
com.guillermomolina.protos.execution.ProtosStandardTextWriterProtocolTest,downstreamWriteFailurePermanentlyPoisonsLaterOutput,0.005,False,False,False
com.guillermomolina.protos.execution.ProtosTestToolCatalogAcquisitionFacilityTest,wrongArityOrValueFamilyFailsClosed,0.005,False,False,False
com.guillermomolina.protos.execution.ProtosTestToolFutureFreshInspectionFixtureSuiteTest,futureFreshInspectionFixtures()[1],0.005,False,False,False
com.guillermomolina.protos.execution.ProtosTestToolFutureStoredInspectionFixtureSuiteTest,futureStoredInspectionFixtures()[2],0.005,False,False,False
com.guillermomolina.protos.execution.ProtosTestToolFutureStoredInspectionFixtureSuiteTest,futureStoredInspectionFixtures()[3],0.005,False,False,False
com.guillermomolina.protos.execution.ProtosTestToolFutureStoredInspectionFixtureSuiteTest,futureStoredInspectionFixtures()[10],0.005,False,False,False
com.guillermomolina.protos.execution.ProtosTestToolFutureStoredInspectionFixtureSuiteTest,futureStoredInspectionFixtures()[13],0.005,False,False,False
com.guillermomolina.protos.execution.ProtosTestToolFutureStoredInspectionFixtureSuiteTest,futureStoredInspectionFixtures()[14],0.005,False,False,False
com.guillermomolina.protos.execution.ProtosTestToolI8D4BResourcefulAttemptBridgeTest,successfulAttemptProjectsResourceAndReturnsFullCapturedGuestObservation,0.005,False,False,False
com.guillermomolina.protos.execution.ProtosTestToolSuiteGraphTest,cyclesFailClosed,0.005,False,False,False
com.guillermomolina.protos.execution.ProtosTestToolSuiteGraphTest,stableLogicalIdentityIsPreservedLiterally,0.005,False,False,False
com.guillermomolina.protos.execution.ProtosTestToolSuiteGraphTest,emptyIdsFailClosed,0.005,False,False,False
com.guillermomolina.protos.execution.ProtosTextIoFinalConformanceTest,hostReplacementPolicyIsDescriptorStateNotConverterCallChunking,0.005,False,False,False
com.guillermomolina.protos.execution.ProtosTextIoFinalConformanceTest,hostDescriptorSupportsOneShotReaderWriterIndependentFlowStateAndCloseFinalization,0.005,False,False,False
com.guillermomolina.protos.execution.ProtosWorkspacePackageDependencyRoutingTest,physicalTargetModulesCannotBypassTheTargetExportMap,0.005,False,False,False
com.guillermomolina.protos.lsp.ProtosLanguageServerReferencesTest,invalidOrUnprovenPositionReturnsOrdinaryEmptyReferences,0.005,False,False,False
com.guillermomolina.protos.cli.ProtosCliTest,formatInvalidSourceFailsClosedWithOriginalSourceOnStdout,0.004,False,False,False
com.guillermomolina.protos.cli.ProtosTestToolExecutionRequirementRegistryTest,registryIsExactInvocationScopedFrozenAndSourceFree,0.004,False,False,False
com.guillermomolina.protos.conformance.ProtosFilesystemLanguageConformanceTest,nonRecursiveRemovalFailureSurfacesAsIOErrorAndPreservesDescendants,0.004,False,False,False
com.guillermomolina.protos.conformance.ProtosFilesystemLanguageConformanceTest,hardLinkAliasesRemainANamespaceNoOpThroughTheProtosSurface,0.004,False,False,False
com.guillermomolina.protos.conformance.ProtosFilesystemLanguageConformanceTest,finalSymlinkSourceIsMovedAsItsEntryRatherThanFollowedThroughProtos,0.004,False,False,False
com.guillermomolina.protos.conformance.ProtosFilesystemMaturityConformanceTest,positionedWriteBeyondEofCreatesPortableZeroGapVisibleThroughAnotherOpen,0.004,False,False,False
com.guillermomolina.protos.conformance.ProtosFilesystemMaturityConformanceTest,independentlyOpenedFilesShareResourceContentButNotLogicalCursor,0.004,False,False,False
com.guillermomolina.protos.conformance.ProtosFilesystemTreeIntegratedConformanceTest,entriesCancellationIsVisibleThroughProtosAndLateCompletionCannotWin,0.004,False,False,False
com.guillermomolina.protos.conformance.ProtosFilesystemTreeSurfaceConformanceTest,captureTreeSelectorIsAbsentWhileEntriesRemainsProtosVisible,0.004,False,False,False
com.guillermomolina.protos.conformance.ProtosResourceLifetimeMaturityConformanceTest,bodyErrorIdentitySurvivesSuccessfulOwnedFileCleanup,0.004,False,False,False
com.guillermomolina.protos.conformance.ProtosResourceLifetimeMaturityConformanceTest,normalResultSurvivesOwnedFileCleanup,0.004,False,False,False
com.guillermomolina.protos.conformance.ProtosResourceLifetimeMaturityConformanceTest,laterFileCloseErrorSupersedesAlreadySelectedBodyError,0.004,False,False,False
com.guillermomolina.protos.documentation.ProtosSourceDocumentationTest,rejectsBlankLineBetweenSlotDocumentationAndOwner,0.004,False,False,False
com.guillermomolina.protos.documentation.ProtosStandardLibraryDocumentationExtractorTest,moduleDocumentationAfterFirstConstructIsRejected,0.004,False,False,False
com.guillermomolina.protos.embedding.ProtosStandaloneHostedSessionEmbeddingTest,repeatedInvocationsShareTheLiveEntryModuleState,0.004,False,False,False
com.guillermomolina.protos.embedding.ProtosStandaloneHostedSessionEmbeddingTest,preparedTopLevelIsRejectedAfterSessionClose,0.004,False,False,False
com.guillermomolina.protos.embedding.ProtosStandaloneHostedSessionEmbeddingTest,closedSessionRejectsInvocationAndCloseIsIdempotent,0.004,False,False,False
com.guillermomolina.protos.embedding.ProtosStandaloneHostedSessionEmbeddingTest,absentOrNonClosureTopLevelSlotIsRejected,0.004,False,False,False
com.guillermomolina.protos.embedding.ProtosStandaloneHostedSessionEmbeddingTest,recursiveFactorialRunIsInvokedRepeatedlyInOneSession,0.004,False,False,False
com.guillermomolina.protos.execution.CanonicalMapConstructionExecutionTest,bytecodeBackendRejectsArbitraryShadowFactory,0.004,False,False,False
com.guillermomolina.protos.execution.ProtosAPlusExecutionProjectionTest,enteredContextPreparedInvocationExecutesSharedRootClosureThroughBytecode,0.004,False,False,False
com.guillermomolina.protos.execution.ProtosActorBootstrapTest,sameCanonicalBootstrapModuleIsInstantiatedIndependentlyPerActor,0.004,False,False,False
com.guillermomolina.protos.execution.ProtosArrayMatchProtocolTest,rejectsInheritedArrayBehaviorOnIneligibleReceiver,0.004,False,False,False
com.guillermomolina.protos.execution.ProtosAsyncExactExecutionFacilityTest,inspectionAsyncPreservesLiveSourceCompositionAndCallerDomainMaterialization,0.004,False,False,False
com.guillermomolina.protos.execution.ProtosAsyncExactExecutionFacilityTest,twoAcceptedOperationsCanProgressIndependentlyWithPrivateOutput,0.004,False,False,False
com.guillermomolina.protos.execution.ProtosCapturedFilesystemCustodyTest,rematerializedViewsUseSameCapturedBackendAndCloseReleasesExactlyOnce,0.004,False,False,False
com.guillermomolina.protos.execution.ProtosCapturedProcessExecutionTest,semanticFailurePreservesAlreadyCommittedPrivateOutput,0.004,False,False,False
com.guillermomolina.protos.execution.ProtosCapturedProcessExecutionTest,exactProtosCaseGetsPrivateStdoutAndStderrPerExecution,0.004,False,False,False
com.guillermomolina.protos.execution.ProtosCli008C1DiagnosticTraceTest,directTaskFailureFromBridgedTransferProjectsOnlyItsOwnTask,0.004,False,False,False
com.guillermomolina.protos.execution.ProtosCli008C1DiagnosticTraceTest,sameErrorSignalledTwiceKeepsIdentityWithDistinctOccurrences,0.004,False,False,False
com.guillermomolina.protos.execution.ProtosCoreErrorInfrastructureTest,internalSignalApiDoesNotCoerceNonErrors,0.004,False,False,False
com.guillermomolina.protos.execution.ProtosCoreErrorInfrastructureTest,standardTaxonomyAndFailureFactoryRemainJavaSide,0.004,False,False,False
com.guillermomolina.protos.execution.ProtosCoreNativeBoundaryArchitectureTest,staticCoreSurfaceKeepsOnlyTheAuditedNativeSelectors,0.004,False,False,False
com.guillermomolina.protos.execution.ProtosDetachedExecutionValueCrossPreludeTest,explicitStandardErrorPrototypeMapsToDestinationPrototype,0.004,False,False,False
com.guillermomolina.protos.execution.ProtosDetachedExecutionValueCrossPreludeTest,namedStandardErrorOccurrenceKeepsCategoryInDestinationPrelude,0.004,False,False,False
com.guillermomolina.protos.execution.ProtosDiagnosticRootIdentityTest,distinctKindSourceOrSpanDoNotAlias,0.004,False,False,False
com.guillermomolina.protos.execution.ProtosExactExecutionFacilityTest,protosFixtureConsumesDetachedCompletedAndFailedOutcomes,0.004,False,False,False
com.guillermomolina.protos.execution.ProtosExactExecutionFacilityTest,inspectionMaySuspendOnRetainedActorRequestThroughProductionScheduler,0.004,False,False,False
com.guillermomolina.protos.execution.ProtosExternalForeignProviderTest,withoutTheExternalJarTheSchemeDoesNotExist,0.004,False,False,False
com.guillermomolina.protos.execution.ProtosForeignCallbackTest,closedSessionGenerationRejectsAndNeverRebinds,0.004,False,False,False
com.guillermomolina.protos.execution.ProtosForeignCallbackTest,foreignThreadsAndConcurrentEntryAreRejectedBeforeGuestCode,0.004,False,False,False
com.guillermomolina.protos.execution.ProtosForeignInteropTest,writeMemberMutatesTheForeignMemberAndAnswersTheExactValueWithoutReadback,0.004,False,False,False
com.guillermomolina.protos.execution.ProtosForeignModuleImportTest,foreignKeysAreStructuredAndCannotCollideWithSourceKeys,0.004,False,False,False
com.guillermomolina.protos.execution.ProtosForeignProviderEnforcementTest,admittedRestrictedProviderOpensOnlyThroughItsZeroAuthorityMechanism,0.004,False,False,False
com.guillermomolina.protos.execution.ProtosForeignProviderEnforcementTest,failedConfinementIsNeitherCachedNorAdmittedAndRetryReconfines,0.004,False,False,False
com.guillermomolina.protos.execution.ProtosForeignProviderEnforcementTest,stronglyIsolatedProviderOpensThroughItsIsolationAndTrustedOnlyFromHostRegistry,0.004,False,False,False
com.guillermomolina.protos.execution.ProtosForeignProviderEnforcementTest,unusedProvidersStayInertAndAnEmptyRegistryAdmitsNothing,0.004,False,False,False
com.guillermomolina.protos.execution.ProtosForeignProviderEnforcementTest,terminatedProcessCannotReacquireAuthorityAndActorsShareNoAdmissionState,0.004,False,False,False
com.guillermomolina.protos.execution.ProtosForeignPullEachTest,suspensionInsideTheBlockResumesTheSameVisitWithoutReplay,0.004,False,False,False
com.guillermomolina.protos.execution.ProtosForeignPullEachTest,elementsArePulledOneAtATimeAdmittedAndVisitedInProviderOrder,0.004,False,False,False
com.guillermomolina.protos.execution.ProtosForeignPullEachTest,projectedEachClosureIsNeitherActorTransferableNorParallel,0.004,False,False,False
com.guillermomolina.protos.execution.ProtosForeignPullEachTest,attachedFacadeProjectsTheSameEachAfterItsOrdinaryChain,0.004,False,False,False
com.guillermomolina.protos.execution.ProtosForeignValueProjectionTest,callIsProjectedOnlyForUnambiguousExecutablesAndMemberInvocationIsReadThenCall,0.004,False,False,False
com.guillermomolina.protos.execution.ProtosForeignValueProjectionTest,protosChainWinsThenFaithfulFallbackAdmitsAndInstitutionsCannotBeHijacked,0.004,False,False,False
com.guillermomolina.protos.execution.ProtosI026EDebuggerIntegrationTest,twoSameContextCarriersSuspendConcurrentlyWithIndependentActivationScopes,0.004,False,False,False
com.guillermomolina.protos.execution.ProtosI072PhaseEStructuredSendConvergenceTest,warmedCanonicalEnsureHitStopsAfterNearerOverrideAddition,0.004,False,False,False
com.guillermomolina.protos.execution.ProtosI072PhaseEStructuredSendConvergenceTest,warmedCanonicalBooleanHitStaysValidOnFrozenStandardSelection,0.004,False,False,False
com.guillermomolina.protos.execution.ProtosI072PhaseEStructuredSendConvergenceTest,warmedCanonicalErrorHandleHitRemainsCorrectAcrossRepeatedDistinctErrors,0.004,False,False,False
com.guillermomolina.protos.execution.ProtosLoggingFacilityTest,jsonFormatterFacilityAnswersTheSameShortestDecimal,0.004,False,False,False
com.guillermomolina.protos.execution.ProtosMapConstructionFPrimeProtocolTest,duplicateInitialDefinitionErrorsWithoutReplacingStoredAssociation,0.004,False,False,False
com.guillermomolina.protos.execution.ProtosMapMatchProtocolTest,invokesChildrenInMatcherInsertionOrder,0.004,False,False,False
com.guillermomolina.protos.execution.ProtosMapMatchProtocolTest,rejectsInheritedMapBehaviorOnIneligibleReceiver,0.004,False,False,False
com.guillermomolina.protos.execution.ProtosMapMatchProtocolTest,composesCapturesWithoutFlatteningCapturedArrays,0.004,False,False,False
com.guillermomolina.protos.execution.ProtosMathIntegerModuleTest,importedModuleExportsExactlyApprovedSliceSurface,0.004,False,False,False
com.guillermomolina.protos.execution.ProtosModuleRuntimeTest,cachesAreActorLocal,0.004,False,False,False
com.guillermomolina.protos.execution.ProtosModuleRuntimeTest,canonicalKeyCachesBeforeExecutionSupportsCyclesAndSingleEvaluation,0.004,False,False,False
com.guillermomolina.protos.execution.ProtosModuleRuntimeTest,coreImportFacilityIsSourceBackedIdentityWithOnlyNativeCallBridge,0.004,False,False,False
com.guillermomolina.protos.execution.ProtosNetworkAuthorityConfinementTest,actualRootBootstrapGrantIsRejectedByActorAndPBoundaries,0.004,False,False,False
com.guillermomolina.protos.execution.ProtosNetworkAuthorityConfinementTest,importedModuleCannotResolveRootNetworkAsAmbientName,0.004,False,False,False
com.guillermomolina.protos.execution.ProtosNetworkBootstrapAuthorityTest,absentNetworkGrantCreatesNoRootLocalSlot,0.004,False,False,False
com.guillermomolina.protos.execution.ProtosNetworkBootstrapAuthorityTest,importedModulesAndHostedActorsDoNotReceiveRootNetworkGrant,0.004,False,False,False
com.guillermomolina.protos.execution.ProtosNioFilesystemTreeCaptureBackendTest,captureSpillsRegularBytesAndRemainsIndependentFromSourceMutation,0.004,False,False,False
com.guillermomolina.protos.execution.ProtosNioHostIoPollerTest,closeIsIdempotentRejectsNewWorkAndReleasesRegisteredChannels,0.004,False,False,False
com.guillermomolina.protos.execution.ProtosNioNetworkBackendConnectTest,cancellationBeforeQueuedConnectPreventsAcquisition,0.004,False,False,False
com.guillermomolina.protos.execution.ProtosNioReadOnlyTreeFilesystemBackendTest,intermediateSymlinkCannotEscapeAuthorityTree,0.004,False,False,False
com.guillermomolina.protos.execution.ProtosNioReadOnlyTreeFilesystemBackendTest,nestedRelativeFilesAreReadableInsidePinnedTree,0.004,False,False,False
com.guillermomolina.protos.execution.ProtosObjectMatchProtocolTest,sendsEqualityToMatcherExactlyOnceAndNeverReversesIt,0.004,False,False,False
com.guillermomolina.protos.execution.ProtosPackageExecutionPlanV2ModuleResolverTest,externalLoadingFailsAfterTheOwningScopeClosesAndResolverNeverClosesIt,0.004,False,False,False
com.guillermomolina.protos.execution.ProtosPackageExecutionPlanV2ModuleResolverTest,malformedAbsentAndForeignRoutingFailsClosed,0.004,False,False,False
com.guillermomolina.protos.execution.ProtosParallelExecutionTest,readyBeforeSuspendCancellationWinsWithoutConsumingOutcome,0.004,False,False,False
com.guillermomolina.protos.execution.ProtosPerf006B3FClosureEvidenceTest,completedSendReceiverAndSpreadEffectsDoNotReplayAcrossRealFutureSuspension,0.004,False,False,False
com.guillermomolina.protos.execution.ProtosPerf006B4DErrorHandlersTest,invalidHandlerIsRejectedBeforeFrameInstallationAndBodyEntry,0.004,False,False,False
com.guillermomolina.protos.execution.ProtosPerf006B4DErrorHandlersTest,innermostMatchingHandlerWinsAndOuterRemainsUninvoked,0.004,False,False,False
com.guillermomolina.protos.execution.ProtosPerf006B4FStructuredWhileTest,invalidBodyIsRejectedBeforeFirstConditionActivation,0.004,False,False,False
com.guillermomolina.protos.execution.ProtosPerf006B6A2MutatingCanonicalCoverageTest,mutationValidationPrecedesRhsEvaluation,0.004,False,False,False
com.guillermomolina.protos.execution.ProtosPerf006B6A2MutatingCanonicalCoverageTest,mutatingDefaultExpressionRunsOnBytecodePlan,0.004,False,False,False
com.guillermomolina.protos.execution.ProtosPerf006B6A2MutatingCanonicalCoverageTest,indexedAssignmentUsesSuspendingAtPutAndReturnsExactRhsWithoutReplay,0.004,False,False,False
com.guillermomolina.protos.execution.ProtosPerf006B6A2MutatingCanonicalCoverageTest,explicitAssignmentSuspensionResumesWithoutTargetOrRhsPrefixReplay,0.004,False,False,False
com.guillermomolina.protos.execution.ProtosPerf006B6A3ASuperSendCanonicalCoverageTest,superOutsideMethodStillSignalsInvalidSuper,0.004,False,False,False
com.guillermomolina.protos.execution.ProtosPerf006B6A3ASuperSendCanonicalCoverageTest,superSendStartsAtPhysicalMethodHomeParentAndPreservesDynamicReceiver,0.004,False,False,False
com.guillermomolina.protos.execution.ProtosPerf006B6A3ASuperSendCanonicalCoverageTest,suspendingSuperTargetResumesWithoutCompletedPrefixReplay,0.004,False,False,False
com.guillermomolina.protos.execution.ProtosPerf006B6A3CObjectComposeCanonicalCoverageTest,objectLiteralWorksAsClosureDefaultExpression,0.004,False,False,False
com.guillermomolina.protos.execution.ProtosPerf006B6A3CObjectComposeCanonicalCoverageTest,compositionReservesDirectNamesAndConstructionClosureSkipsObjectLexically,0.004,False,False,False
com.guillermomolina.protos.execution.ProtosPerf006B6A5ModuleInitializationCPrimeBridgeTest,cancelledSuspendedModuleEvictsExactRecordAndRetryIsFresh,0.004,False,False,False
com.guillermomolina.protos.execution.ProtosPerf006B6A6A1TaskOwnedClosureDispatchTest,bytecodeTemplateClosureExecutesDirectlyInContextLocalCPrimeTaskAndResumesWithoutReplay,0.004,False,False,False
com.guillermomolina.protos.execution.ProtosPerf006B6A6A1TaskOwnedClosureDispatchTest,standardClosureFutureUsesSameTaskOwnedCPrimeDispatch,0.004,False,False,False
com.guillermomolina.protos.execution.ProtosPerf006C3FLifecycleReleaseCarrierTest,plat030ReleaseOwnedSuspensionIsABytecodeContinuationCarrier,0.004,False,False,False
com.guillermomolina.protos.execution.ProtosPerf006Plat028EnvironmentEachCallbackTest,environmentEachOwnsSortedSuspendingCallbackLoopInsideCPrime,0.004,False,False,False
com.guillermomolina.protos.execution.ProtosPerf006Plat028IdentityMapEachCallbackTest,atIfAbsentFallbackSuspensionDoesNotReplayIdentityLookup,0.004,False,False,False
com.guillermomolina.protos.execution.ProtosPerf006Plat028MapAtPutCallbackTest,frozenFailsBeforeHashWhileClosedAbsentFailsAfterSearch,0.004,False,False,False
com.guillermomolina.protos.execution.ProtosPerf006Plat028MapEachCallbackTest,mapEachKeepsEntrySnapshotAcrossCallbackMutation,0.004,False,False,False
com.guillermomolina.protos.execution.ProtosPerf006Plat028MapReadLookupCallbackTest,cancellationUnwindReleasesSuspendedEqualityComparisonExactlyOnce,0.004,False,False,False
com.guillermomolina.protos.execution.ProtosPerf006Plat028MapReadLookupCallbackTest,invalidHashAndEqualityResultsFailAfterComparisonScopeRelease,0.004,False,False,False
com.guillermomolina.protos.execution.ProtosPerf006Plat028MapReadLookupCallbackTest,atEqualitySuspensionPreservesHashFilterDirectionAndExactValue,0.004,False,False,False
com.guillermomolina.protos.execution.ProtosPerf006Plat028MapReadLookupCallbackTest,containsKeyHashSuspensionKeepsSameMapMutationRestricted,0.004,False,False,False
com.guillermomolina.protos.execution.ProtosPerf006Plat028MapRemoveCallbackTest,closedAndFrozenRejectBeforeKeyCallbacks,0.004,False,False,False
com.guillermomolina.protos.execution.ProtosPerf006Plat029TextWriterCallbackTest,pendingLowerWriteFutureUsesOperationWaitWithoutHiddenTask,0.004,False,False,False
com.guillermomolina.protos.execution.ProtosPerf006Plat029TextWriterCallbackTest,guestInvocationFailureMapsToIoErrorBeforeLowerFutureProjection,0.004,False,False,False
com.guillermomolina.protos.execution.ProtosPerf006Plat031BufferedReaderCPrimeTest,cancelledBufferedReadDiscardsLateReadAheadAndUnblocksNextRead,0.004,False,False,False
com.guillermomolina.protos.execution.ProtosPerf006Plat031BufferedWriterCPrimeTest,unknownLowerWriteFailureBeatsPendingOuterCancellationUnderD117,0.004,False,False,False
com.guillermomolina.protos.execution.ProtosPerf025C1cSemanticSourceTopologyTest,guardedMethodSendEntersSemanticRootWithOneActivation,0.004,False,False,False
com.guillermomolina.protos.execution.ProtosPerf025C1cSemanticSourceTopologyTest,closureActivationRootIsItsOwnCompositionTarget,0.004,False,False,False
com.guillermomolina.protos.execution.ProtosPerf025CallbackConsumerSpecializationTest,memberLookupFailureKeepsSlotNotFound,0.004,False,False,False
com.guillermomolina.protos.execution.ProtosPerf025CompactCalleeExecutionTest,contextObservedByDefaultShowsExactlyEarlierBindings,0.004,False,False,False
com.guillermomolina.protos.execution.ProtosPerf025CompactCalleeExecutionTest,restCaptureErrorAndReturnSemanticsAreUnchanged,0.004,False,False,False
com.guillermomolina.protos.execution.ProtosPerf025DirectSourceClosureCompactInvocationTest,guestDirectCallsKeepCaptureThisAndNonLocalReturnSemantics,0.004,False,False,False
com.guillermomolina.protos.execution.ProtosPerf025DirectSourceClosureCompactInvocationTest,successiveDirectInvocationsGetDistinctActivationsAndContexts,0.004,False,False,False
com.guillermomolina.protos.execution.ProtosPerf025H1IndexedParameterEstablishmentTest,frameNativeParameterRootIsUnchanged,0.004,False,False,False
com.guillermomolina.protos.execution.ProtosPerf025H1IndexedParameterEstablishmentTest,nonOpenContextTakesTheNamedCreationRule,0.004,False,False,False
com.guillermomolina.protos.execution.ProtosPerf025H1LazyRootActivationTest,arityErrorsMaterializeOnTheErrorPathOnly,0.004,False,False,False
com.guillermomolina.protos.execution.ProtosPerf025LazyInlineCallbackActivationTest,firstMaterializationMakesBindingsDurableBeforeTheObserverRuns,0.004,False,False,False
com.guillermomolina.protos.execution.ProtosPerf025LazyInlineCallbackActivationTest,frameNativeZeroParameterCallbackEntersWithoutActivation,0.004,False,False,False
com.guillermomolina.protos.execution.ProtosPerf025LazyInlineCallbackActivationTest,firstObserverMaterializesOncePerFreshInvocation,0.004,False,False,False
com.guillermomolina.protos.execution.ProtosPerf025LazyInlineCallbackActivationTest,frameNativeTwoParameterEachEntersWithoutActivation,0.004,False,False,False
com.guillermomolina.protos.execution.ProtosPerf026B1BooleanInlineCallbackTest,eligibleIfTrueLiteralCallbackRunsInlineInItsSourceRoot,0.004,False,False,False
com.guillermomolina.protos.execution.ProtosPerf026B1BooleanInlineCallbackTest,debuggerScopeInsideInlineCallbackProjectsTheCallbackActivation,0.004,False,False,False
com.guillermomolina.protos.execution.ProtosPerf026B1BooleanInlineCallbackTest,errorAndSuspensionCrossTheInlineCallback,0.004,False,False,False
com.guillermomolina.protos.execution.ProtosPerf026B2BooleanInlineCallbackTest,errorAndSuspensionCrossTheInlineCallback,0.004,False,False,False
com.guillermomolina.protos.execution.ProtosPerf026B3BooleanInlineCallbackTest,dynamicSelectedCallbackRetainsItsPhysicalRoot,0.004,False,False,False
com.guillermomolina.protos.execution.ProtosPerf026B3BooleanInlineCallbackTest,errorAndSuspensionCrossTheInlineCallback,0.004,False,False,False
com.guillermomolina.protos.execution.ProtosPerf026C1WhileInlineCallbackTest,eligibleLiteralPairRunsAsLocalLoopInItsSourceRoot,0.004,False,False,False
com.guillermomolina.protos.execution.ProtosPerf026C1WhileInlineCallbackTest,nonWhileSelectionOfLiteralPairStaysOrdinary,0.004,False,False,False
com.guillermomolina.protos.execution.ProtosPerf026D1IndexedEachInlineCallbackTest,eligibleBytesEachRunsAsLocalLoopWithSemanticIntegerOctets,0.004,False,False,False
com.guillermomolina.protos.execution.ProtosPerf026D2AssociationEachInlineCallbackTest,indexedEachKeepsItsOneParameterLocalLoop,0.004,False,False,False
com.guillermomolina.protos.execution.ProtosPerf026D2AssociationEachInlineCallbackTest,eligibleMapEachRunsAsLocalLoopWithExactKeysAndValues,0.004,False,False,False
com.guillermomolina.protos.execution.ProtosPerf026D2AssociationEachInlineCallbackTest,eligibleIdentityMapEachRunsAsLocalLoopWithoutReSearch,0.004,False,False,False
com.guillermomolina.protos.execution.ProtosPerf026D3EnvironmentEachInlineCallbackTest,inlineEnvironmentEachUsesFreshActivationsAndCapturesByReference,0.004,False,False,False
com.guillermomolina.protos.execution.ProtosPerf026D3EnvironmentEachInlineCallbackTest,ownedReturnHomeLiteralRetainsStructuredEach,0.004,False,False,False
com.guillermomolina.protos.execution.ProtosPerf026D3EnvironmentEachInlineCallbackTest,inlineEachNonLocalReturnAndErrorStopLaterVisits,0.004,False,False,False
com.guillermomolina.protos.execution.ProtosPerf026D3EnvironmentEachInlineCallbackTest,indexedAndAssociationEachKeepTheirLocalLoops,0.004,False,False,False
com.guillermomolina.protos.execution.ProtosPerf026D3EnvironmentEachInlineCallbackTest,inlineEnvironmentEachPrevalidatesWholePortableSnapshot,0.004,False,False,False
com.guillermomolina.protos.execution.ProtosPerf026D3EnvironmentEachInlineCallbackTest,callbackSuspensionResumesInsideTheLocalLoopWithoutReplay,0.004,False,False,False
com.guillermomolina.protos.execution.ProtosPerf027AGuardedIntegerDeferredActivationTest,separateContextsKeepIndependentDeferredFallbackActivations,0.004,False,False,False
com.guillermomolina.protos.execution.ProtosPerf033CanonicalCallableInteropTest,preparedLiteralIsACanonicalExecutableValue,0.004,False,False,False
com.guillermomolina.protos.execution.ProtosPerf033CanonicalCallableInteropTest,preparedValueKeepsTheSelectedClosureAfterSlotReassignment,0.004,False,False,False
com.guillermomolina.protos.execution.ProtosPerf033CanonicalCallableInteropTest,executionEntersThroughTheFrameworkWithoutRootTaskOrSessionEntry,0.004,False,False,False
com.guillermomolina.protos.execution.ProtosPerf033CanonicalCallableInteropTest,literalCompactCallMaterializesNoActivationAndNoTask,0.004,False,False,False
com.guillermomolina.protos.execution.ProtosPlat029FutureValueNonTaskCPrimeTest,alreadyTerminalFutureCompletesInInitialOperationSegment,0.004,False,False,False
com.guillermomolina.protos.execution.ProtosPlat029IoOperationCPrimeDriverTest,nestedGuestCallbackSuspendsAndResumesUnderExactOperationWithoutTask,0.004,False,False,False
com.guillermomolina.protos.execution.ProtosProcessSnapshotExecutionTest,createsFreshEquivalentBootstrapForEveryExecution,0.004,False,False,False
com.guillermomolina.protos.execution.ProtosProcessStandardStreamParallelTransferTest,processStandardStreamProxyHasNoCorePTransferContract,0.004,False,False,False
com.guillermomolina.protos.execution.ProtosRootActorBootstrapAuthorityTest,rootInitialModuleReceivesProcessBeforeItsFirstSourceExpression,0.004,False,False,False
com.guillermomolina.protos.execution.ProtosSealedFamilyFacilityTest,modulesPublishExactlyTheirRatifiedSurface,0.004,False,False,False
com.guillermomolina.protos.execution.ProtosSealedFamilyFacilityTest,styleKeepsItsForegroundAsPrivateFamilyState,0.004,False,False,False
com.guillermomolina.protos.execution.ProtosSealedFamilyFacilityTest,concatOfExistingStyledTextAnswersAFreshValueWithTheSameRuns,0.004,False,False,False
com.guillermomolina.protos.execution.ProtosStandardArrayFactoryTest,factoryMaterializesOpenRepresentedArrayWithInvocationReceiverParent,0.004,False,False,False
com.guillermomolina.protos.execution.ProtosStandardBufferedByteIoProtocolTest,owningCloseWaitsForOwnedTargetCloseEvenWhenWrapperFinalizationFailed,0.004,False,False,False
com.guillermomolina.protos.execution.ProtosStandardByteIoPositioningProtocolTest,writeFlushAndSizeShareOneOrderingDomain,0.004,False,False,False
com.guillermomolina.protos.execution.ProtosStandardByteIoPositioningProtocolTest,extendedSurfaceReturnsFuturesAndValidatesArguments,0.004,False,False,False
com.guillermomolina.protos.execution.ProtosStandardMapProtocolTest,closedAndFrozenBoundaries,0.004,False,False,False
com.guillermomolina.protos.execution.ProtosStandardPolyglotEmbeddingTest,standaloneEntriesAreDistinctAndImportableModulesAreCached,0.004,False,False,False
com.guillermomolina.protos.execution.ProtosStandardPolyglotEmbeddingTest,concurrentRootActorEntryIsRejectedNotQueued,0.004,False,False,False
com.guillermomolina.protos.execution.ProtosStandardTextReaderProtocolTest,coreFactoryBoundaryIsFrozenAndAcceptsRepresentedByteReadableCapability,0.004,False,False,False
com.guillermomolina.protos.execution.ProtosStandardTextReaderProtocolTest,underlyingFailureBeforeTextPoisonsReaderWithoutAdditionalReads,0.004,False,False,False
com.guillermomolina.protos.execution.ProtosTcpListenerIntegratedConformanceTest,acquiredListenerComposesListenAcceptConnectionLifecycleAndTransferConfinement,0.004,False,False,False
com.guillermomolina.protos.execution.ProtosTestToolFutureFreshInspectionFixtureSuiteTest,futureFreshInspectionFixtures()[2],0.004,False,False,False
com.guillermomolina.protos.execution.ProtosTestToolFutureStoredInspectionFixtureSuiteTest,futureStoredInspectionFixtures()[4],0.004,False,False,False
com.guillermomolina.protos.execution.ProtosTestToolFutureStoredInspectionFixtureSuiteTest,futureStoredInspectionFixtures()[11],0.004,False,False,False
com.guillermomolina.protos.execution.ProtosTestToolFutureStoredInspectionFixtureSuiteTest,futureStoredInspectionFixtures()[12],0.004,False,False,False
com.guillermomolina.protos.execution.ProtosTestToolFutureStoredInspectionFixtureSuiteTest,futureStoredInspectionFixtures()[15],0.004,False,False,False
com.guillermomolina.protos.execution.ProtosTestToolFutureStoredInspectionFixtureSuiteTest,futureStoredInspectionFixtures()[16],0.004,False,False,False
com.guillermomolina.protos.execution.ProtosTestToolI8D3RootActorResourceBundleTest,bootstrapRejectsUnfrozenOrForeignPreludeResourceMaps,0.004,False,False,False
com.guillermomolina.protos.execution.ProtosTestToolI8D4ATerminalAttemptEnvelopeTest,attemptDoesNotCompleteBeforeExecutionHostAndProviderCleanupAreTerminal,0.004,False,False,False
com.guillermomolina.protos.execution.ProtosTestToolI8D4BResourcefulAttemptBridgeTest,submissionFailureCleansProvisionedLeaseAndKeepsCapacitySafe,0.004,False,False,False
com.guillermomolina.protos.execution.ProtosTestToolI8D4C1ResourcefulExecutionFacilityTest,malformedBindingSnapshotFailsAtPrivateProtocolBoundary,0.004,False,False,False
com.guillermomolina.protos.execution.ProtosTestToolI8D4C2ResourcefulInspectionFacilityTest,malformedInspectionBindingSnapshotFailsAtPrivateProtocolBoundary,0.004,False,False,False
com.guillermomolina.protos.execution.ProtosTestToolSuiteGraphTest,nonStringIdsFailClosed,0.004,False,False,False
com.guillermomolina.protos.execution.ProtosTestToolTool009ALifecycleReporterTest,bothExecutionPathsReportThroughOneInvocationWideLifecycleTracker,0.004,False,False,False
com.guillermomolina.protos.execution.ProtosTextReaderLineProtocolTest,lineTooLongWinsBeforeLaterMalformedInputAndPermanentlyFailsReader,0.004,False,False,False
com.guillermomolina.protos.execution.ProtosWorkspacePackageApplicationExecutionTest,explicitGrantProvisionsNetworkForApplicationPreludeOnHostingRuntimeHost,0.004,False,False,False
com.guillermomolina.protos.execution.ProtosWorkspacePackageApplicationExecutionTest,detachedPlanRunsInFreshProcessWithExplicitBootstrapData,0.004,False,False,False
com.guillermomolina.protos.execution.ProtosWorkspacePackageDependencyRoutingTest,realProtosDepImportUsesTargetExportAndTargetSelfContext,0.004,False,False,False
com.guillermomolina.protos.lsp.ProtosLanguageServerWorkspaceSymbolsTest,invalidOverlaySuppressesStaleDiskSymbolsAndCandidateRootsAreNotDiscovered,0.004,False,False,False
com.guillermomolina.protos.lsp.ProtosWorkspaceSymbolSearchTest,appliesOneDeterministicGlobalTopHundredCap,0.004,False,False,False
com.guillermomolina.protos.runtime.ProtosActorRequestTest,destinationLocalFutureReplyFailsNonTransferableWithoutKillingActor,0.004,False,False,False
com.guillermomolina.protos.runtime.ProtosActorRequestTest,cancellationBeforeAcceptanceCancelsWhileAcceptedCancellationCannotUnsend,0.004,False,False,False
com.guillermomolina.protos.runtime.ProtosActorTerminationTest,gracefulStopCancelsLiveTasksAndWaitsForTheirCancellationUnwind,0.004,False,False,False
com.guillermomolina.protos.runtime.ProtosGroupRefPublicApiTest,publicSendAndRequestReuseTheExistingGroupRoutingSemantics,0.004,False,False,False
com.guillermomolina.protos.runtime.ProtosPlat029IoOperationRunnableSeamTest,terminalOperationLeavesNoRunnableExecutionEvenWhenAlreadyQueued,0.004,False,False,False
com.guillermomolina.protos.runtime.ProtosProcessRuntimeTest,rootBootstrapErrorUsesProcessFailureAuthority,0.004,False,False,False
com.guillermomolina.protos.cli.ProtosCliTest,formatInputAndUsageFailuresKeepStdoutEmpty,0.003,False,False,False
com.guillermomolina.protos.cli.ProtosReplTest,historySplitsMultilineInputIntoIndependentEntries,0.003,False,False,False
com.guillermomolina.protos.conformance.ProtosFilesystemLanguageConformanceTest,removeIsVisibleThroughOrdinaryProtosAndResolvesToTheExactFilesystem,0.003,False,False,False
com.guillermomolina.protos.conformance.ProtosFilesystemLanguageConformanceTest,mutableAuthorityRejectionSurfacesAsStandardIOErrorWithoutEffect,0.003,False,False,False
com.guillermomolina.protos.conformance.ProtosFilesystemMaturityConformanceTest,pathOpenReadPositionAndSeekComposeInOrdinaryProtos,0.003,False,False,False
com.guillermomolina.protos.documentation.ProtosDocumentationModelTest,duplicateSymbolIdentityWithinOneArtifactIsRejected,0.003,False,False,False
com.guillermomolina.protos.documentation.ProtosStandardLibraryDocumentationExtractorTest,inlineDocumentationMarkerIsRejected,0.003,False,False,False
com.guillermomolina.protos.documentation.ProtosStandardLibraryDocumentationExtractorTest,ambiguousCaseFoldSiblingSpellingIsRejected,0.003,False,False,False
com.guillermomolina.protos.embedding.ProtosStandaloneHostedExecutionEmbeddingTest,terminalExpressionOfRecursiveFactorialIsReturned,0.003,False,False,False
com.guillermomolina.protos.embedding.ProtosStandaloneHostedExecutionEmbeddingTest,explicitHostNetworkGrantBindsNetworkOfTheApplicationPrelude,0.003,False,False,False
com.guillermomolina.protos.embedding.ProtosStandaloneHostedSessionEmbeddingTest,preparationRejectsAbsentAndNonClosureTopLevelSlots,0.003,False,False,False
com.guillermomolina.protos.embedding.ProtosStandaloneHostedSessionEmbeddingTest,preparedTopLevelIsInvokedRepeatedlyAndSharesLiveModuleState,0.003,False,False,False
com.guillermomolina.protos.execution.CanonicalMapConstructionExecutionTest,bytecodeBackendUsesInheritedFactoryAndBypassesAtPut,0.003,False,False,False
com.guillermomolina.protos.execution.ProtosA4B3ModuleProcessHostingTest,hostedOrdinaryImportParsesResolvedModuleInsideOwningProcessContext,0.003,False,False,False
com.guillermomolina.protos.execution.ProtosA4B3NestedToolProcessHostingTest,exactChildProcessUsesDistinctContextOnOwningToolRuntimeHost,0.003,False,False,False
com.guillermomolina.protos.execution.ProtosAPlusExecutionProjectionTest,unenteredComposedCallOfContextLocalClosureRejectsProjection,0.003,False,False,False
com.guillermomolina.protos.execution.ProtosActorBootstrapTest,behaviorReferenceCannotBeReplacedAfterReady,0.003,False,False,False
com.guillermomolina.protos.execution.ProtosArrayConformanceCompletionTest,eachPropagatesExactCallbackFailureAndStopsAtFailingElement,0.003,False,False,False
com.guillermomolina.protos.execution.ProtosArrayConformanceCompletionTest,representedLifecyclePreservesClosedReplacementFrozenRejectionAndSize,0.003,False,False,False
com.guillermomolina.protos.execution.ProtosArrayMatchProtocolTest,matchesOnlyEligibleArraysOfExactLength,0.003,False,False,False
com.guillermomolina.protos.execution.ProtosArrayMatchProtocolTest,invokesReachedChildrenLeftToRightExactlyOnce,0.003,False,False,False
com.guillermomolina.protos.execution.ProtosArrayMatchProtocolTest,rejectsInvalidReachedMatcherOutcomes,0.003,False,False,False
com.guillermomolina.protos.execution.ProtosArrayMatchProtocolTest,consumesEachChildCaptureCarrierBeforeContinuing,0.003,False,False,False
com.guillermomolina.protos.execution.ProtosAsyncExactExecutionFacilityTest,cancellationAfterCapturedHostCompletionDiscardsLateCallerResult,0.003,False,False,False
com.guillermomolina.protos.execution.ProtosAud007DapPortOwnershipTest,reserveCloseRebindLosesTheCapturedPortToAForeignOwner,0.003,False,False,False
com.guillermomolina.protos.execution.ProtosBug018CapturedMaterializedReadAfterOwnerTierTransitionTest,escapedCapturedReadOfPresentNullSurvivesOwnerTransitionInAnotherActivation,0.003,False,False,False
com.guillermomolina.protos.execution.ProtosBundledToolModuleResolverTest,selfClosureUsesStableInternalKeysAndRejectsAmbientSpecifiers,0.003,False,False,False
com.guillermomolina.protos.execution.ProtosCanonicalInitialModuleExecutionTest,failedInitialModuleIsRemovedFromCache,0.003,False,False,False
com.guillermomolina.protos.execution.ProtosCanonicalInitialModuleExecutionTest,cachesBootstrapContextBeforeExecutingCanonicalEntry,0.003,False,False,False
com.guillermomolina.protos.execution.ProtosCaseOfProtocolTest,normalMapKeyUniquenessDefinesCaseUniqueness,0.003,False,False,False
com.guillermomolina.protos.execution.ProtosCaseOfProtocolTest,snapshotsCaseAssociationsBeforeRunningMatchers,0.003,False,False,False
com.guillermomolina.protos.execution.ProtosCaseOfProtocolTest,rejectsNonMapCarrierAndNoSuccessfulCase,0.003,False,False,False
com.guillermomolina.protos.execution.ProtosCli008C1DiagnosticTraceTest,nestedSourceCallsProjectOnlySemanticGuestFramesInnermostFirst,0.003,False,False,False
com.guillermomolina.protos.execution.ProtosCli008C1DiagnosticTraceTest,concurrentTasksDoNotShareTraces,0.003,False,False,False
com.guillermomolina.protos.execution.ProtosCli008C1DiagnosticTraceTest,ensureCleanupErrorSupersedesAndOwnsTheTerminalTrace,0.003,False,False,False
com.guillermomolina.protos.execution.ProtosCommandLineArrayConstructionFacilityTest,eachFactoryCallCreatesAnIndependentBuilder,0.003,False,False,False
com.guillermomolina.protos.execution.ProtosCommandLineArrayConstructionFacilityTest,factoryIsFrozenStatelessMemberOfExactCommandLineKeyOnly,0.003,False,False,False
com.guillermomolina.protos.execution.ProtosCommandLineResultModelTest,approvedRecursiveResultShapeIsFreshFrozenAndLossless,0.003,False,False,False
com.guillermomolina.protos.execution.ProtosCommandLineResultModelTest,literalDoubleDashValueRemainsDistinctFromStructuralDelimiter,0.003,False,False,False
com.guillermomolina.protos.execution.ProtosDerivedInequalityBackendTest,derivedInequalityWorksAsDefaultParameterExpression,0.003,False,False,False
com.guillermomolina.protos.execution.ProtosDetachedExecutionValueCrossPreludeTest,genericErrorOccurrenceGetsDestinationErrorPrototype,0.003,False,False,False
com.guillermomolina.protos.execution.ProtosDirectionalShutdownTest,readShutdownCutsOverPendingReadToNullAndLeavesWriteUsable,0.003,False,False,False
com.guillermomolina.protos.execution.ProtosDirectionalShutdownTest,capabilitySurfaceIsHonest,0.003,False,False,False
com.guillermomolina.protos.execution.ProtosEncodingTransferTest,hostProvisionedDescriptorIsSemanticEncodingWithoutRegistryOrAuthority,0.003,False,False,False
com.guillermomolina.protos.execution.ProtosEnvironmentParallelTransferTest,environmentSnapshotHasOrdinaryPValueTransferWithFreshIdentityAndAliasing,0.003,False,False,False
com.guillermomolina.protos.execution.ProtosExactExecutionFacilityTest,authorityBearingCompletedValueFailsClosedAtDetachedBoundary,0.003,False,False,False
com.guillermomolina.protos.execution.ProtosExactExecutionFacilityTest,inspectionKeepsLiveSourceValueInsideFreshProcessUntilInspector,0.003,False,False,False
com.guillermomolina.protos.execution.ProtosExactExternalRequirementsPreflightTest,detachAcceptsOnlyTheExactRequirementShape,0.003,False,False,False
com.guillermomolina.protos.execution.ProtosFilesystemIntegratedConformanceTest,optionalCapabilityShapeComesFromDescriptorNotBackendJavaType,0.003,False,False,False
com.guillermomolina.protos.execution.ProtosFilesystemIntegratedConformanceTest,backendAuthorityRejectionIsFinalAndProtocolDoesNotFallbackOrMaterialize,0.003,False,False,False
com.guillermomolina.protos.execution.ProtosFilesystemIntegratedConformanceTest,preCommitCancellationWinsAndLateSelectedResourceCustodyIsReleased,0.003,False,False,False
com.guillermomolina.protos.execution.ProtosForeignCallbackTest,callbackRunsInTheCurrentTaskAndCreatesNoTaskOrFuture,0.003,False,False,False
com.guillermomolina.protos.execution.ProtosForeignCallbackTest,retainedCallbackExpiresWithItsOperationOnEveryExitAndRootsNothing,0.003,False,False,False
com.guillermomolina.protos.execution.ProtosForeignCallbackTest,closureCrossesAsTheExactValueWithD188AdmittedArgumentsAndLosslessResult,0.003,False,False,False
com.guillermomolina.protos.execution.ProtosForeignCallbackTest,providersSeeOnlyTheNarrowCapabilityAndCallbackEntryAddsNoCheckpoint,0.003,False,False,False
com.guillermomolina.protos.execution.ProtosForeignCallbackTest,ordinaryInvocationKeepsReceiverAndLexicalEnvironment,0.003,False,False,False
com.guillermomolina.protos.execution.ProtosForeignCallbackTest,sequentialRecursiveAndNestedCallbacksShareOneLogicalExecution,0.003,False,False,False
com.guillermomolina.protos.execution.ProtosForeignCallbackTest,nonLocalReturnKeepsClosureSemanticsAcrossTheForeignFrames,0.003,False,False,False
com.guillermomolina.protos.execution.ProtosForeignInteropTest,moduleSurfaceIsExactAndImportAloneTouchesNoProvider,0.003,False,False,False
com.guillermomolina.protos.execution.ProtosForeignModuleImportTest,failedInitializationEvictsExactRecordAndRetryCreatesFreshFacade,0.003,False,False,False
com.guillermomolina.protos.execution.ProtosForeignModuleImportTest,actorsGetDistinctFacadesOverTheirOwnSessionsAndOneActorReusesItsSession,0.003,False,False,False
com.guillermomolina.protos.execution.ProtosForeignModuleImportTest,sourceImportsKeepResolverAuthorityAndUnknownSchemesNeverReachProviders,0.003,False,False,False
com.guillermomolina.protos.execution.ProtosForeignPullEachTest,emptyIteratorInvokesNothingAndReturnsTheReceiver,0.003,False,False,False
com.guillermomolina.protos.execution.ProtosForeignValueProjectionTest,writesAreNeverRedirectedAndRawReferencesGetNoSlots,0.003,False,False,False
com.guillermomolina.protos.execution.ProtosForeignValueProjectionTest,closedSessionFailsBeforeEntryAndNeverRebinds,0.003,False,False,False
com.guillermomolina.protos.execution.ProtosForeignValueProjectionTest,enteredFailuresAreFreshSanitizedCycleSafeForeignErrors,0.003,False,False,False
com.guillermomolina.protos.execution.ProtosFreshProcessExecutorTest,semanticErrorIsReturnedAsFailedOutcomeInsteadOfEscapingAsHostFailure,0.003,False,False,False
com.guillermomolina.protos.execution.ProtosFreshProcessExecutorTest,mapMatchCaptureCompletesInFreshProcess,0.003,False,False,False
com.guillermomolina.protos.execution.ProtosFreshProcessExecutorTest,processIsTerminatedBeforeOutcomeReturns,0.003,False,False,False
com.guillermomolina.protos.execution.ProtosFreshProcessExecutorTest,explicitNetworkGrantReachesInitialModuleContextUnchanged,0.003,False,False,False
com.guillermomolina.protos.execution.ProtosFreshProcessExecutorTest,caseOfCaptureCompletesInFreshProcess,0.003,False,False,False
com.guillermomolina.protos.execution.ProtosFreshProcessExecutorTest,rootTaskSupportsRealFutureSuspensionAndReturnsInertCompletion,0.003,False,False,False
com.guillermomolina.protos.execution.ProtosFreshProcessExecutorTest,eachExecutionExposesFrozenOrdinaryArrayArguments,0.003,False,False,False
com.guillermomolina.protos.execution.ProtosFreshProcessExecutorTest,temporaryHostOverloadRejectsNetworkGrantBeforeGuestExecution,0.003,False,False,False
com.guillermomolina.protos.execution.ProtosHostJavaProviderTest,enteredJavaFailureIsAFreshSanitizedForeignError,0.003,False,False,False
com.guillermomolina.protos.execution.ProtosI050MultipleSlotCreationTest,wrongSourceDomainFailsBeforeAnyTargetSlotIsCreated,0.003,False,False,False
com.guillermomolina.protos.execution.ProtosI050MultipleSlotCreationTest,shortArrayFailsBeforeAnyTargetSlotIsCreated,0.003,False,False,False
com.guillermomolina.protos.execution.ProtosI068Slice5CapturedMaterializedLexicalLoweringTest,capturedWriteDestinationRemovedDuringRhsDoesNotRetarget,0.003,False,False,False
com.guillermomolina.protos.execution.ProtosI072PhaseEStructuredSendConvergenceTest,warmedCanonicalMapAtPutHitStopsAfterNearerOverrideAddition,0.003,False,False,False
com.guillermomolina.protos.execution.ProtosI072PhaseEStructuredSendConvergenceTest,warmedCanonicalArrayEachHitStopsAfterNearerOverrideAddition,0.003,False,False,False
com.guillermomolina.protos.execution.ProtosInvalidSuperExecutionTest,rootMethodHomeHasEmptySuperSearchAndSignalsSlotNotFound,0.003,False,False,False
com.guillermomolina.protos.execution.ProtosInvalidSuperExecutionTest,installsInvalidSuperAsDirectErrorChildAndCreatesFreshOccurrences,0.003,False,False,False
com.guillermomolina.protos.execution.ProtosLoggingFacilityTest,shortestDecimalAnswersCoefficientAndExponentWithoutTrailingZeros,0.003,False,False,False
com.guillermomolina.protos.execution.ProtosLoggingFacilityTest,shortestDecimalRejectsZeroNonFiniteAndNonFloatArguments,0.003,False,False,False
com.guillermomolina.protos.execution.ProtosNetworkBootstrapAuthorityTest,rootInitialModuleReceivesExactNetworkBeforeItsFirstSourceExpression,0.003,False,False,False
com.guillermomolina.protos.execution.ProtosNetworkConnectAcquisitionTest,precommitCancellationWinsAndLateOrDuplicateResourcesAreReleased,0.003,False,False,False
com.guillermomolina.protos.execution.ProtosNetworkListenAcquisitionTest,backendFailureMalformedDescriptorAndFixedPortMismatchMapToIoErrorWithCustody,0.003,False,False,False
com.guillermomolina.protos.execution.ProtosNetworkListenAcquisitionTest,exactRequestIsCapturedBeforeBackendEffectAndMaterializesAcceptEnabledListener,0.003,False,False,False
com.guillermomolina.protos.execution.ProtosNioNetworkBackendConnectTest,ipv6ScopeResolverCannotRewriteAddressBits,0.003,False,False,False
com.guillermomolina.protos.execution.ProtosNioNetworkBackendConnectTest,linkLocalIpv6RequiresExplicitNetworkScope,0.003,False,False,False
com.guillermomolina.protos.execution.ProtosNioNetworkProvisioningTest,runtimeHostNetworkProvisioningIsExplicitAndLazy,0.003,False,False,False
com.guillermomolina.protos.execution.ProtosObjectMatchProtocolTest,returnsEqualityResultUnchanged,0.003,False,False,False
com.guillermomolina.protos.execution.ProtosPackageExecutionPlanV2ModuleResolverTest,workspaceSourceKeepsPhysicalWorkspaceRules,0.003,False,False,False
com.guillermomolina.protos.execution.ProtosPackageExecutionPlanV2ModuleResolverTest,missingDirectoryAndMalformedExternalSourcesFailClosed,0.003,False,False,False
com.guillermomolina.protos.execution.ProtosPackageExecutionPlanV2ModuleResolverTest,workspaceSelfAndDependencyRoutingYieldExactCanonicalKeys,0.003,False,False,False
com.guillermomolina.protos.execution.ProtosPackageExecutionPlanV2ModuleResolverTest,registryGitAndSameContentIdentitiesNeverCollapse,0.003,False,False,False
com.guillermomolina.protos.execution.ProtosPackageExecutionPlanV2ModuleResolverTest,externalSelfAndExternalDependencyKeepExactIdentity,0.003,False,False,False
com.guillermomolina.protos.execution.ProtosPackageExecutionPlanV2ModuleResolverTest,externalSourceIsLoadedLazilyFromCapturedCustodyWithoutPhysicalPath,0.003,False,False,False
com.guillermomolina.protos.execution.ProtosPackageToolFilesystemSecurityTest,readOnlyMetadataBackendDoesNotFollowFinalSymlink,0.003,False,False,False
com.guillermomolina.protos.execution.ProtosPackagedCoreEmbeddingTest,optionFreeContextRunsThePublicExample,0.003,False,False,False
com.guillermomolina.protos.execution.ProtosPackagedCoreEmbeddingTest,standardModulesImportFromThePackagedCoreWithOrdinaryIdentity,0.003,False,False,False
com.guillermomolina.protos.execution.ProtosParallelExecutionTest,hostExecutionFailureSettlesFutureAsGenericError,0.003,False,False,False
com.guillermomolina.protos.execution.ProtosParallelExecutionTest,readyBeforeSuspendCompletionIsConsumedWithoutLostWakeup,0.003,False,False,False
com.guillermomolina.protos.execution.ProtosParallelExecutionTest,parallelReturnsCallerDomainFuture,0.003,False,False,False
com.guillermomolina.protos.execution.ProtosParallelExecutionTest,identityMapSnapshotCaptureIsIsolatedFromLaterSourceMutation,0.003,False,False,False
com.guillermomolina.protos.execution.ProtosPerf006B2D4BComposedSendReceiverTest,repeatedReceiverSuspensionKeepsSameReceiverActivation,0.003,False,False,False
com.guillermomolina.protos.execution.ProtosPerf006B3EStandardFutureValueCPrimeTest,pendingFailureResignalsTheExactStoredErrorThroughCPrime,0.003,False,False,False
com.guillermomolina.protos.execution.ProtosPerf006B3EStandardFutureValueCPrimeTest,cancellingWaitingTaskDetachesWaitWithoutCancellingFuture,0.003,False,False,False
com.guillermomolina.protos.execution.ProtosPerf006B3FClosureEvidenceTest,completedTargetAndArgumentEffectsDoNotReplayAcrossRealFutureSuspension,0.003,False,False,False
com.guillermomolina.protos.execution.ProtosPerf006B3FClosureEvidenceTest,manySuspendedFutureValuesReleaseAndReuseOneBoundedCarrierWorker,0.003,False,False,False
com.guillermomolina.protos.execution.ProtosPerf006B3FClosureEvidenceTest,completedDefaultEffectDoesNotReplayAcrossRealFutureSuspension,0.003,False,False,False
com.guillermomolina.protos.execution.ProtosPerf006B4BNonLocalReturnTest,canonicalReturnAfterFutureSuspensionResumesToOwningPreparedCallWithoutReplay,0.003,False,False,False
com.guillermomolina.protos.execution.ProtosPerf006B4CStructuredEnsureTest,nestedStructuredEnsuresRunCleanupInLifoOrder,0.003,False,False,False
com.guillermomolina.protos.execution.ProtosPerf006B4CStructuredEnsureTest,validationFailureOccursBeforeProtectedBodyEntry,0.003,False,False,False
com.guillermomolina.protos.execution.ProtosPerf006B4CStructuredEnsureTest,nonLocalReturnRunsCleanupThenPropagatesExactOriginalTransfer,0.003,False,False,False
com.guillermomolina.protos.execution.ProtosPerf006B4CStructuredEnsureTest,pendingBodyErrorSurvivesCleanupSuspensionWithExactIdentity,0.003,False,False,False
com.guillermomolina.protos.execution.ProtosPerf006B4DErrorHandlersTest,standardSignalRunsOnTaskBackedCPrimeAndHandlerReceivesExactError,0.003,False,False,False
com.guillermomolina.protos.execution.ProtosPerf006B4DErrorHandlersTest,selectedInnerHandlerIsInactiveBeforeCrossedEnsureCleanup,0.003,False,False,False
com.guillermomolina.protos.execution.ProtosPerf006B4DErrorHandlersTest,selectedHandlerRemainsRemovedWhileItsHandlerClosureSuspends,0.003,False,False,False
com.guillermomolina.protos.execution.ProtosPerf006B4DErrorHandlersTest,bytecodeGeneratedErrorIsSelectedBeforeHandlerCatchAndPreservesOccurrence,0.003,False,False,False
com.guillermomolina.protos.execution.ProtosPerf006B4DErrorHandlersTest,suspendedProtectedBodyRetainsTaskLocalHandlerWithoutReplay,0.003,False,False,False
com.guillermomolina.protos.execution.ProtosPerf006B4DErrorHandlersTest,standardHandleCapabilitySurvivesExtractionButSelectorOverrideIsOrdinary,0.003,False,False,False
com.guillermomolina.protos.execution.ProtosPerf006B4FStructuredWhileTest,repeatedConditionInvocationsOwnFreshReturnHomesAndReturnNull,0.003,False,False,False
com.guillermomolina.protos.execution.ProtosPerf006B4FStructuredWhileTest,nonBooleanConditionSignalsBeforeBodyActivation,0.003,False,False,False
com.guillermomolina.protos.execution.ProtosPerf006B4FStructuredWhileTest,standardWhileCapabilitySurvivesExtractionButSelectorOverrideIsOrdinary,0.003,False,False,False
com.guillermomolina.protos.execution.ProtosPerf006B4FStructuredWhileTest,bodyFutureResultIsIgnoredWithoutObservationAdoptionOrCancellation,0.003,False,False,False
com.guillermomolina.protos.execution.ProtosPerf006B4FStructuredWhileTest,cancellationThroughSuspendedConditionCrossesOuterEnsureExactlyOnce,0.003,False,False,False
com.guillermomolina.protos.execution.ProtosPerf006B4FStructuredWhileTest,bodyErrorStopsLoopBeforeAnotherConditionActivation,0.003,False,False,False
com.guillermomolina.protos.execution.ProtosPerf006B5BSourceInstrumentationLocationTest,composedContinuationRetainsStableCallerAndCalleeLocationsWithoutPrefixReplay,0.003,False,False,False
com.guillermomolina.protos.execution.ProtosPerf006B6A1ReadOnlyCanonicalCoverageTest,identityOperandSuspensionResumesWithoutReplay,0.003,False,False,False
com.guillermomolina.protos.execution.ProtosPerf006B6A2MutatingCanonicalCoverageTest,bareAndExplicitSlotMutationReturnExactRhsThroughBytecode,0.003,False,False,False
com.guillermomolina.protos.execution.ProtosPerf006B6A3BClosureLiteralCanonicalCoverageTest,closureLiteralWorksAsDefaultExpression,0.003,False,False,False
com.guillermomolina.protos.execution.ProtosPerf006B6A3BClosureLiteralCanonicalCoverageTest,closureLiteralCapturesExactActivationStateAndUsesBytecodePlan,0.003,False,False,False
com.guillermomolina.protos.execution.ProtosPerf006B6A3BClosureLiteralCanonicalCoverageTest,lexicalCaptureRemainsByReferenceAndNestedClosureInvokesOnBytecode,0.003,False,False,False
com.guillermomolina.protos.execution.ProtosPerf006B6A4OrdinaryNativeFastPathTest,ordinaryNativeMethodPreservesReceiverAndPhysicalHome,0.003,False,False,False
com.guillermomolina.protos.execution.ProtosPerf006B6A4OrdinaryNativeFastPathTest,ordinaryNativeSignalKeepsExactErrorIdentity,0.003,False,False,False
com.guillermomolina.protos.execution.ProtosPerf006B6A4OrdinaryNativeFastPathTest,completedOrdinaryNativePrefixIsNotReplayedAcrossFutureSuspension,0.003,False,False,False
com.guillermomolina.protos.execution.ProtosPerf006B6A5ModuleInitializationCPrimeBridgeTest,shadowedImportCallRemainsOrdinaryAfterLookup,0.003,False,False,False
com.guillermomolina.protos.execution.ProtosPerf006B6A5ModuleInitializationCPrimeBridgeTest,escapingModuleErrorEvictsExactRecordAndRetryIsFresh,0.003,False,False,False
com.guillermomolina.protos.execution.ProtosPerf006B6A6A1TaskOwnedClosureDispatchTest,futureThenTransformUsesTaskOwnedPolymorphicCPrimeDispatch,0.003,False,False,False
com.guillermomolina.protos.execution.ProtosPerf006B6A6A1TaskOwnedClosureDispatchTest,bytecodeTemplateUsesEnteredContextBytecodeDirectly,0.003,False,False,False
com.guillermomolina.protos.execution.ProtosPerf006C3DParallelBytecodeRematerializationTest,hostedParallelClosureRematerializesThroughDestinationContextBytecodeCache,0.003,False,False,False
com.guillermomolina.protos.execution.ProtosPerf006Plat028ArrayEachCallbackTest,arrayEachOwnsSuspendingCallbackLoopInsideCPrime,0.003,False,False,False
com.guillermomolina.protos.execution.ProtosPerf006Plat028ArrayEachCallbackTest,arrayEachKeepsEntrySnapshotAcrossCallbackMutation,0.003,False,False,False
com.guillermomolina.protos.execution.ProtosPerf006Plat028BooleanCallbackTest,andCallbackSuspendsAndValidatesBooleanAfterResume,0.003,False,False,False
com.guillermomolina.protos.execution.ProtosPerf006Plat028BooleanCallbackTest,selectedIfTrueIfFalseCallbackSuspendsAndResumesInsideCPrime,0.003,False,False,False
com.guillermomolina.protos.execution.ProtosPerf006Plat028BytesEachCallbackTest,bytesEachKeepsEntrySnapshotAcrossCallbackMutation,0.003,False,False,False
com.guillermomolina.protos.execution.ProtosPerf006Plat028EnvironmentEachCallbackTest,environmentEachPrevalidatesWholePortableSnapshotBeforeFirstCallback,0.003,False,False,False
com.guillermomolina.protos.execution.ProtosPerf006Plat028IdentityMapEachCallbackTest,identityMapEachOwnsSuspendingCallbackLoopInsideCPrime,0.003,False,False,False
com.guillermomolina.protos.execution.ProtosPerf006Plat028IdentityMapEachCallbackTest,identityMapEachKeepsEntrySnapshotAcrossCallbackMutation,0.003,False,False,False
com.guillermomolina.protos.execution.ProtosPerf006Plat028MapAtPutCallbackTest,cancellationDuringEqualityReleasesScopeAndDoesNotMutate,0.003,False,False,False
com.guillermomolina.protos.execution.ProtosPerf006Plat028MapAtPutCallbackTest,absentAtPutHashSuspensionUsesOneHashAndSameHashForInsertion,0.003,False,False,False
com.guillermomolina.protos.execution.ProtosPerf006Plat028MapEachCallbackTest,mapEachOwnsSuspendingCallbackLoopInsideCPrime,0.003,False,False,False
com.guillermomolina.protos.execution.ProtosPerf006Plat028MapReadLookupCallbackTest,atIfAbsentFallbackSuspensionDoesNotReplayMapSearch,0.003,False,False,False
com.guillermomolina.protos.execution.ProtosPerf006Plat028MapRemoveCallbackTest,cancellationDuringEqualityReleasesScopeAndDoesNotRemove,0.003,False,False,False
com.guillermomolina.protos.execution.ProtosPerf006Plat029TextReaderCallbackTest,cancelledReadPreservesLateReadAheadWithoutBackendGuestReentry,0.003,False,False,False
com.guillermomolina.protos.execution.ProtosPerf006Plat029TextReaderCallbackTest,readLineRepeatsSuspendibleGuestReadsInsideOneOperationOwnedCPrime,0.003,False,False,False
com.guillermomolina.protos.execution.ProtosPerf006Plat029TextReaderCallbackTest,readOperationsAreSuspensionCapableButCloseRemainsOutsideThisSlice,0.003,False,False,False
com.guillermomolina.protos.execution.ProtosPerf006Plat029TextWriterCallbackTest,writeTextGuestCallbackAndLowerFutureBothResumeOnlyThroughActorDomain,0.003,False,False,False
com.guillermomolina.protos.execution.ProtosPerf006Plat031BufferedReaderCPrimeTest,bufferedReadRunsSuspendibleGuestCallbackInsideOperationOwnedCPrime,0.003,False,False,False
com.guillermomolina.protos.execution.ProtosPerf006Plat031BufferedWriterCPrimeTest,bufferedFlushOwnsWriteAndFlushGuestCallbacksInOneCPrime,0.003,False,False,False
com.guillermomolina.protos.execution.ProtosPerf006Plat031BufferedWriterCPrimeTest,bufferedFlushIsSuspensionCapableWhileWriteAndCloseRemainOrdinary,0.003,False,False,False
com.guillermomolina.protos.execution.ProtosPerf012FrameLexicalLayoutTest,rootLoweringBindsLocalOffsetsOnceAndReplayMustReproduceThem,0.003,False,False,False
com.guillermomolina.protos.execution.ProtosPerf025C1ObjectBodyInlineControlTest,errorSignaledInObjectBodyReachesEnclosingHandler,0.003,False,False,False
com.guillermomolina.protos.execution.ProtosPerf025C1ObjectBodyInlineControlTest,nestedObjectBodiesSelectTheirOwnConstructionActivation,0.003,False,False,False
com.guillermomolina.protos.execution.ProtosPerf025C1ObjectBodyInlineControlTest,nonLocalReturnCrossesInlineObjectBody,0.003,False,False,False
com.guillermomolina.protos.execution.ProtosPerf025C1ObjectBodyInlineControlTest,ensureRunsOnceWhenNonLocalReturnCrossesObjectBody,0.003,False,False,False
com.guillermomolina.protos.execution.ProtosPerf025C1ObjectBodyInlineControlTest,handlerInstalledInsideObjectBodyHandlesItsOwnBody,0.003,False,False,False
com.guillermomolina.protos.execution.ProtosPerf025C1ObjectBodyInlineControlTest,objectBodySuspendsAndResumesExactlyOnceInsideEnclosingRoot,0.003,False,False,False
com.guillermomolina.protos.execution.ProtosPerf025C1cSemanticSourceTopologyTest,ordinarySourceClosureCallUsesOneSemanticCallTarget,0.003,False,False,False
com.guillermomolina.protos.execution.ProtosPerf025CompactCalleeExecutionTest,multipleParametersBindInOrderAndCountErrorsMaterializeOnDemand,0.003,False,False,False
com.guillermomolina.protos.execution.ProtosPerf025CompactCalleeExecutionTest,taskOwnedCompactCalleeKeepsItsExactTask,0.003,False,False,False
com.guillermomolina.protos.execution.ProtosPerf025CompactCalleeExecutionTest,identityCalleeExecutesWithoutMaterializingAnything,0.003,False,False,False
com.guillermomolina.protos.execution.ProtosPerf025CompactCalleeExecutionTest,lateObservationsShareOneMaterializedActivation,0.003,False,False,False
com.guillermomolina.protos.execution.ProtosPerf025CompactCalleeExecutionTest,localOnlyCalleeCreatesAndAssignsWithoutMaterializing,0.003,False,False,False
com.guillermomolina.protos.execution.ProtosPerf025FrameMaterializationSliceTest,localOnlyClosureStaysInOrdinaryFrameLocals,0.003,False,False,False
com.guillermomolina.protos.execution.ProtosPerf025H1IndexedParameterEstablishmentTest,contextReflectionAndCapturesObserveTheSingleBinding,0.003,False,False,False
com.guillermomolina.protos.execution.ProtosPerf025H1IndexedParameterEstablishmentTest,restIsAFreshFrozenExactSuffixEstablishedByOrdinal,0.003,False,False,False
com.guillermomolina.protos.execution.ProtosPerf025H1IndexedParameterEstablishmentTest,sequentialDefaultsKeepCurrentAndLaterParametersAbsent,0.003,False,False,False
com.guillermomolina.protos.execution.ProtosPerf025H1IndexedParameterEstablishmentTest,persistentAuthorityParametersAreEstablishedByOrdinal,0.003,False,False,False
com.guillermomolina.protos.execution.ProtosPerf025H1LazyRootActivationTest,zeroArgumentDirectCallRunsWithoutRichActivation,0.003,False,False,False
com.guillermomolina.protos.execution.ProtosPerf025H1LazyRootActivationTest,captureThisAndNonLocalReturnSemanticsArePreserved,0.003,False,False,False
com.guillermomolina.protos.execution.ProtosPerf025H1LazyRootActivationTest,taskOwnedCompactEntryKeepsExactTaskWithoutActivation,0.003,False,False,False
com.guillermomolina.protos.execution.ProtosPerf025H1LazyRootActivationTest,contextObservationKeepsFreshPerInvocationIdentity,0.003,False,False,False
com.guillermomolina.protos.execution.ProtosPerf025LazyInlineCallbackActivationTest,nonLocalReturnFromFrameNativeCallbackIsPreserved,0.003,False,False,False
com.guillermomolina.protos.execution.ProtosPerf025LazyInlineCallbackActivationTest,frameNativeOneParameterEachEntersWithoutActivation,0.003,False,False,False
com.guillermomolina.protos.execution.ProtosPerf025LazyInlineCallbackActivationTest,observedContextReceivesDurableBindingsWithoutAliasingBlockLocals,0.003,False,False,False
com.guillermomolina.protos.execution.ProtosPerf025LazyInlineCallbackActivationTest,suspensionResumesWithTheSameMaterializedActivation,0.003,False,False,False
com.guillermomolina.protos.execution.ProtosPerf025LazyLexicalCaptureTest,closuresFromOneActivationShareOneEnvironmentAndContextIdentity,0.003,False,False,False
com.guillermomolina.protos.execution.ProtosPerf025LazyLexicalCaptureTest,trivialClosureDoesNotForceOuterContext,0.003,False,False,False
com.guillermomolina.protos.execution.ProtosPerf025LazyLexicalCaptureTest,guardedMemberReadPreservesInvalidationFreshnessAndFallback,0.003,False,False,False
com.guillermomolina.protos.execution.ProtosPerf025LazyLexicalCaptureTest,d179PresenceSemanticsArePreservedThroughDeferredCaptures,0.003,False,False,False
com.guillermomolina.protos.execution.ProtosPerf025LazyLexicalCaptureTest,contextIntrinsicObservesTheCapturedContextIdentity,0.003,False,False,False
com.guillermomolina.protos.execution.ProtosPerf025LazyLexicalCaptureTest,captureByReferenceSemanticsArePreserved,0.003,False,False,False
com.guillermomolina.protos.execution.ProtosPerf026B1BooleanInlineCallbackTest,dynamicCallbackRetainsItsPhysicalRoot,0.003,False,False,False
com.guillermomolina.protos.execution.ProtosPerf026B1BooleanInlineCallbackTest,ownedReturnHomeLiteralRetainsItsPhysicalRoot,0.003,False,False,False
com.guillermomolina.protos.execution.ProtosPerf026B1BooleanInlineCallbackTest,falseIfTrueEntersNoInlineCallback,0.003,False,False,False
com.guillermomolina.protos.execution.ProtosPerf026B2BooleanInlineCallbackTest,eligibleOrLiteralCallbackRunsInline,0.003,False,False,False
com.guillermomolina.protos.execution.ProtosPerf026B2BooleanInlineCallbackTest,eligibleIfFalseLiteralCallbackRunsInline,0.003,False,False,False
com.guillermomolina.protos.execution.ProtosPerf026B3BooleanInlineCallbackTest,trueReceiverRunsTheSelectedTrueLiteralInline,0.003,False,False,False
com.guillermomolina.protos.execution.ProtosPerf026B3BooleanInlineCallbackTest,ownedReturnHomeLiteralRetainsItsPhysicalRoot,0.003,False,False,False
com.guillermomolina.protos.execution.ProtosPerf026B3BooleanInlineCallbackTest,falseReceiverRunsTheSelectedFalseLiteralInline,0.003,False,False,False
com.guillermomolina.protos.execution.ProtosPerf026C1WhileInlineCallbackTest,conditionAndBodySuspensionResumeInsideTheLocalLoop,0.003,False,False,False
com.guillermomolina.protos.execution.ProtosPerf026C1WhileInlineCallbackTest,dynamicBodyRetainsStructuredWhile,0.003,False,False,False
com.guillermomolina.protos.execution.ProtosPerf026C1WhileInlineCallbackTest,ownedReturnHomeLiteralsRetainStructuredWhile,0.003,False,False,False
com.guillermomolina.protos.execution.ProtosPerf026C1WhileInlineCallbackTest,dynamicConditionRetainsStructuredWhile,0.003,False,False,False
com.guillermomolina.protos.execution.ProtosPerf026D1IndexedEachInlineCallbackTest,ownedReturnHomeLiteralRetainsStructuredEach,0.003,False,False,False
com.guillermomolina.protos.execution.ProtosPerf026D1IndexedEachInlineCallbackTest,eligibleArrayEachRunsAsLocalLoopWithExactElements,0.003,False,False,False
com.guillermomolina.protos.execution.ProtosPerf027AGuardedIntegerDeferredActivationTest,zeroDivisionSignalsTheSelectedActivationsError,0.003,False,False,False
com.guillermomolina.protos.execution.ProtosPerf027AGuardedIntegerDeferredActivationTest,allCanonicalLocalIntegerOperationsCarryDirectCapability,0.003,False,False,False
com.guillermomolina.protos.execution.ProtosPerf027AGuardedIntegerDeferredActivationTest,representativeOperationsRetainExactResults,0.003,False,False,False
com.guillermomolina.protos.execution.ProtosPlat029FutureValueNonTaskCPrimeTest,operationCancellationReleasesPendingFutureObservationWithoutLateResume,0.003,False,False,False
com.guillermomolina.protos.execution.ProtosPlat029FutureValueNonTaskCPrimeTest,pendingFutureResumesOperationCPrimeWithoutTaskOrInlineGuestReentry,0.003,False,False,False
com.guillermomolina.protos.execution.ProtosPlat029IoOperationCPrimeDriverTest,readyBeforeContinuationRetentionResumesInsideSameActorSegment,0.003,False,False,False
com.guillermomolina.protos.execution.ProtosPlat029IoOperationCPrimeDriverTest,terminalCancellationReleasesRetainedWaitWithoutResumingGuestCode,0.003,False,False,False
com.guillermomolina.protos.execution.ProtosPolyglotExecutionContextTest,sameContextAllowsTwoCarrierThreadsToExecuteConcurrently,0.003,False,False,False
com.guillermomolina.protos.execution.ProtosPolyglotNestedCallTargetSharingTest,closureNestedInsideHostedClosureUsesExactEnteredContextLanguage,0.003,False,False,False
com.guillermomolina.protos.execution.ProtosPolyglotNestedCallTargetSharingTest,objectBodyCreatedByHostedProcessParseExecutesInsideExactProcessSharingLayer,0.003,False,False,False
com.guillermomolina.protos.execution.ProtosProcessIntegratedConformanceTest,bootstrapAuthorityIsSeparatedFromPreludeAndFromImportedOrTransferableAuthority,0.003,False,False,False
com.guillermomolina.protos.execution.ProtosProjectFileBindingProviderTest,ordinarySourceChangesDoNotStaleProjectAuthority,0.003,False,False,False
com.guillermomolina.protos.execution.ProtosProjectFileBindingProviderTest,validExactCandidateProducesBindingAndCurrentBoundedSourceInventory,0.003,False,False,False
com.guillermomolina.protos.execution.ProtosRootActorBootstrapAuthorityTest,explicitProcessDelegationStillWorksWithoutCreatingAmbientChildSlot,0.003,False,False,False
com.guillermomolina.protos.execution.ProtosRootActorBootstrapAuthorityTest,recursiveImportOfRootSeesAlreadyCachedBootstrapLocalProcessSlot,0.003,False,False,False
com.guillermomolina.protos.execution.ProtosRootActorBootstrapAuthorityTest,importedModulesReceiveNoAmbientProcessOrFilesystemSlots,0.003,False,False,False
com.guillermomolina.protos.execution.ProtosRootActorBootstrapAuthorityTest,hostedNonRootActorReceivesNoAmbientRootBootstrapAuthority,0.003,False,False,False
com.guillermomolina.protos.execution.ProtosStandaloneHostedSessionLifecycleTest,defaultSessionLeavesNetworkAbsentWithoutInitializingNetworkHost,0.003,False,False,False
com.guillermomolina.protos.execution.ProtosStandaloneProcessBootstrapTest,standaloneEntryGetsCompleteBootstrapStateBeforeSourceExecution,0.003,False,False,False
com.guillermomolina.protos.execution.ProtosStandardBufferedByteIoPlacementTest,parallelTransferKeepsExactFactoriesWithoutImporting,0.003,False,False,False
com.guillermomolina.protos.execution.ProtosStandardBufferedByteIoPlacementTest,actorAndDetachedTransferKeepExactFactoriesWithoutImporting,0.003,False,False,False
com.guillermomolina.protos.execution.ProtosStandardBufferedByteIoPlacementTest,moduleInstancesAreActorLocalWhileFactoryIdentityIsShared,0.003,False,False,False
com.guillermomolina.protos.execution.ProtosStandardBufferedByteIoProtocolTest,invalidArgumentsUseFailedFutureAfterDispatch,0.003,False,False,False
com.guillermomolina.protos.execution.ProtosStandardBufferedByteIoProtocolTest,readerReturnsBufferedPrefixBeforeReenteringSourceAndFreshBytes,0.003,False,False,False
com.guillermomolina.protos.execution.ProtosStandardBufferedByteIoProtocolTest,cancellingActiveReadPropagatesToLowerFutureAndPreservesCancelledOutcome,0.003,False,False,False
com.guillermomolina.protos.execution.ProtosStandardBufferedByteIoProtocolTest,lowerCancelledWithoutOuterCutoverIsBufferedFlushFailureNotOuterCancellation,0.003,False,False,False
com.guillermomolina.protos.execution.ProtosStandardBufferedByteIoProtocolTest,factoriesAreFrozenAndCreateFreshBorrowingWrappers,0.003,False,False,False
com.guillermomolina.protos.execution.ProtosStandardBufferedByteIoProtocolTest,closeCutoverDoesNotDuplicateAnInFlightBufferedFlush,0.003,False,False,False
com.guillermomolina.protos.execution.ProtosStandardBufferedByteIoProtocolTest,unknownLowerWriteFailureBeatsCloseCutoverAndPoisonsWithoutReplay,0.003,False,False,False
com.guillermomolina.protos.execution.ProtosStandardBufferedByteIoProtocolTest,owningFactoriesRejectStructuralObjectCloseAsResourceCapability,0.003,False,False,False
com.guillermomolina.protos.execution.ProtosStandardByteIoDurabilityProtocolTest,failedCommittedSyncDoesNotRollbackAndLaterSyncCanSucceed,0.003,False,False,False
com.guillermomolina.protos.execution.ProtosStandardByteIoDurabilityProtocolTest,syncSurfaceIsExposedOnlyForSyncableBackendAndUsesFutureContract,0.003,False,False,False
com.guillermomolina.protos.execution.ProtosStandardByteIoPositioningProtocolTest,truncateShrinksDoesNotExtendAndPreservesPosition,0.003,False,False,False
com.guillermomolina.protos.execution.ProtosStandardByteIoPositioningProtocolTest,seekReadWriteAndPositionObserveLogicalOrder,0.003,False,False,False
com.guillermomolina.protos.execution.ProtosStandardByteIoProtocolTest,readIsFuturePartialOrderedAndEof,0.003,False,False,False
com.guillermomolina.protos.execution.ProtosStandardBytesProtocolTest,hiddenMethodsAndReceiverErrorsRemainDirectStandardError,0.003,False,False,False
com.guillermomolina.protos.execution.ProtosStandardBytesProtocolTest,representedLifecycleContractRemainsJavaSide,0.003,False,False,False
com.guillermomolina.protos.execution.ProtosStandardBytesProtocolTest,invalidOpenMutationFailuresLeaveSameBytesUntouched,0.003,False,False,False
com.guillermomolina.protos.execution.ProtosStandardEnvironmentProtocolTest,nativeDomainDecodeTimingAndEnumerationPrevalidationStayHostSide,0.003,False,False,False
com.guillermomolina.protos.execution.ProtosStandardFileProtocolTest,seekSizeTruncateAndSyncPreservePositionAndCommitment,0.003,False,False,False
com.guillermomolina.protos.execution.ProtosStandardFilesystemProtocolTest,writableOpenMaterializesPositionedFileWithZeroInitialLogicalPosition,0.003,False,False,False
com.guillermomolina.protos.execution.ProtosStandardFilesystemTreeMaterializationTest,hostCapturedMaterializationIsStructurallyReadOnlyFilesystemWithoutCloseOrCapture,0.003,False,False,False
com.guillermomolina.protos.execution.ProtosStandardFilesystemTreeMaterializationTest,entriesMaterializeFreshArrayAndFreshFrozenInertDescriptors,0.003,False,False,False
com.guillermomolina.protos.execution.ProtosStandardFloatArithmeticTest,negatedRemainsSourceBackedOverNativeMultiplication,0.003,False,False,False
com.guillermomolina.protos.execution.ProtosStandardFutureProtocolTest,cancellingThenDoesNotWaitForOrCancelItsPendingSource,0.003,False,False,False
com.guillermomolina.protos.execution.ProtosStandardFutureProtocolTest,firstTerminalWinsUnderRace,0.003,False,False,False
com.guillermomolina.protos.execution.ProtosStandardFutureProtocolTest,escapedChildKeepsItsOwnerUntilTerminalization,0.003,False,False,False
com.guillermomolina.protos.execution.ProtosStandardFutureProtocolTest,cancellationWinsBeforeThenSourceWaitResume(State)[2],0.003,False,False,False
com.guillermomolina.protos.execution.ProtosStandardFutureProtocolTest,cancellationWinsBeforeThenSourceWaitResume(State)[3],0.003,False,False,False
com.guillermomolina.protos.execution.ProtosStandardFutureProtocolTest,cancellationFutureRemainsPendingWhileEnsureCleanupIsSuspended,0.003,False,False,False
com.guillermomolina.protos.execution.ProtosStandardFutureProtocolTest,runningThenTransformCanCompleteWithoutObservingCancellation,0.003,False,False,False
com.guillermomolina.protos.execution.ProtosStandardIpFamilyPlacementTest,standardModuleMemberSeamIsGeneralAndKeyed,0.003,False,False,False
com.guillermomolina.protos.execution.ProtosStandardLibraryModuleResolverTest,caseFoldEquivalentSiblingNamesAreRejectedAsAmbiguous,0.003,False,False,False
com.guillermomolina.protos.execution.ProtosStandardLibraryModuleResolverTest,missingStandardModuleBecomesTheExistingCoreImportError,0.003,False,False,False
com.guillermomolina.protos.execution.ProtosStandardLibraryModuleResolverTest,ordinaryImportCachingAndActorLocalInstancesUseTheCanonicalStandardKey,0.003,False,False,False
com.guillermomolina.protos.execution.ProtosStandardNumberEqualityTest,wrongAritySignalsError,0.003,False,False,False
com.guillermomolina.protos.execution.ProtosStandardPolyglotEmbeddingTest,standardJavaExampleExecutesATopLevelClosure,0.003,False,False,False
com.guillermomolina.protos.execution.ProtosStandardPolyglotEmbeddingTest,contextCloseTerminatesTheProcess,0.003,False,False,False
com.guillermomolina.protos.execution.ProtosStandardPolyglotEmbeddingTest,argumentsEnvironmentAndStreamsComeFromTheContext,0.003,False,False,False
com.guillermomolina.protos.execution.ProtosStandardProcessProtocolTest,invalidEncodingAssociationFailsInsteadOfInferringDefault,0.003,False,False,False
com.guillermomolina.protos.execution.ProtosStandardProcessProtocolTest,unavailableStreamAndEncodingFailWithFreshOrdinaryErrors,0.003,False,False,False
com.guillermomolina.protos.execution.ProtosStandardTextReaderProtocolTest,successfulCancellationPreservesLateReadAheadForNextOrderedRead,0.003,False,False,False
com.guillermomolina.protos.execution.ProtosStandardTextReaderProtocolTest,readerFailureDoesNotAutoCloseOwnedSourceButLaterCloseStillReleasesIt,0.003,False,False,False
com.guillermomolina.protos.execution.ProtosStandardTextWriterProtocolTest,closeCutsOverQueuedUncommittedWorkAndWaitsForCommittedWrite,0.003,False,False,False
com.guillermomolina.protos.execution.ProtosStandardTextWriterProtocolTest,ordinaryInvocationInsideEnteredContextStaysOnOrdinaryTextWriterPath,0.003,False,False,False
com.guillermomolina.protos.execution.ProtosStandardTextWriterProtocolTest,factoryIsSourceBackedFrozenFreshAndValidatesCapabilitiesSynchronously,0.003,False,False,False
com.guillermomolina.protos.execution.ProtosStandardTextWriterProtocolTest,owningClosePreservesEarlierWrapperFailureAsPrimaryButStillClosesTarget,0.003,False,False,False
com.guillermomolina.protos.execution.ProtosTcpConnectionDuplexLifecycleTest,sharedProtocolIsInstalledOnceAndRejectsDelegationOnlyReceivers,0.003,False,False,False
com.guillermomolina.protos.execution.ProtosTcpConnectionEndpointObservationTest,endpointSelectorsRejectWrongReceiverArityAndMissingSnapshotsBeforeBackendWork,0.003,False,False,False
com.guillermomolina.protos.execution.ProtosTcpConnectionEndpointObservationTest,endpointSelectorsExposeRecognizedLogicalSnapshotsWithoutBackendWork,0.003,False,False,False
com.guillermomolina.protos.execution.ProtosTcpConnectionIntegratedConformanceTest,cancelledAcquisitionNeverPublishesAuthorityAndLateResourceCustodyIsReleased,0.003,False,False,False
com.guillermomolina.protos.execution.ProtosTcpConnectionIntegratedConformanceTest,acquiredConnectionComposesOrdinaryObjectEndpointsReceiverDomainAndTransferConfinement,0.003,False,False,False
com.guillermomolina.protos.execution.ProtosTcpListenerAcceptTest,multipleAcceptsRemainIndependentAndMayCompleteOutOfOrder,0.003,False,False,False
com.guillermomolina.protos.execution.ProtosTcpListenerAcceptTest,backendFailureExceptionAndInvalidDescriptorMapToIoErrorWithCustody,0.003,False,False,False
com.guillermomolina.protos.execution.ProtosTcpListenerIntegratedConformanceTest,cancelledListenNeverPublishesListenerAndLateCustodyIsReleased,0.003,False,False,False
com.guillermomolina.protos.execution.ProtosTcpListenerLifecycleTest,closeBackendFailureMapsToPortableIoError,0.003,False,False,False
com.guillermomolina.protos.execution.ProtosTestToolCatalogAcquisitionFacilityTest,capabilityIsBootstrapLocalAndDoesNotCreateAGeneralFilesystemBinding,0.003,False,False,False
com.guillermomolina.protos.execution.ProtosTestToolCatalogAcquisitionFacilityTest,ordinarySymbolicLinkResolutionIsAllowed,0.003,False,False,False
com.guillermomolina.protos.execution.ProtosTestToolCatalogAcquisitionFacilityTest,absolutePathIsAcceptedWithoutRebasing,0.003,False,False,False
com.guillermomolina.protos.execution.ProtosTestToolCatalogAcquisitionFacilityTest,relativePathUsesCapturedInvocationWorkingDirectoryAndReturnsFrozenRawBytes,0.003,False,False,False
com.guillermomolina.protos.execution.ProtosTestToolFileSelectionFacilityTest,outsideMissingAndDirectorySourcesProduceNoAssociations,0.003,False,False,False
com.guillermomolina.protos.execution.ProtosTestToolFileSelectionFacilityTest,symbolicLinkAliasIsNotSelected,0.003,False,False,False
com.guillermomolina.protos.execution.ProtosTestToolFileSelectionFacilityTest,wrongArityAndValueFamilyFailClosed,0.003,False,False,False
com.guillermomolina.protos.execution.ProtosTestToolFileSelectionFacilityTest,sharedAndOverlappingRootsPreserveEveryCorpusAssociation,0.003,False,False,False
com.guillermomolina.protos.execution.ProtosTestToolFileSelectionFacilityTest,directoryResolverRejectsFileMissingAndOutsideLocators,0.003,False,False,False
com.guillermomolina.protos.execution.ProtosTestToolFileSelectionFacilityTest,resultAndAssociationsAreFrozen,0.003,False,False,False
com.guillermomolina.protos.execution.ProtosTestToolFileSelectionFacilityTest,corpusRootDirectoryUsesEmptyLogicalDirectory,0.003,False,False,False
com.guillermomolina.protos.execution.ProtosTestToolFileSelectionFacilityTest,absoluteFileIsAcceptedWithoutRebasing,0.003,False,False,False
com.guillermomolina.protos.execution.ProtosTestToolFileSelectionFacilityTest,relativeDirectoryResolvesToLogicalCorpusDirectory,0.003,False,False,False
com.guillermomolina.protos.execution.ProtosTestToolFutureStoredInspectionFixtureSuiteTest,futureStoredInspectionFixtures()[5],0.003,False,False,False
com.guillermomolina.protos.execution.ProtosTestToolFutureStoredInspectionFixtureSuiteTest,futureStoredInspectionFixtures()[6],0.003,False,False,False
com.guillermomolina.protos.execution.ProtosTestToolFutureStoredInspectionFixtureSuiteTest,futureStoredInspectionFixtures()[7],0.003,False,False,False
com.guillermomolina.protos.execution.ProtosTestToolFutureStoredInspectionFixtureSuiteTest,futureStoredInspectionFixtures()[8],0.003,False,False,False
com.guillermomolina.protos.execution.ProtosTestToolFutureStoredInspectionFixtureSuiteTest,futureStoredInspectionFixtures()[9],0.003,False,False,False
com.guillermomolina.protos.execution.ProtosTestToolI8D3RootActorResourceBundleTest,resourcefulStandaloneRootActorReceivesExactFrozenResourcesLocal,0.003,False,False,False
com.guillermomolina.protos.execution.ProtosTestToolI8D3RootActorResourceBundleTest,bundleUsesCanonicalCoreMapProtocolAndIsFrozen,0.003,False,False,False
com.guillermomolina.protos.execution.ProtosTestToolI8D4BResourcefulAttemptBridgeTest,resourcefulBridgeRejectsEmptyBindingSet,0.003,False,False,False
com.guillermomolina.protos.execution.ProtosTestToolI8D4BResourcefulAttemptBridgeTest,provisioningFailureIsInfrastructureOnlyAndSafeWhenRollbackIsClean,0.003,False,False,False
com.guillermomolina.protos.execution.ProtosTestToolI8D4BResourcefulAttemptBridgeTest,rollbackCleanupFailureMakesProvisioningFailureCapacityUnsafe,0.003,False,False,False
com.guillermomolina.protos.execution.ProtosTestToolStalledCaseDiagnosticFacilityTest,closingTheFacilityStopsTheWatchdog,0.003,False,False,False
com.guillermomolina.protos.execution.ProtosTestToolStalledCaseDiagnosticFacilityTest,malformedObservationsBecomeToolErrorsRatherThanHostExceptions,0.003,False,False,False
com.guillermomolina.protos.execution.ProtosTestToolStalledCaseDiagnosticFacilityTest,theBootstrapSlotIsInstalledExactlyOnce,0.003,False,False,False
com.guillermomolina.protos.execution.ProtosTextIoFinalConformanceTest,replacementSourceExtentParticipatesExactlyInLineBudget,0.003,False,False,False
com.guillermomolina.protos.execution.ProtosTextIoFinalConformanceTest,portableReplacementUsesMaximalSubpartsIndependentOfReadChunking,0.003,False,False,False
com.guillermomolina.protos.execution.ProtosTextIoFinalConformanceTest,explicitBomPreservationProducesTextAndCountsAsLineContent,0.003,False,False,False
com.guillermomolina.protos.execution.ProtosTextReaderLineProtocolTest,successfulCancellationPreservesWholeLineForNextOperation,0.003,False,False,False
com.guillermomolina.protos.execution.ProtosWorkspacePackageApplicationExecutionTest,streamEncodingSelectionIsExactAndDoesNotCaseFold,0.003,False,False,False
com.guillermomolina.protos.execution.ProtosWorkspacePackageModuleResolverTest,selfRoutingUsesTheImportingPackageAndDoesNotConsultExports,0.003,False,False,False
com.guillermomolina.protos.execution.ProtosWorkspacePackageModuleResolverTest,rootEntryExecutesRealProtosSelfImportWithCanonicalPackageIdentity,0.003,False,False,False
com.guillermomolina.protos.execution.ProtosWorkspacePackageSourceLookupTest,rejectsMissingNonRegularAndInvalidLogicalNames,0.003,False,False,False
com.guillermomolina.protos.lsp.ProtosLanguageServerDiagnosticsTest,invalidOpenPublishesExactParserDiagnosticAndFixClearsIt,0.003,False,False,False
com.guillermomolina.protos.lsp.ProtosLanguageServerReferencesTest,advertisesReferencesAndHonorsIncludeDeclarationOnCanonicalOverlay,0.003,False,False,False
com.guillermomolina.protos.parser.ProtosGrammarSurfaceNegativeFixtureTest,rejectsNormativelyInvalidLexicalSurfaceFromProtosSource,0.003,False,False,False
com.guillermomolina.protos.runtime.ProtosActorCrossDomainConformanceTest,selectedProcessTerminationBeforeAcceptanceReroutesToAnotherProcess,0.003,False,False,False
com.guillermomolina.protos.runtime.ProtosActorCrossDomainConformanceTest,acceptedGroupRequestLostToTargetProcessTerminationIsUncertainAndNeverRerouted,0.003,False,False,False
com.guillermomolina.protos.runtime.ProtosActorGroupCommunicationTest,groupSendOperationIsLocalAcrossActorAndPBoundaries,0.003,False,False,False
com.guillermomolina.protos.runtime.ProtosActorGroupCommunicationTest,groupTerminationFailsPendingButCannotRevokeAlreadyAcceptedWork,0.003,False,False,False
com.guillermomolina.protos.runtime.ProtosActorPublicApiTest,spawnRejectsNonSemanticStringArgumentsBeforeResolutionOrCreation,0.003,False,False,False
com.guillermomolina.protos.runtime.ProtosActorPublicApiTest,spawnResolvesOnceSnapshotsWholeArgumentGraphAndReturnsBeforeReady,0.003,False,False,False
com.guillermomolina.protos.runtime.ProtosActorPublicApiTest,bootstrapFailureTerminatesTheSameAlreadyReturnedIncarnation,0.003,False,False,False
com.guillermomolina.protos.runtime.ProtosActorPublicApiTest,nonTransferableArgumentFailsSynchronouslyBeforeCreationCutover,0.003,False,False,False
com.guillermomolina.protos.runtime.ProtosActorRequestTest,acceptedUndispatchedTerminationIsUncertainAndMakesSendRetryable,0.003,False,False,False
com.guillermomolina.protos.runtime.ProtosActorRequestTest,knownPreAcceptanceFailureIsOrdinaryFailedFutureNotUncertainty,0.003,False,False,False
com.guillermomolina.protos.runtime.ProtosActorRequestTest,unhandledAcceptedHandlerFailureBecomesRequestOutcomeUncertain,0.003,False,False,False
com.guillermomolina.protos.runtime.ProtosActorRequestTest,requestSnapshotsAtInvocationAndTransfersReplyBackAcrossActorBoundary,0.003,False,False,False
com.guillermomolina.protos.runtime.ProtosActorRequestTest,requestValidatesSelectorAndCompleteSnapshotBeforeAdmission,0.003,False,False,False
com.guillermomolina.protos.runtime.ProtosActorSendOperationTest,actorRefSendAndSendOperationExposeOnlyTheNormativeLocalSurface,0.003,False,False,False
com.guillermomolina.protos.runtime.ProtosActorSendOperationTest,retryOnAcceptedOperationSignalsError,0.003,False,False,False
com.guillermomolina.protos.runtime.ProtosActorSendOperationTest,sendOperationIsNotActorTransferable,0.003,False,False,False
com.guillermomolina.protos.runtime.ProtosActorSendOperationTest,sendSnapshotsBeforeBackpressureAndDispatchesAgainstStableBehavior,0.003,False,False,False
com.guillermomolina.protos.runtime.ProtosActorTerminationTest,stopIsNullIdempotentAndLosesAcceptedUndispatchedRequestAsUncertain,0.003,False,False,False
com.guillermomolina.protos.runtime.ProtosActorValueTransferTest,transferredActorRefRemainsAValidMapAndIdentityMapKey,0.003,False,False,False
com.guillermomolina.protos.runtime.ProtosActorValueTransferTest,transferredGroupRefRemainsAValidMapAndIdentityMapKey,0.003,False,False,False
com.guillermomolina.protos.runtime.ProtosActorValueTransferTest,executionAndResourceValuesAreRejectedWithStandardNonTransferableValue,0.003,False,False,False
com.guillermomolina.protos.runtime.ProtosByteIoFirstEffectGateTest,zeroEffectAttemptLetsConcurrentCancellationWin,0.003,False,False,False
com.guillermomolina.protos.runtime.ProtosFilesystemNamespaceMutationFlowTest,cancellationCannotSplitSuccessfulEffectFromItsCommitment,0.003,False,False,False
com.guillermomolina.protos.runtime.ProtosGroupRemoteTransportTest,remoteAcceptanceUncertaintyNeverTransparentlyReroutesButExplicitRetryMay,0.003,False,False,False
com.guillermomolina.protos.runtime.ProtosGroupRemoteTransportTest,remoteGroupRequestAcceptanceUncertaintyDoesNotFallbackAndFailsUncertain,0.003,False,False,False
com.guillermomolina.protos.runtime.ProtosIoLifecycleTest,producerCancellationWinsOnlyBeforeCommitment,0.003,False,False,False
com.guillermomolina.protos.runtime.ProtosIoLifecycleTest,cancellationDuringFirstEffectAttemptWaitsForZeroEffectClassification,0.003,False,False,False
com.guillermomolina.protos.runtime.ProtosIoLifecycleTest,repeatedCloseUsesFreshFuturesOneReleaseAndStableFailureIdentity,0.003,False,False,False
com.guillermomolina.protos.runtime.ProtosIoLifecycleTest,firstCutoverArrivalDuringAttemptPreservesCancellationVersusClosePrecedence,0.003,False,False,False
com.guillermomolina.protos.runtime.ProtosNetworkCapabilityTransferTest,pRejectsNetworkAuthorityAndAuthorityBearingDescendants,0.003,False,False,False
com.guillermomolina.protos.runtime.ProtosPlat029IoOperationRunnableSeamTest,backendReadinessOnlyQueuesAndActorDispatchRunsOperationWithoutHiddenTask,0.003,False,False,False
com.guillermomolina.protos.runtime.ProtosProcessStandardStreamBindingTest,terminationCutoverRejectsNewStandardStreamOperations,0.003,False,False,False
com.guillermomolina.protos.runtime.ProtosProcessStandardStreamBindingTest,bootstrapAvailabilityIsIndependentStableAndRepeatedAccessSharesBinding,0.003,False,False,False
com.guillermomolina.protos.runtime.ProtosRepresentedValueInteropCoverageTest,everyDirectRepresentedValueOwnsExplicitInteropAndSafeDisplay,0.003,False,False,False
com.guillermomolina.protos.runtime.ProtosRepresentedValueInteropCoverageTest,representativeOpaqueDirectValuesExposeOnlyBoundedObjectDisplay,0.003,False,False,False
com.guillermomolina.protos.runtime.ProtosTcpListenerFoundationTest,listenerIsOrdinaryOpenObjectWithOpaqueRuntimeState,0.003,False,False,False
com.guillermomolina.protos.analysis.ProtosStaticAnalysisSessionTest,concurrentIndependentDocumentCustodyDoesNotShareMutableState,0.002,False,False,False
com.guillermomolina.protos.cli.ProtosLm009FLanguageServerCliTest,helpPublishesTheRatifiedLanguageServerRoleCommand,0.002,False,False,False
com.guillermomolina.protos.cli.ProtosWorkspaceRunCliTest,privateMaterializationBackendUsesTheCompleteExactIdentityWithoutFallback,0.002,False,False,False
com.guillermomolina.protos.documentation.ProtosDocumentationModelTest,packageVersionsShareLineageButHaveDistinctExactOccurrences,0.002,False,False,False
com.guillermomolina.protos.documentation.ProtosDocumentationModelTest,sourceMovementAndCallableEvolutionDoNotChangeSymbolIdentity,0.002,False,False,False
com.guillermomolina.protos.documentation.ProtosSourceDocumentationTest,associatesSlotDocumentationWithExactOwnersInSourceOrder,0.002,False,False,False
com.guillermomolina.protos.documentation.ProtosSourceDocumentationTest,sameNamedCreationsRemainDistinctOccurrences,0.002,False,False,False
com.guillermomolina.protos.documentation.ProtosSourceDocumentationTest,rejectsSlotDocumentationThatWouldJumpScope,0.002,False,False,False
com.guillermomolina.protos.documentation.ProtosStandardLibraryDocumentationExtractorTest,blankLineBreaksSymbolDocumentationAssociation,0.002,False,False,False
com.guillermomolina.protos.documentation.ProtosStandardLibraryDocumentationExtractorTest,moreThanOneModuleDocumentationBlockIsRejected,0.002,False,False,False
com.guillermomolina.protos.execution.CanonicalMemberReadExecutionTest,memberReadSignalsSlotNotFoundForRepresentedValueWithoutMember,0.002,False,False,False
com.guillermomolina.protos.execution.ProtosA4B3ModuleProcessHostingTest,hostedCanonicalInitialModuleSelfEntersProcessContextAndPreservesCacheIdentity,0.002,False,False,False
com.guillermomolina.protos.execution.ProtosAPlusExecutionProjectionTest,sharedRootSourceClosureKeepsStagedDirectFallbackUntilA4B3,0.002,False,False,False
com.guillermomolina.protos.execution.ProtosActorBootstrapTest,inheritedBindingCannotSatisfyBootstrapLocalBindingRequirement,0.002,False,False,False
com.guillermomolina.protos.execution.ProtosActorBootstrapTest,sourceFailureTerminatesSameExistingIncarnationWithoutRetargetingReference,0.002,False,False,False
com.guillermomolina.protos.execution.ProtosActorBootstrapTest,canonicalBootstrapLoadsActorLocalModuleAndInstallsExactBehavior,0.002,False,False,False
com.guillermomolina.protos.execution.ProtosActorPolyglotContextRoutingTest,runtimeHostOwnsOnePlatformActorSchedulerAcrossHostedProcesses,0.002,False,False,False
com.guillermomolina.protos.execution.ProtosActorPolyglotContextRoutingTest,distinctActorCarriersEnterTheSameOwningProcessContext,0.002,False,False,False
com.guillermomolina.protos.execution.ProtosArrayMatchProtocolTest,stopsAtFirstMismatchWithoutInvokingLaterChildren,0.002,False,False,False
com.guillermomolina.protos.execution.ProtosArrayMatchProtocolTest,rejectsLengthMismatchBeforeInvokingAnyChild,0.002,False,False,False
com.guillermomolina.protos.execution.ProtosArrayMatchProtocolTest,snapshotsMatcherAndSubjectArraysBeforeInvokingChildren,0.002,False,False,False
com.guillermomolina.protos.execution.ProtosArrayMatchProtocolTest,composesCapturesWithoutFlatteningCapturedArrays,0.002,False,False,False
com.guillermomolina.protos.execution.ProtosAsyncExactExecutionFacilityTest,cancellationBeforeHostStartWithdrawsWorkAndTerminalizesFuture,0.002,False,False,False
com.guillermomolina.protos.execution.ProtosAsyncExactExecutionFacilityTest,hostCompletionRemainsInertUntilCallerDomainDispatch,0.002,False,False,False
com.guillermomolina.protos.execution.ProtosAud007DapPortOwnershipTest,ephemeralLoopbackDapPublishesTheOsAssignedPortItOwns,0.002,False,False,False
com.guillermomolina.protos.execution.ProtosBug013FrameLexicalAuthorityMaterializationTest,authorityRetainsMaterializedFrameBeforeDeferredContextObservation,0.002,False,False,False
com.guillermomolina.protos.execution.ProtosBug018FrameLexicalAuthorityReadAfterOwnerTierTransitionTest,retainedAuthorityReadOfPresentLocalSurvivesOwnerTransitionInAnotherActivation,0.002,False,False,False
com.guillermomolina.protos.execution.ProtosBundledToolModuleResolverTest,privateSharedBootstrapUsesStableIdentityAndPreservesSelfConfinement,0.002,False,False,False
com.guillermomolina.protos.execution.ProtosCanonicalInitialModuleExecutionTest,unhostedInitialModuleExecutesThroughBytecodeBoundary,0.002,False,False,False
com.guillermomolina.protos.execution.ProtosCaseOfProtocolTest,attemptsCasesInMapInsertionOrder,0.002,False,False,False
com.guillermomolina.protos.execution.ProtosCaseOfProtocolTest,rejectsEmptyCaptureCarrierAsMatcherOutcome,0.002,False,False,False
com.guillermomolina.protos.execution.ProtosCaseOfProtocolTest,doesNotEagerlyValidateUnreachedCallable,0.002,False,False,False
com.guillermomolina.protos.execution.ProtosCaseOfProtocolTest,rejectsSelectedNonCallable,0.002,False,False,False
com.guillermomolina.protos.execution.ProtosCaseOfProtocolTest,rejectsInvalidReachedMatcherOutcome,0.002,False,False,False
com.guillermomolina.protos.execution.ProtosCaseOfProtocolTest,preservesSelectedCallableNullResult,0.002,False,False,False
com.guillermomolina.protos.execution.ProtosCaseOfProtocolTest,selectsFirstSuccessfulMatcherAndSpreadsCapture,0.002,False,False,False
com.guillermomolina.protos.execution.ProtosCaseOfProtocolTest,doesNotEagerlyValidateUnreachedMatcher,0.002,False,False,False
com.guillermomolina.protos.execution.ProtosCli008C1DiagnosticTraceTest,physicalCallbackFallbackContributesExactlyOneFrame,0.002,False,False,False
com.guillermomolina.protos.execution.ProtosCli008C1DiagnosticTraceTest,failedFutureValueTraceIsConsumerLocalAfterSuspendAndResume,0.002,False,False,False
com.guillermomolina.protos.execution.ProtosCommandLineArrayConstructionFacilityTest,builderOperationsRequireExactReceiverAndArity,0.002,False,False,False
com.guillermomolina.protos.execution.ProtosCommandLineArrayConstructionFacilityTest,finishMaterializesOneOrdinaryArrayPreservingOrderAndIdentity,0.002,False,False,False
com.guillermomolina.protos.execution.ProtosCommandLineArrayConstructionFacilityTest,builderStateAppendsLinearlyAndMaterializesExactlyOnce,0.002,False,False,False
com.guillermomolina.protos.execution.ProtosCoreBootstrapTest,objectMatchConformanceUsesDynamicEqualityExactlyOnceAndReturnsExactResult,0.002,False,False,False
com.guillermomolina.protos.execution.ProtosCoreBootstrapTest,installsSourceBackedObjectBehaviorWithoutInequalityProtocol,0.002,False,False,False
com.guillermomolina.protos.execution.ProtosCoreBootstrapTest,guestCannotCreateAStandardRootSlotAfterPublication,0.002,False,False,False
com.guillermomolina.protos.execution.ProtosCoreBootstrapTest,sourceBackedCoreClosureSurvivesTemporaryBootstrapHostAndReprojectsToBytecode,0.002,False,False,False
com.guillermomolina.protos.execution.ProtosCoreBootstrapTest,publishesTheCompleteSharedStandardGraphFrozen,0.002,False,False,False
com.guillermomolina.protos.execution.ProtosCoreBootstrapTest,bootstrapsContextPrototypeFromDistributableCoreSource,0.002,False,False,False
com.guillermomolina.protos.execution.ProtosCoreBootstrapTest,guestCannotAssignFrozenPreludeBindingButCanShadowLocally,0.002,False,False,False
com.guillermomolina.protos.execution.ProtosDerivedInequalityBackendTest,derivedInequalityUsesEqualityExactlyOnceAndIgnoresInequalitySlot,0.002,False,False,False
com.guillermomolina.protos.execution.ProtosDerivedInequalityBackendTest,derivedInequalityRejectsNonBooleanEqualityResult,0.002,False,False,False
com.guillermomolina.protos.execution.ProtosDiagnosticRootIdentityTest,catalogLineCarriesSelectorAndHumanReadableMetadata,0.002,False,False,False
com.guillermomolina.protos.execution.ProtosDirectionalShutdownTest,writeShutdownWaitsForPrecedingWriteRejectsLaterWriteAndUsesFreshFollowers,0.002,False,False,False
com.guillermomolina.protos.execution.ProtosEncodingTransferTest,EncodingIsAuthorityFreeImmutableActorAndPTransferValue,0.002,False,False,False
com.guillermomolina.protos.execution.ProtosExactExecutionFacilityTest,facilityIsBootstrapLocalAndNotPreludeGlobal,0.002,False,False,False
com.guillermomolina.protos.execution.ProtosExternalPackageResourceScopeTest,exactRegistryAndGitCustodiesReconcileAndLookUpTheirOwnAuthority,0.002,False,False,False
com.guillermomolina.protos.execution.ProtosExternalPackageResourceScopeTest,missingExtraDuplicateAndMismatchedCustodiesAreRejected,0.002,False,False,False
com.guillermomolina.protos.execution.ProtosExternalPackageResourceScopeTest,closeIsIdempotentAndReleasesEveryOwnedCustodyExactlyOnce,0.002,False,False,False
com.guillermomolina.protos.execution.ProtosExternalPackageResourceScopeTest,opaqueOtherAndLinkEntriesAreNeverRegularData,0.002,False,False,False
com.guillermomolina.protos.execution.ProtosExternalPackageResourceScopeTest,exactIdentitiesNeverCollapseOnPackageIdKindOrContent,0.002,False,False,False
com.guillermomolina.protos.execution.ProtosFilesystemIntegratedConformanceTest,selectedResourceIsStableEvenWhenBackendNamespaceLaterRetargets,0.002,False,False,False
com.guillermomolina.protos.execution.ProtosFilesystemIntegratedConformanceTest,independentIntegratedOpensReachBackendAndMayCompleteOutOfOrder,0.002,False,False,False
com.guillermomolina.protos.execution.ProtosFilesystemIntegratedConformanceTest,committedCreateEffectDefeatsCancellationAndLaterFailureRemainsIoError,0.002,False,False,False
com.guillermomolina.protos.execution.ProtosFilesystemParallelTransferTest,liveAuthorityAndAuthorityBearingDescendantsHaveNoPTransferContract,0.002,False,False,False
com.guillermomolina.protos.execution.ProtosForeignModuleImportTest,facadeAddsNoGuestMembersAndCanonicalizationFailureIsAnOrdinaryImportFailure,0.002,False,False,False
com.guillermomolina.protos.execution.ProtosForeignModuleImportTest,emptyRegistryRoutesNothingAndInitializesNoForeignMachinery,0.002,False,False,False
com.guillermomolina.protos.execution.ProtosForeignModuleImportTest,cacheBeforeInitializationServesForeignCyclesWithTheSamePartialFacade,0.002,False,False,False
com.guillermomolina.protos.execution.ProtosForeignModuleImportTest,registeredSchemeRoutesToOneProviderAndAliasesShareOneFacadeAndInitialization,0.002,False,False,False
com.guillermomolina.protos.execution.ProtosForeignProviderEnforcementTest,profileAndEnforcementAreImmutableHostMetadataWithoutGuestOrImportSwitch,0.002,False,False,False
com.guillermomolina.protos.execution.ProtosForeignProviderEnforcementTest,foreignSubstrateIntroducesNoAmbientDiscoveryOrHostAccess,0.002,False,False,False
com.guillermomolina.protos.execution.ProtosForeignProviderLifecycleTest,racingSameActorAcquisitionPublishesExactlyOneSession,0.002,False,False,False
com.guillermomolina.protos.execution.ProtosForeignValueProjectionTest,facadeIsTheActorModuleInstanceAndProjectsItsTargetThroughTheSharedSubstrate,0.002,False,False,False
com.guillermomolina.protos.execution.ProtosFreshProcessExecutorTest,requestWithoutNetworkGrantLeavesInitialNetworkSlotAbsent,0.002,False,False,False
com.guillermomolina.protos.execution.ProtosFreshProcessExecutorTest,arrayMatchCaptureCompletesInFreshProcess,0.002,False,False,False
com.guillermomolina.protos.execution.ProtosI026EDebuggerIntegrationTest,realDebuggerSessionReadsTheActivationNativeScope,0.002,False,False,False
com.guillermomolina.protos.execution.ProtosI050MultipleSlotCreationTest,duplicateTargetFailureDoesNotRollBackEarlierCreation,0.002,False,False,False
com.guillermomolina.protos.execution.ProtosI068Slice5CapturedMaterializedLexicalLoweringTest,provenCaptureAtDepthTwoUsesOuterFrameAuthority,0.002,False,False,False
com.guillermomolina.protos.execution.ProtosI068Slice5CapturedMaterializedLexicalLoweringTest,reparsedClosureRebuildPreservesCapturedResolutionAndSourceMaterialization,0.002,False,False,False
com.guillermomolina.protos.execution.ProtosI068Slice6DebuggerReflectionProjectionTest,capturedFrameBackedBindingRemainsLiveInDebuggerProjection,0.002,False,False,False
com.guillermomolina.protos.execution.ProtosI068Slice6DebuggerReflectionProjectionTest,semanticallyAbsentFrameLocalIsHiddenFromReflectionAndDebugger,0.002,False,False,False
com.guillermomolina.protos.execution.ProtosI068Slice7ActivationLexicalDecompositionTest,provenCapturedReadUsesFramePathWithoutGenericLookupInstruction,0.002,False,False,False
com.guillermomolina.protos.execution.ProtosI072PhaseDPreparedCallSeparationTest,onlyNativeCallOwnsStructuredCapabilities,0.002,False,False,False
com.guillermomolina.protos.execution.ProtosI072PhaseDPreparedCallSeparationTest,entryOperationSpecializesOnConcreteRepresentations,0.002,False,False,False
com.guillermomolina.protos.execution.ProtosI072PhaseEStructuredSendConvergenceTest,canonicalBooleanReceiversAreAdmittedToGuardedStructuredSelection,0.002,False,False,False
com.guillermomolina.protos.execution.ProtosI075DLexicalAuthorityCurrentBytecodeNodeTest,installationOverExistingBindingsMigratesThemThroughTheGenericPath,0.002,False,False,False
com.guillermomolina.protos.execution.ProtosIdentityMapConformanceTest,factoryMaterializesRepresentedIdentityMapAndPreludeBinding,0.002,False,False,False
com.guillermomolina.protos.execution.ProtosInvalidSuperExecutionTest,missingMethodHomeDoesNotFallBackToReceiverLookup,0.002,False,False,False
com.guillermomolina.protos.execution.ProtosInvalidSuperExecutionTest,spreadExpressionPreservesArgumentOrderBeforeInvalidSuper,0.002,False,False,False
com.guillermomolina.protos.execution.ProtosInvalidSuperExecutionTest,invalidSuperHappensAfterArgumentsExactlyOnceAndLeftToRight,0.002,False,False,False
com.guillermomolina.protos.execution.ProtosLanguageSourceParsingTest,polyglotContextParsesNestedProtosRootsThroughTheRealFrontendWithoutExecutingThem,0.002,False,False,False
com.guillermomolina.protos.execution.ProtosLm009DDebugRuntimeHostTest,realDebugRuntimeHostPublishesOsAllocatedLoopbackEndpoint,0.002,False,False,False
com.guillermomolina.protos.execution.ProtosLoggingFacilityTest,facilitiesAreFrozenStatelessMembersOfTheirExactModulesOnly,0.002,False,False,False
com.guillermomolina.protos.execution.ProtosMapConstructionFPrimeBytecodeFoundationTest,initialDefinitionStateMachineAppendsUniqueAssociation,0.002,False,False,False
com.guillermomolina.protos.execution.ProtosMapConstructionFPrimeBytecodeFoundationTest,initialDefinitionStateMachineRejectsDuplicateWithoutReplacement,0.002,False,False,False
com.guillermomolina.protos.execution.ProtosMapConstructionFPrimeBytecodeFoundationTest,bytecodeConstructionFactoryPreparationUsesFPrimeEligibility,0.002,False,False,False
com.guillermomolina.protos.execution.ProtosMapConstructionFPrimeProtocolTest,inheritedCanonicalFactoryIsEligibleAndInitialDefinitionBypassesAtPut,0.002,False,False,False
com.guillermomolina.protos.execution.ProtosMapConstructionFPrimeProtocolTest,copiedCanonicalCallRemainsOrdinarilyInvokableButIsNotConstructionAuthority,0.002,False,False,False
com.guillermomolina.protos.execution.ProtosModuleSourceIdentityTest,hostedMaterializationBuildsLiteralSourceFromNeutralFacts,0.002,False,False,False
com.guillermomolina.protos.execution.ProtosNetworkBootstrapAuthorityTest,standaloneBootstrapUsesExactOptionalNetworkGrant,0.002,False,False,False
com.guillermomolina.protos.execution.ProtosNetworkConnectAcquisitionTest,actorTerminationRacingCancellationHandleRegistrationStillCancelsBackend,0.002,False,False,False
com.guillermomolina.protos.execution.ProtosNetworkConnectAcquisitionTest,nonOperationalAuthorityTargetFailsPortablyWithoutSelectingABackend,0.002,False,False,False
com.guillermomolina.protos.execution.ProtosNetworkConnectAcquisitionTest,actorTerminationUsesOrdinaryPrecommitCancellationAndLateCustody,0.002,False,False,False
com.guillermomolina.protos.execution.ProtosNetworkConnectAcquisitionTest,backendFailureExceptionAndInvalidLocalDescriptorMapToIoErrorWithCustody,0.002,False,False,False
com.guillermomolina.protos.execution.ProtosNetworkConnectAcquisitionTest,invalidRequestFailsBeforeNetworkAuthorityIsExercised,0.002,False,False,False
com.guillermomolina.protos.execution.ProtosNetworkConnectAcquisitionTest,validConnectStartsIndependentHostNeutralAcquisitionsAndTransfersConnections,0.002,False,False,False
com.guillermomolina.protos.execution.ProtosNetworkListenAcquisitionTest,precommitCancellationAndDuplicateOrLateListenersReleaseCustody,0.002,False,False,False
com.guillermomolina.protos.execution.ProtosNetworkListenAcquisitionTest,nonListenAuthorityTargetFailsPortablyWithoutSelectingBackend,0.002,False,False,False
com.guillermomolina.protos.execution.ProtosNetworkListenAcquisitionTest,actorTerminationRacingCancellationRegistrationStillCancelsBackend,0.002,False,False,False
com.guillermomolina.protos.execution.ProtosNetworkListenAcquisitionTest,canonicalNullAddressAndPortRequestBackendSelectionWithoutMagicEndpointValues,0.002,False,False,False
com.guillermomolina.protos.execution.ProtosNetworkListenAcquisitionTest,wrongArityOrNonAuthorityReceiverFailsBeforeBackendEffect,0.002,False,False,False
com.guillermomolina.protos.execution.ProtosNetworkListenAcquisitionTest,invalidShapeVersionAddressOrPortFailsBeforeBackendEffect,0.002,False,False,False
com.guillermomolina.protos.execution.ProtosNioFilesystemTreeCaptureBackendTest,finalDirectorySymlinkIsNeverFollowedForObservationOrCapture,0.002,False,False,False
com.guillermomolina.protos.execution.ProtosNioHostIoPollerTest,commandFailureIsReportedWithoutKillingSharedPoller,0.002,False,False,False
com.guillermomolina.protos.execution.ProtosNioHostIoPollerTest,selectorDispatchesRealReadinessOnOwningPoller,0.002,False,False,False
com.guillermomolina.protos.execution.ProtosNumericPrototypeBridgeTest,sourceBackedNumericPrototypeHierarchyIsNormativeHierarchy,0.002,False,False,False
com.guillermomolina.protos.execution.ProtosPackagedCoreEmbeddingTest,constructionAndBindingsDoNotBootstrapThePackagedCore,0.002,False,False,False
com.guillermomolina.protos.execution.ProtosParallelExecutionTest,standardPublicationFreezesSharedPrototypesWithoutFreezingChildren,0.002,False,False,False
com.guillermomolina.protos.execution.ProtosParallelExecutionTest,executorBounded,0.002,False,False,False
com.guillermomolina.protos.execution.ProtosParallelExecutionTest,closedPublicSurface,0.002,False,False,False
com.guillermomolina.protos.execution.ProtosPerf006B2C1SinglePositionalBindingTest,requiredParameterArityMismatchIsGuestError,0.002,False,False,False
com.guillermomolina.protos.execution.ProtosPerf006B2C3B1ActivationRootSeamTest,arityFailureAndSpreadDefaultLoweringCoexist,0.002,False,False,False
com.guillermomolina.protos.execution.ProtosPerf006B2C3B2SimpleDefaultBindingTest,requiredArityAndSpreadDefaultLoweringCoexist,0.002,False,False,False
com.guillermomolina.protos.execution.ProtosPerf006B2C3B3CallSendDefaultBindingTest,omittedSendDefaultPreservesImmediateMethodReceiverAndHome,0.002,False,False,False
com.guillermomolina.protos.execution.ProtosPerf006B2D3AOrdinaryObjectCallProtocolTest,inheritedSourceBackedCallSlotSuspendsWithoutLosingReceiverOrHome,0.002,False,False,False
com.guillermomolina.protos.execution.ProtosPerf006B2D3AOrdinaryObjectCallProtocolTest,defaultCallUsesSameOrdinaryObjectCallProtocol,0.002,False,False,False
com.guillermomolina.protos.execution.ProtosPerf006B2D3BSelectedStandardObjectCallIntrinsicTest,standardIntrinsicSuspensionRetainsTargetReturnHomeUntilCompletion,0.002,False,False,False
com.guillermomolina.protos.execution.ProtosPerf006B2D3BSelectedStandardObjectCallIntrinsicTest,defaultCallUsesSameStructuralOverrideRule,0.002,False,False,False
com.guillermomolina.protos.execution.ProtosPerf006B2D4AComposedCallTargetTest,targetEvaluatesBeforeArgumentsStrictlyOnce,0.002,False,False,False
com.guillermomolina.protos.execution.ProtosPerf006B2D4BComposedSendReceiverTest,defaultCanUseComposedMessageReceiver,0.002,False,False,False
com.guillermomolina.protos.execution.ProtosPerf006B2D5BBodySendSpreadTest,spreadExpressionSuspensionDoesNotReplayComposedReceiver,0.002,False,False,False
com.guillermomolina.protos.execution.ProtosPerf006B2D5CDefaultSpreadTest,defaultSpreadSnapshotSurvivesLaterArgumentSuspension,0.002,False,False,False
com.guillermomolina.protos.execution.ProtosPerf006B3CSuspensionCapableNativeLeafTest,nestedSourceCallPropagatesNativeLeafThroughCompleteCPrimeChain,0.002,False,False,False
com.guillermomolina.protos.execution.ProtosPerf006B3CSuspensionCapableNativeLeafTest,taskBackedNativeSuspensionBecomesCPrimeLeafAndResumesWithoutReplay,0.002,False,False,False
com.guillermomolina.protos.execution.ProtosPerf006B3DTopLevelTaskPublicationTest,oneTaskMayPublishTwoSuccessiveCPrimeSuspensionsWithoutReplay,0.002,False,False,False
com.guillermomolina.protos.execution.ProtosPerf006B3EStandardFutureValueCPrimeTest,cancelledFutureCreatesFreshObservationErrorsOnCPrimePath,0.002,False,False,False
com.guillermomolina.protos.execution.ProtosPerf006B3EStandardFutureValueCPrimeTest,alreadyResolvedFutureReturnsSynchronouslyWithoutCPrimeSuspension,0.002,False,False,False
com.guillermomolina.protos.execution.ProtosPerf006B3EStandardFutureValueCPrimeTest,extractedStandardValueClosureSuspendsWithoutSelectorRecognition,0.002,False,False,False
com.guillermomolina.protos.execution.ProtosPerf006B3EStandardFutureValueCPrimeTest,explicitRebindingUsesSameCapabilityBodyAndNewOrdinaryReceiver,0.002,False,False,False
com.guillermomolina.protos.execution.ProtosPerf006B3EStandardFutureValueCPrimeTest,standardValueSlotCarriesCapabilityOnItsNativeImplementation,0.002,False,False,False
com.guillermomolina.protos.execution.ProtosPerf006B3EStandardFutureValueCPrimeTest,pendingFutureSuspendsAndResumesThroughCPrime,0.002,False,False,False
com.guillermomolina.protos.execution.ProtosPerf006B3EStandardFutureValueCPrimeTest,cancellationWinsWhenFutureReadyButTaskHasNotResumedYet,0.002,False,False,False
com.guillermomolina.protos.execution.ProtosPerf006B3FClosureEvidenceTest,pendingFutureTerminalCancellationResumesValueWithFreshCancelledOccurrence,0.002,False,False,False
com.guillermomolina.protos.execution.ProtosPerf006B4ATransferSubstrateTest,bytecodeEhBridgePreservesExactInternalTransferIdentityAndRejectsForeignControl,0.002,False,False,False
com.guillermomolina.protos.execution.ProtosPerf006B4BNonLocalReturnTest,completedCapturedHomeStillSignalsInvalidReturn,0.002,False,False,False
com.guillermomolina.protos.execution.ProtosPerf006B4BNonLocalReturnTest,ownedBytecodeClosureConsumesDirectCanonicalReturn,0.002,False,False,False
com.guillermomolina.protos.execution.ProtosPerf006B4BNonLocalReturnTest,capturedHomeReturnPropagatesExactTargetAndPayload,0.002,False,False,False
com.guillermomolina.protos.execution.ProtosPerf006B4BNonLocalReturnTest,defaultExpressionReturnUsesTheInvocationReturnHome,0.002,False,False,False
com.guillermomolina.protos.execution.ProtosPerf006B4CStructuredEnsureTest,extractedEnsureKeepsCapabilityButNearerOverrideIsNotSelectorPet,0.002,False,False,False
com.guillermomolina.protos.execution.ProtosPerf006B4CStructuredEnsureTest,bodySuspensionDoesNotRunCleanupAndCompletedPrefixDoesNotReplay,0.002,False,False,False
com.guillermomolina.protos.execution.ProtosPerf006B4CStructuredEnsureTest,normalCompletionPreservesExactBodyResultAndRunsCleanupOnce,0.002,False,False,False
com.guillermomolina.protos.execution.ProtosPerf006B4CStructuredEnsureTest,cleanupNonLocalReturnSupersedesPendingBodyNonLocalReturn,0.002,False,False,False
com.guillermomolina.protos.execution.ProtosPerf006B4CStructuredEnsureTest,cleanupErrorSupersedesPendingBodyError,0.002,False,False,False
com.guillermomolina.protos.execution.ProtosPerf006B4GControlUnwindClosureTest,bytecodeControlPathAndSynchronousOracleContainNoReplayBackend,0.002,False,False,False
com.guillermomolina.protos.execution.ProtosPerf006B5BSourceInstrumentationLocationTest,bytecodeSourceAndTagTreePreserveExactMinimalToolingProjection,0.002,False,False,False
com.guillermomolina.protos.execution.ProtosPerf006B6A1ReadOnlyCanonicalCoverageTest,readOnlyCompositeDefaultExpressionRunsOnBytecodePlan,0.002,False,False,False
com.guillermomolina.protos.execution.ProtosPerf006B6A1ReadOnlyCanonicalCoverageTest,memberIdentityAndIntrinsicsExecuteThroughBytecode,0.002,False,False,False
com.guillermomolina.protos.execution.ProtosPerf006B6A1ReadOnlyCanonicalCoverageTest,composedMemberReceiverExecutesExactlyOnce,0.002,False,False,False
com.guillermomolina.protos.execution.ProtosPerf006B6A3BClosureLiteralCanonicalCoverageTest,completedClosureLiteralPrefixIsNotReplayedAcrossSuspension,0.002,False,False,False
com.guillermomolina.protos.execution.ProtosPerf006B6A4OrdinaryNativeFastPathTest,realCoreIntegerNativeProtocolRunsThroughBytecodeTask,0.002,False,False,False
com.guillermomolina.protos.execution.ProtosPerf006B6A4OrdinaryNativeFastPathTest,ordinaryNativeClosureRunsInsideTaskWithoutSuspensionCapability,0.002,False,False,False
com.guillermomolina.protos.execution.ProtosPerf006B6A5ModuleInitializationCPrimeBridgeTest,suspendingModuleStaysInitializingAndFinishesWithoutReplay,0.002,False,False,False
com.guillermomolina.protos.execution.ProtosPerf006B6A5ModuleInitializationCPrimeBridgeTest,recursiveInitializingImportReturnsSameInstanceWithoutWaiting,0.002,False,False,False
com.guillermomolina.protos.execution.ProtosPerf006Plat028BooleanCallbackTest,shortCircuitDoesNotRequireCallbackToBeInvokable,0.002,False,False,False
com.guillermomolina.protos.execution.ProtosPerf006Plat028BytesEachCallbackTest,bytesEachOwnsSuspendingCallbackLoopInsideCPrime,0.002,False,False,False
com.guillermomolina.protos.execution.ProtosPerf006Plat028EnvironmentEachCallbackTest,canonicalRecognitionRejectsCopiedStandardEachAtAnotherHome,0.002,False,False,False
com.guillermomolina.protos.execution.ProtosPerf006Plat028IdentityMapEachCallbackTest,canonicalRecognitionRejectsCopiedStandardIdentityMapBehavior,0.002,False,False,False
com.guillermomolina.protos.execution.ProtosPerf006Plat028MapAtPutCallbackTest,canonicalRecognitionKeepsAtPutBoundToExactStandardHome,0.002,False,False,False
com.guillermomolina.protos.execution.ProtosPerf006Plat028MapEachCallbackTest,canonicalRecognitionRejectsCopiedStandardEachAtAnotherHome,0.002,False,False,False
com.guillermomolina.protos.execution.ProtosPerf006Plat028MapReadLookupCallbackTest,canonicalRecognitionKeepsMapReadsBoundToExactStandardHome,0.002,False,False,False
com.guillermomolina.protos.execution.ProtosPerf006Plat028MapRemoveCallbackTest,canonicalRecognitionKeepsRemoveBoundToExactStandardHome,0.002,False,False,False
com.guillermomolina.protos.execution.ProtosPerf006Plat031BufferedReaderCPrimeTest,bufferedReadIsSuspensionCapableButCloseRemainsOutsideThisSlice,0.002,False,False,False
com.guillermomolina.protos.execution.ProtosPerf006Plat031BufferedWriterCPrimeTest,cancelledPostCommitLowerFlushIsCommittedFailure,0.002,False,False,False
com.guillermomolina.protos.execution.ProtosPerf006Plat031BufferedWriterCPrimeTest,independentlyCancelledFirstLowerIsFailureNotOuterCancellation,0.002,False,False,False
com.guillermomolina.protos.execution.ProtosPerf013SliceASharedLexicalRootGroupingTest,siblingClosuresInSameOwnerShareGroupButHaveDistinctRoots,0.002,False,False,False
com.guillermomolina.protos.execution.ProtosPerf013SliceB1MaterializedCapturedReadTest,nearerLateCreationRetargetsCapturedReadAwayFromMaterializedOwner,0.002,False,False,False
com.guillermomolina.protos.execution.ProtosPerf013SliceB1MaterializedCapturedReadTest,isolatedRebuildWithoutOwnerInGroupKeepsOldSafeFallback,0.002,False,False,False
com.guillermomolina.protos.execution.ProtosPerf013SliceB2MaterializedCapturedWriteTest,rhsRemovalOfSelectedDestinationCausesMutationErrorNotRetarget,0.002,False,False,False
com.guillermomolina.protos.execution.ProtosPerf013SliceB2MaterializedCapturedWriteTest,isolatedRebuildWithoutOwnerInGroupKeepsOldSafeWriteFallback,0.002,False,False,False
com.guillermomolina.protos.execution.ProtosPerf025CompactCalleeExecutionTest,defaultsSeeOnlyEarlierParametersAndOrdinaryLookup,0.002,False,False,False
com.guillermomolina.protos.execution.ProtosPerf025D179LexicalMembershipStabilityReadTest,removalInvalidatesOnlyExactNameAndRecreationNeverRenewsToken,0.002,False,False,False
com.guillermomolina.protos.execution.ProtosPerf025FrameMaterializationSliceTest,duplicateFrameNativeCreationIsTheExactCreationError,0.002,False,False,False
com.guillermomolina.protos.execution.ProtosPerf025H1LazyRootActivationTest,debuggerScopeMaterializesOneExactActivation,0.002,False,False,False
com.guillermomolina.protos.execution.ProtosPerf025H1LazyRootActivationTest,activationIsMaterializedOnDemandOnceAndReused,0.002,False,False,False
com.guillermomolina.protos.execution.ProtosPerf025H1LazyRootActivationTest,defaultParameterPathsStayCompact,0.002,False,False,False
com.guillermomolina.protos.execution.ProtosPerf025H1LazyRootActivationTest,singleParameterIsBoundFromCompactArgumentsWithoutRichActivation,0.002,False,False,False
com.guillermomolina.protos.execution.ProtosPerf025H1LazyRootActivationTest,richActivationEntryKeepsTheGenericPath,0.002,False,False,False
com.guillermomolina.protos.execution.ProtosPerf025H1LazyRootActivationTest,repeatedInvocationsStayCompactAndIndependent,0.002,False,False,False
com.guillermomolina.protos.execution.ProtosPerf025LazyLexicalCaptureTest,debuggerProjectsDeferredCapturesLive,0.002,False,False,False
com.guillermomolina.protos.execution.ProtosPerf025LazyLexicalCaptureTest,bindMethodAndParallelProjectionKeepTheirCaptureBoundaries,0.002,False,False,False
com.guillermomolina.protos.execution.ProtosPerf025LazyLexicalCaptureTest,objectBodyIsNotALexicalCaptureScope,0.002,False,False,False
com.guillermomolina.protos.execution.ProtosPerf026B2BooleanInlineCallbackTest,eligibleAndLiteralCallbackRunsInline,0.002,False,False,False
com.guillermomolina.protos.execution.ProtosPerf027AGuardedIntegerDeferredActivationTest,successfulCanonicalArithmeticExecutesWithoutGeneralNativeInvocationState,0.002,False,False,False
com.guillermomolina.protos.execution.ProtosPerf027AGuardedIntegerDeferredActivationTest,wrongDomainArgumentSignalsError,0.002,False,False,False
com.guillermomolina.protos.execution.ProtosPerf028AResolvedCurrentLexicalWriteTest,rhsControlTransferAttemptsNoWrite,0.002,False,False,False
com.guillermomolina.protos.execution.ProtosPerf028AResolvedCurrentLexicalWriteTest,ineligibleAssignmentsKeepTheirExistingPaths,0.002,False,False,False
com.guillermomolina.protos.execution.ProtosPerf028AResolvedCurrentLexicalWriteTest,noDestinationSignalsSlotNotFoundBeforeRhsEvaluation,0.002,False,False,False
com.guillermomolina.protos.execution.ProtosPolyglotNestedCallTargetSharingTest,coreClosurePreparedBeforeHostingIsProjectedIntoEnteredProcessContext,0.002,False,False,False
com.guillermomolina.protos.execution.ProtosPolyglotNestedCallTargetSharingTest,closureCreatedByHostedProcessParseInvokesInsideExactProcessSharingLayer,0.002,False,False,False
com.guillermomolina.protos.execution.ProtosPolymorphicInvocationTest,objectCallMaterializesDirectChildOfInvocationReceiver,0.002,False,False,False
com.guillermomolina.protos.execution.ProtosPolymorphicInvocationTest,nestedCallInsideClosureUsesCallableLowering,0.002,False,False,False
com.guillermomolina.protos.execution.ProtosPolymorphicInvocationTest,callSpreadFlattensBeforeClosureActivation,0.002,False,False,False
com.guillermomolina.protos.execution.ProtosProcessIntegratedConformanceTest,standardBindingsRemainIndependentByteCapabilitiesWithStableEncodingAssociations,0.002,False,False,False
com.guillermomolina.protos.execution.ProtosProcessIntegratedConformanceTest,delegatedProcessReacquiresSnapshotContentAndTransferredArgsAreOrdinaryArrayCopy,0.002,False,False,False
com.guillermomolina.protos.execution.ProtosProcessIntegratedConformanceTest,processTerminationRevokesAllExistingProcessProxiesAndRejectsNewStreamWork,0.002,False,False,False
com.guillermomolina.protos.execution.ProtosProjectBindingPrerequisiteClosureTest,duplicateCanonicalPhysicalMemberRootFailsClosedThroughProvider,0.002,False,False,False
com.guillermomolina.protos.execution.ProtosSealedFamilyFacilityTest,facilitiesAreDistinctFrozenMembersOfTheirExactModulesOnly,0.002,False,False,False
com.guillermomolina.protos.execution.ProtosSealedFamilyFacilityTest,ordinaryFrozenObjectsStillCrossBothBoundariesAsPlainCopies,0.002,False,False,False
com.guillermomolina.protos.execution.ProtosSealedFamilyFacilityTest,theSealItselfBlocksActorTransferIndependentlyOfClosureSlots,0.002,False,False,False
com.guillermomolina.protos.execution.ProtosSemanticTransferFamilyTest,genericMechanismHasNoRegexBranchAndUsesNoDynamicHostResolution,0.002,False,False,False
com.guillermomolina.protos.execution.ProtosSemanticTransferFamilyTest,unauthorizedDescriptorAndMissingAuthorityFailSynchronouslyBeforeExtraction,0.002,False,False,False
com.guillermomolina.protos.execution.ProtosSourceFileLoaderTest,loadsUtf8SourceThroughTheOrdinaryCompilerPipeline,0.002,False,False,False
com.guillermomolina.protos.execution.ProtosStandaloneProcessBootstrapTest,optionalFilesystemGrantUsesExactCapabilityAndAbsenceIsNotNullSlot,0.002,False,False,False
com.guillermomolina.protos.execution.ProtosStandaloneProcessBootstrapTest,invalidBootstrapDataRemainsStableForPublicProcessAccessors,0.002,False,False,False
com.guillermomolina.protos.execution.ProtosStandardBufferedByteIoPlacementTest,everyConstructionCreatesAFreshWrapper,0.002,False,False,False
com.guillermomolina.protos.execution.ProtosStandardBufferedByteIoPlacementTest,standardModulesPublishFrozenFactoriesWithoutRedeclaringThem,0.002,False,False,False
com.guillermomolina.protos.execution.ProtosStandardBufferedByteIoPlacementTest,preludeNoLongerPublishesBufferedFactories,0.002,False,False,False
com.guillermomolina.protos.execution.ProtosStandardBufferedByteIoProtocolTest,factoryProtocolInstallsIntoExactProvidedObjectsWithoutAllocatingReplacements,0.002,False,False,False
com.guillermomolina.protos.execution.ProtosStandardBufferedByteIoProtocolTest,writerBuffersUntilFlushAndFlushesNestedFlushableTarget,0.002,False,False,False
com.guillermomolina.protos.execution.ProtosStandardByteIoDurabilityProtocolTest,cancellationBeforeCommitWinsWithoutDurability,0.002,False,False,False
com.guillermomolina.protos.execution.ProtosStandardByteIoDurabilityProtocolTest,writeFlushTruncateAndSyncShareOneOrderingDomain,0.002,False,False,False
com.guillermomolina.protos.execution.ProtosStandardByteIoDurabilityProtocolTest,laterWriteIsOutsideEarlierSyncFrontier,0.002,False,False,False
com.guillermomolina.protos.execution.ProtosStandardByteIoDurabilityProtocolTest,cancellationAfterCommitCannotRewriteSyncOutcome,0.002,False,False,False
com.guillermomolina.protos.execution.ProtosStandardByteIoProtocolTest,cancellationBeforeReadCommitPreservesReturnedBytes,0.002,False,False,False
com.guillermomolina.protos.execution.ProtosStandardByteIoProtocolTest,writeSnapshotsAndSerializesAndResolvesReceiver,0.002,False,False,False
com.guillermomolina.protos.execution.ProtosStandardByteIoProtocolTest,invalidReadAndWriteFailThroughFuture,0.002,False,False,False
com.guillermomolina.protos.execution.ProtosStandardBytesProtocolTest,hiddenFactoryContractAndRepresentedConstructionRemainJavaSide,0.002,False,False,False
com.guillermomolina.protos.execution.ProtosStandardEncodingProtocolTest,bootstrapExposesFrozenEncodingFactoryAndExactlyFourPortableDescriptors,0.002,False,False,False
com.guillermomolina.protos.execution.ProtosStandardFileProtocolTest,actorTerminationUsesOrdinaryPreCommitIoCancellation,0.002,False,False,False
com.guillermomolina.protos.execution.ProtosStandardFileProtocolTest,capabilityShapeIsStableAndDoesNotInventFlushable,0.002,False,False,False
com.guillermomolina.protos.execution.ProtosStandardFileProtocolTest,positionedReadAndWriteUseRuntimeLogicalCursorAndInvocationOrdering,0.002,False,False,False
com.guillermomolina.protos.execution.ProtosStandardFileProtocolTest,seekToEndThenWriteIsAnOrdinaryPositionedWriteAtTheObservedEnd,0.002,False,False,False
com.guillermomolina.protos.execution.ProtosStandardFilesystemProtocolTest,capabilityIsHostProvisionedAndAbsentFromCorePrelude,0.002,False,False,False
com.guillermomolina.protos.execution.ProtosStandardFilesystemProtocolTest,invalidAndSpecializedOptionsFailBeforeBackendAuthority,0.002,False,False,False
com.guillermomolina.protos.execution.ProtosStandardFilesystemProtocolTest,appendIsNotAStandardOpenOption,0.002,False,False,False
com.guillermomolina.protos.execution.ProtosStandardFilesystemProtocolTest,defaultOpenMaterializesExactReadFileCapability,0.002,False,False,False
com.guillermomolina.protos.execution.ProtosStandardFilesystemProtocolTest,validNamespaceMutationOnUnsupportedBackendFailsAsIoError,0.002,False,False,False
com.guillermomolina.protos.execution.ProtosStandardFilesystemProtocolTest,mismatchedBackendAuthorityIsReleasedAndNeverExposedAsFile,0.002,False,False,False
com.guillermomolina.protos.execution.ProtosStandardFutureProtocolTest,futureAllFailureUsesAscendingFrontierAndExactError,0.002,False,False,False
com.guillermomolina.protos.execution.ProtosStandardFutureProtocolTest,actorTerminationWaitsForSuspendingCancellationCleanup,0.002,False,False,False
com.guillermomolina.protos.execution.ProtosStandardIntegerArithmeticTest,canonicalNativeArithmeticRequiresExactInstalledClosureAndHome,0.002,False,False,False
com.guillermomolina.protos.execution.ProtosStandardIntegerArithmeticTest,directCanonicalExecutorPreservesBigIntegerResultsAndRejectsSlowPaths,0.002,False,False,False
com.guillermomolina.protos.execution.ProtosStandardIntegerArithmeticTest,negatedRemainsSourceBackedOverNativeSubtraction,0.002,False,False,False
com.guillermomolina.protos.execution.ProtosStandardIntegerArithmeticTest,percentRemainsSourceBackedOverNativeModWithoutHelperSlot,0.002,False,False,False
com.guillermomolina.protos.execution.ProtosStandardIpFamilyPlacementTest,preludeNoLongerPublishesIpFamilies,0.002,False,False,False
com.guillermomolina.protos.execution.ProtosStandardNumberOrderingProtocolTest,numberPrototypeOwnsOrderingAsOrdinaryClosureValuedProtocol,0.002,False,False,False
com.guillermomolina.protos.execution.ProtosStandardPathProtocolTest,representedLookupHomeIsPathPrototype,0.002,False,False,False
com.guillermomolina.protos.execution.ProtosStandardPathProtocolTest,pathPrototypeIsFrozenPreludeBinding,0.002,False,False,False
com.guillermomolina.protos.execution.ProtosStandardPathProtocolTest,constructionPreservesOrderedNormalStringComponents,0.002,False,False,False
com.guillermomolina.protos.execution.ProtosStandardPathProtocolTest,structuralEqualityAndHashDependOnlyOnOrderedComponents,0.002,False,False,False
com.guillermomolina.protos.execution.ProtosStandardProcessProtocolTest,argsAccessorExposesStableContentAsFrozenOrdinaryArray,0.002,False,False,False
com.guillermomolina.protos.execution.ProtosStandardProcessProtocolTest,successfulStreamAndEncodingAccessorsExposeEstablishedBootstrapState,0.002,False,False,False
com.guillermomolina.protos.execution.ProtosStandardProcessProtocolTest,streamAccessorArityIsExactAndSynchronous,0.002,False,False,False
com.guillermomolina.protos.execution.ProtosStandardProcessProtocolTest,everyAccessorRejectsAllExistingProxiesAfterProcessTerminationCutover,0.002,False,False,False
com.guillermomolina.protos.execution.ProtosStandardStringProtocolTest,stringPrototypeIsFrozenPreludeBindingDelegatingDirectlyToObject,0.002,False,False,False
com.guillermomolina.protos.execution.ProtosStandardTextReaderProtocolTest,malformedDataAfterValidPrefixIsDeferredThenPermanentlyPoisonsReader,0.002,False,False,False
com.guillermomolina.protos.execution.ProtosStandardTextReaderProtocolTest,closeCutoverTerminatesUncommittedReadAndRequestsLowerCancellation,0.002,False,False,False
com.guillermomolina.protos.execution.ProtosStandardTextWriterProtocolTest,emptyWriteDoesNoEncodingOrTargetIoButStaysBehindEarlierOperation,0.002,False,False,False
com.guillermomolina.protos.execution.ProtosStandardTextWriterProtocolTest,cancellationBeforeAdmissionContributesNothingAndDoesNotPoison,0.002,False,False,False
com.guillermomolina.protos.execution.ProtosTcpConnectionDuplexLifecycleTest,writeSnapshotAndReadCancellationUseExistingByteIoContracts,0.002,False,False,False
com.guillermomolina.protos.execution.ProtosTcpConnectionDuplexLifecycleTest,pendingReadDoesNotBlockWriteAndEachDirectionKeepsItsOwnOrder,0.002,False,False,False
com.guillermomolina.protos.execution.ProtosTcpConnectionDuplexLifecycleTest,closeCutsAcrossBothLanesAndDoesNotStructurallyCloseTheObject,0.002,False,False,False
com.guillermomolina.protos.execution.ProtosTcpListenerAcceptTest,precommitCancellationAndDuplicateCompletionReleaseCustody,0.002,False,False,False
com.guillermomolina.protos.execution.ProtosTcpListenerAcceptTest,acceptRequiresActualAcceptEnabledFamilyAndZeroArguments,0.002,False,False,False
com.guillermomolina.protos.execution.ProtosTcpListenerAcceptTest,closeCutsOverPendingAcceptAndLateSuccessIsReleased,0.002,False,False,False
com.guillermomolina.protos.execution.ProtosTcpListenerAcceptTest,actorTerminationRacingCancellationRegistrationStillCancelsBackend,0.002,False,False,False
com.guillermomolina.protos.execution.ProtosTcpListenerLifecycleTest,inheritedBehaviorCannotManufactureListenerAuthority,0.002,False,False,False
com.guillermomolina.protos.execution.ProtosTcpListenerLifecycleTest,localPortAndCloseRequireZeroArguments,0.002,False,False,False
com.guillermomolina.protos.execution.ProtosTcpListenerLifecycleTest,localPortIsSynchronousSnapshotWithoutBackendEffect,0.002,False,False,False
com.guillermomolina.protos.execution.ProtosTcpListenerLifecycleTest,closeUsesOneSharedLifecycleAndDoesNotStructurallyCloseObject,0.002,False,False,False
com.guillermomolina.protos.execution.ProtosTestToolFileSelectionFacilityTest,authorizedLogicalResolutionRejectsUnknownAndNonCanonicalSources,0.002,False,False,False
com.guillermomolina.protos.execution.ProtosTestToolFileSelectionFacilityTest,capabilityIsBootstrapLocal,0.002,False,False,False
com.guillermomolina.protos.execution.ProtosTestToolFileSelectionFacilityTest,relativeFileResolvesAgainstCapturedWorkingDirectory,0.002,False,False,False
com.guillermomolina.protos.execution.ProtosTestToolI8D3RootActorResourceBundleTest,emptyResourceBundleIsRejectedRatherThanCreatingAmbientEmptyRegistry,0.002,False,False,False
com.guillermomolina.protos.execution.ProtosTestToolI8D3RootActorResourceBundleTest,ordinaryResourceFreeStandaloneBootstrapHasNoResourcesLocal,0.002,False,False,False
com.guillermomolina.protos.execution.ProtosTestToolI8D4ATerminalAttemptEnvelopeTest,executionHostFailureStillRunsProviderCleanupAndMakesCapacityUnsafe,0.002,False,False,False
com.guillermomolina.protos.execution.ProtosTestToolI8D4ATerminalAttemptEnvelopeTest,providerCleanupFailurePreservesGuestObservationAndMarksUnsafe,0.002,False,False,False
com.guillermomolina.protos.execution.ProtosTextReaderLineProtocolTest,partialLineIsNotReturnedWhenUnderlyingFailurePrecedesTerminator,0.002,False,False,False
com.guillermomolina.protos.execution.ProtosTomlClosureConformanceTest,bundledToolsUseTheStandardLibraryParserWithToml10Selected,0.002,False,False,False
com.guillermomolina.protos.execution.ProtosWorkspaceMemberLocationTraversalTest,rejectsNonCanonicalMemberLocationsBeforeHostTraversal,0.002,False,False,False
com.guillermomolina.protos.execution.ProtosWorkspacePackageModuleResolverBoundaryTest,runtimeResolutionUsesTheSameHardMemberBoundaryAsStaticInventory,0.002,False,False,False
com.guillermomolina.protos.execution.ProtosWorkspacePackageModuleResolverTest,selfRequiresAnOwnedWorkspaceImporterAndOtherSchemesRemainClosed,0.002,False,False,False
com.guillermomolina.protos.execution.ProtosWorkspacePackageSourceInventoryTest,excludesSymlinkSourcesThatEscapeTheAuthorizedPackageRoot,0.002,False,False,False
com.guillermomolina.protos.execution.ProtosWorkspacePackageSourceLookupTest,permitsOnlySymlinkTargetsConfinedToTheSelectedPackageRoot,0.002,False,False,False
com.guillermomolina.protos.execution.ProtosWorkspacePackageSourceLookupTest,parentLookupStopsAtAnAuthorizedDescendantPackageRoot,0.002,False,False,False
com.guillermomolina.protos.execution.ProtosWorkspacePackageStandardDelegationTest,packageOnlyConstructorKeepsStdClosedAndForeignDelegatedKeyFails,0.002,False,False,False
com.guillermomolina.protos.execution.ProtosWorkspacePackageStandardDelegationTest,realProtosStdImportDelegatesExactly,0.002,False,False,False
com.guillermomolina.protos.lsp.ProtosLanguageServerDefinitionTest,invalidPositionAndUnprovenReferenceReturnOrdinaryNoResult,0.002,False,False,False
com.guillermomolina.protos.lsp.ProtosLanguageServerDocumentSymbolsTest,preservesUtf16ColumnsAndReturnsNoTreeForCurrentParseFailure,0.002,False,False,False
com.guillermomolina.protos.lsp.ProtosLanguageServerWorkspaceSymbolsTest,explicitEmptyWorkspaceFolderListDoesNotFallBackToLegacyRootUri,0.002,False,False,False
com.guillermomolina.protos.lsp.ProtosLanguageServerWorkspaceSymbolsTest,aggregatesExactIndependentProjectBindingsAndNestedD079Symbols,0.002,False,False,False
com.guillermomolina.protos.lsp.ProtosLanguageServerWorkspaceSymbolsTest,exactOpenDocumentOverlayReplacesDiskAndLooseDocumentsRemainExcluded,0.002,False,False,False
com.guillermomolina.protos.runtime.ProtosActorCrossDomainConformanceTest,groupRefContinuitySurvivesCrossProcessMemberReplacementWithoutRetargetingActorRef,0.002,False,False,False
com.guillermomolina.protos.runtime.ProtosActorGroupAcquisitionTest,groupCreatesFreshIdentitiesDeduplicatesMembershipAndDoesNotWaitForReady,0.002,False,False,False
com.guillermomolina.protos.runtime.ProtosActorGroupAcquisitionTest,groupValidatesWholeVectorAndPublishesNoPartialIdentity,0.002,False,False,False
com.guillermomolina.protos.runtime.ProtosActorGroupAcquisitionTest,owningProcessTerminationEndsGroupWithoutStoppingExternalMembers,0.002,False,False,False
com.guillermomolina.protos.runtime.ProtosActorGroupCommunicationTest,groupRequestUsesOneSnapshotAndAcceptedLossIsOutcomeUncertain,0.002,False,False,False
com.guillermomolina.protos.runtime.ProtosActorGroupCommunicationTest,selectedMemberRemovalReroutesOnlyBeforeConcreteAcceptance,0.002,False,False,False
com.guillermomolina.protos.runtime.ProtosActorGroupRoutingTest,boundGroupRefsHaveIndependentReferenceIdentityAndSameStableGroupTarget,0.002,False,False,False
com.guillermomolina.protos.runtime.ProtosActorMailboxSchedulerTest,distinctActorsCanMakeProgressOnDifferentCarriers,0.002,False,False,False
com.guillermomolina.protos.runtime.ProtosActorPublicApiTest,distinctActorsProduceDistinctCurrentReferences,0.002,False,False,False
com.guillermomolina.protos.runtime.ProtosActorPublicApiTest,corePreludePublishesFrozenActorWithExactlySpawnCurrentAndGroup,0.002,False,False,False
com.guillermomolina.protos.runtime.ProtosActorPublicApiTest,failedCreatorSideResolutionQueuesNoBootstrap,0.002,False,False,False
com.guillermomolina.protos.runtime.ProtosActorPublicApiTest,currentUsesActorExecutionDomainAndKeepsSemanticIdentityAfterTermination,0.002,False,False,False
com.guillermomolina.protos.runtime.ProtosActorRemoteTransportTest,transportMaterializationPreservesActorRefSemanticIdentityAcrossActorTransfer,0.002,False,False,False
com.guillermomolina.protos.runtime.ProtosActorRemoteTransportTest,cancellingRequestWhenAcceptanceIsUnknownIsOutcomeUncertain,0.002,False,False,False
com.guillermomolina.protos.runtime.ProtosActorRemoteTransportTest,remoteNormalReplyIsResnapshottedBeforeCallerResolution,0.002,False,False,False
com.guillermomolina.protos.runtime.ProtosActorRequestTest,requestReturnsFreshCallerDomainFuturesAndExtendsOnlyActorRefSurface,0.002,False,False,False
com.guillermomolina.protos.runtime.ProtosActorSendOperationTest,sendValidatesExactStringAndWholeSnapshotBeforeAdmission,0.002,False,False,False
com.guillermomolina.protos.runtime.ProtosActorSendOperationTest,cancellationReturnsTrueOnlyWhenItWinsBeforeAcceptance,0.002,False,False,False
com.guillermomolina.protos.runtime.ProtosActorSendOperationTest,retryRequiresFailureCreatesFreshIdentityAndReusesOriginalSnapshot,0.002,False,False,False
com.guillermomolina.protos.runtime.ProtosActorSendOperationTest,unhandledHandlerErrorFailsDeliveryAndTerminatesSameActor,0.002,False,False,False
com.guillermomolina.protos.runtime.ProtosActorTerminationTest,actorRefExposesSendRequestStopAndTerminationOnly,0.002,False,False,False
com.guillermomolina.protos.runtime.ProtosActorTerminationTest,stopWhileInitializingSuppressesQueuedBootstrapControl,0.002,False,False,False
com.guillermomolina.protos.runtime.ProtosActorTerminationTest,terminationFuturesAreFreshIndependentAndResolveWithExactReceiver,0.002,False,False,False
com.guillermomolina.protos.runtime.ProtosActorValueTransferTest,standardPreludeObjectsMayRemainPhysicallyShared,0.002,False,False,False
com.guillermomolina.protos.runtime.ProtosActorValueTransferTest,mapTransferPreservesKeyedStateCyclesAliasesAndDefaultHashBookkeeping,0.002,False,False,False
com.guillermomolina.protos.runtime.ProtosActorValueTransferTest,actorRefRematerializesWithoutChangingSemanticIdentityOrTarget,0.002,False,False,False
com.guillermomolina.protos.runtime.ProtosActorValueTransferTest,ordinaryGraphCopyPreservesCyclesAliasingParentsAndState,0.002,False,False,False
com.guillermomolina.protos.runtime.ProtosActorValueTransferTest,keyedCollectionNestedNonTransferableStateStillFailsAtomically,0.002,False,False,False
com.guillermomolina.protos.runtime.ProtosActorValueTransferTest,bytesSnapshotOwnsIndependentIndexedAndLocalState,0.002,False,False,False
com.guillermomolina.protos.runtime.ProtosActorValueTransferTest,distinctPhysicalGroupRefWrappersWithOneSemanticIdentityRemainIdenticalAcrossOneSnapshot,0.002,False,False,False
com.guillermomolina.protos.runtime.ProtosActorValueTransferTest,groupRefRematerializationPreservesSemanticIdentityWithoutCollapsingAcquisitions,0.002,False,False,False
com.guillermomolina.protos.runtime.ProtosActorValueTransferTest,completeArgumentSnapshotFailureLeavesSourceGraphUntouched,0.002,False,False,False
com.guillermomolina.protos.runtime.ProtosActorValueTransferTest,scalarValuesCopyWhileCanonicalSingletonsRemainCanonical,0.002,False,False,False
com.guillermomolina.protos.runtime.ProtosActorValueTransferTest,identityMapTransferRebuildsCopiedIdentityHashesAndPreservesCycles,0.002,False,False,False
com.guillermomolina.protos.runtime.ProtosActorValueTransferTest,aliasesAndCyclesArePreservedAcrossArgumentRootsAndArrayState,0.002,False,False,False
com.guillermomolina.protos.runtime.ProtosAdditionalIndexedInteropTest,bytesProjectsCurrentIndexedStateReadOnly,0.002,False,False,False
com.guillermomolina.protos.runtime.ProtosByteIoFirstEffectGateTest,classifiedZeroEffectFailureStillFailsWhenNoCutoverWon,0.002,False,False,False
com.guillermomolina.protos.runtime.ProtosEnvironmentSnapshotTest,actorTransferCreatesFreshDestinationIdentityAndPreservesAliases,0.002,False,False,False
com.guillermomolina.protos.runtime.ProtosFilesystemNamespaceMutationFlowTest,preCommitCancellationPreventsNamespaceEffectAndReachesBackendHook,0.002,False,False,False
com.guillermomolina.protos.runtime.ProtosFilesystemNamespaceMutationFlowTest,successfulAtomicEffectCommitsAndResolvesExactFilesystemReceiver,0.002,False,False,False
com.guillermomolina.protos.runtime.ProtosFilesystemNamespaceMutationFlowTest,successfulNamespaceNoOpStillUsesFreshFutureAndExactReceiver,0.002,False,False,False
com.guillermomolina.protos.runtime.ProtosFilesystemNamespaceMutationFlowTest,invalidPathArgumentsFailBeforeBackendAuthority,0.002,False,False,False
com.guillermomolina.protos.runtime.ProtosFilesystemOpenFlowTest,invalidPathFailsBeforeBackendAuthorityIsExercised,0.002,False,False,False
com.guillermomolina.protos.runtime.ProtosFilesystemOpenFlowTest,cancellationBeforeCommitWinsAndLateAcquisitionIsReleased,0.002,False,False,False
com.guillermomolina.protos.runtime.ProtosFilesystemOpenFlowTest,localOptionsAreSnapshottedOnceAndDelegatedSlotsAreIgnored,0.002,False,False,False
com.guillermomolina.protos.runtime.ProtosFilesystemOpenFlowTest,independentOpensAreNotFilesystemWideSerialized,0.002,False,False,False
com.guillermomolina.protos.runtime.ProtosFilesystemOpenFlowTest,portableEffectCommitDefeatsLaterCancellationAndFailureRemainsFailure,0.002,False,False,False
com.guillermomolina.protos.runtime.ProtosFilesystemOpenFlowTest,defaultOpenCapturesPortableDefaultsAndTransfersResultCustody,0.002,False,False,False
com.guillermomolina.protos.runtime.ProtosFilesystemOpenFlowTest,invalidOptionsFailBeforeBackendAuthorityIsExercised,0.002,False,False,False
com.guillermomolina.protos.runtime.ProtosFilesystemTransferTest,fileAndFilesystemAuthorityAreNotActorTransferable,0.002,False,False,False
com.guillermomolina.protos.runtime.ProtosFilesystemTransferTest,ordinaryDescendantCannotSmuggleLiveAuthorityAcrossActorBoundary,0.002,False,False,False
com.guillermomolina.protos.runtime.ProtosFilesystemTreeObservationFlowTest,entriesDefensivelySnapshotExactNamesKindsAndPreserveBackendOrder,0.002,False,False,False
com.guillermomolina.protos.runtime.ProtosFilesystemTreeObservationFlowTest,duplicateBackendEntryNamesFailAsIoError,0.002,False,False,False
com.guillermomolina.protos.runtime.ProtosFilesystemTreeObservationFlowTest,cancelledEntriesReachBackendAndLateResultIsNeverMaterialized,0.002,False,False,False
com.guillermomolina.protos.runtime.ProtosGroupRemoteTransportTest,knownRemoteRequestNonacceptanceReroutesAndNormalReplyCompletes,0.002,False,False,False
com.guillermomolina.protos.runtime.ProtosGroupRemoteTransportTest,knownRemotePreacceptFailureReroutesSendToAnotherEligibleMember,0.002,False,False,False
com.guillermomolina.protos.runtime.ProtosGuardedLookupTest,integerGuardedSelectionFallsBackForUnsupportedReceiversAndSelectors,0.002,False,False,False
com.guillermomolina.protos.runtime.ProtosGuardedLookupTest,integerGreaterSelectsNumberPrototypeAndMatchesGenericLookup,0.002,False,False,False
com.guillermomolina.protos.runtime.ProtosGuardedLookupTest,integerGuardedSelectionDependsOnFrozenStandardGraph,0.002,False,False,False
com.guillermomolina.protos.runtime.ProtosGuardedLookupTest,integerFamilyAdmissionIsByRepresentationNotIdentity,0.002,False,False,False
com.guillermomolina.protos.runtime.ProtosGuardedLookupTest,integerMinusSelectsIntegerPrototypeAndMatchesGenericLookup,0.002,False,False,False
com.guillermomolina.protos.runtime.ProtosIntegralInteropTest,allFixedInteropKindsRemainExactBigIntegerInteropNumbers,0.002,False,False,False
com.guillermomolina.protos.runtime.ProtosIoLifecycleTest,actorTerminationRequestsCancellationWithoutRevertingCommittedOperation,0.002,False,False,False
com.guillermomolina.protos.runtime.ProtosIoLifecycleTest,positiveFirstEffectCommitsDespiteCancellationRequestedDuringAttempt,0.002,False,False,False
com.guillermomolina.protos.runtime.ProtosIoLifecycleTest,closeDuringFirstEffectAttemptWaitsForZeroEffectThenUsesExistingLifecycleError,0.002,False,False,False
com.guillermomolina.protos.runtime.ProtosIoLifecycleTest,closeCutoverInvokesUncommittedCancellationHookBeforeRelease,0.002,False,False,False
com.guillermomolina.protos.runtime.ProtosNetworkCapabilityTransferTest,ordinaryChildOfNetworkPrototypeRemainsAuthorityFreeTransferableData,0.002,False,False,False
com.guillermomolina.protos.runtime.ProtosNetworkCapabilityTransferTest,representedCapabilityRetainsCanonicalPrototypeAndOpaqueHostAuthority,0.002,False,False,False
com.guillermomolina.protos.runtime.ProtosNetworkCapabilityTransferTest,actorRejectsNetworkAuthorityAndAuthorityBearingDescendants,0.002,False,False,False
com.guillermomolina.protos.runtime.ProtosPerf006B3ATaskContinuationPublicationTest,concurrentWakeAndCancellationDuringCaptureStillPublishExactlyOneRunnableEntry,0.002,False,False,False
com.guillermomolina.protos.runtime.ProtosPlat029IoOperationRunnableSeamTest,taskAndIoOperationShareActorFifoWithoutChangingTaskOwnership,0.002,False,False,False
com.guillermomolina.protos.runtime.ProtosProcessArgumentsSnapshotTest,parallelTransferUsesOrdinaryFrozenArrayIsolationAndPreservesAliases,0.002,False,False,False
com.guillermomolina.protos.runtime.ProtosProcessArgumentsSnapshotTest,actorTransferUsesOrdinaryFrozenArrayIsolationAndPreservesAliases,0.002,False,False,False
com.guillermomolina.protos.runtime.ProtosProcessCapabilityTransferTest,actorTransferDelegatesFreshProxyAndPreservesWholeGraphAliases,0.002,False,False,False
com.guillermomolina.protos.runtime.ProtosProcessCapabilityTransferTest,independentActorTransfersUseIndependentWrappersToTheSameProcess,0.002,False,False,False
com.guillermomolina.protos.runtime.ProtosProcessCapabilityTransferTest,processCapabilityAndAuthorityBearingDescendantsHaveNoPTransferContract,0.002,False,False,False
com.guillermomolina.protos.runtime.ProtosProcessRuntimeTest,standardSpawnFromProcessBoundActorKeepsLocalProcessHosting,0.002,False,False,False
com.guillermomolina.protos.runtime.ProtosProcessStandardStreamBindingTest,stdinViewsAcrossActorDomainsConsumeOneSharedOrderedSequence,0.002,False,False,False
com.guillermomolina.protos.runtime.ProtosProcessStandardStreamBindingTest,delegatedStdoutProxySharesOneNonInterleavingOutputQueue,0.002,False,False,False
com.guillermomolina.protos.runtime.ProtosProcessStandardStreamBindingTest,cancelledReadDoesNotConsumeBytesReturnedAfterCancellation,0.002,False,False,False
com.guillermomolina.protos.runtime.ProtosProcessStandardStreamEncodingTest,hostProvidedDescriptorMayBeAssociatedWithAvailableStream,0.002,False,False,False
com.guillermomolina.protos.runtime.ProtosProcessStandardStreamEncodingTest,associationRequiresEstablishedStreamsAndRunningProcess,0.002,False,False,False
com.guillermomolina.protos.runtime.ProtosProcessStandardStreamEncodingTest,availabilityMismatchBecomesStableInvalidBootstrapState,0.002,False,False,False
com.guillermomolina.protos.runtime.ProtosProcessStandardStreamEncodingTest,independentlyAvailableStreamsOwnStableBootstrapEncodingAssociations,0.002,False,False,False
com.guillermomolina.protos.runtime.ProtosRepresentedValueLookupTest,canonicalBooleanAndNullBridgeDirectlyToObject,0.002,False,False,False
com.guillermomolina.protos.runtime.ProtosRepresentedValueLookupTest,numericRepresentationsUseTheirNormativePrototypeParents,0.002,False,False,False
com.guillermomolina.protos.runtime.ProtosRepresentedValueLookupTest,ordinaryObjectLookupRemainsOrdinaryObjectLookup,0.002,False,False,False
com.guillermomolina.protos.runtime.ProtosTcpConnectionFoundationTest,authorityFreeProtocolDescendantTransfersWithCanonicalParent,0.002,False,False,False
com.guillermomolina.protos.runtime.ProtosTcpConnectionFoundationTest,actorAndPRejectConnectionAndAuthorityBearingDescendants,0.002,False,False,False
com.guillermomolina.protos.runtime.ProtosTcpConnectionFoundationTest,hiddenProtocolPrototypeIsCanonicalFrozenAuthorityFreeCoreState,0.002,False,False,False
com.guillermomolina.protos.runtime.ProtosTcpListenerFoundationTest,authorityFreeProtocolDescendantTransfersWithCanonicalParent,0.002,False,False,False
com.guillermomolina.protos.runtime.ProtosTcpListenerFoundationTest,actorAndPRejectListenerAndAuthorityBearingDescendants,0.002,False,False,False
com.guillermomolina.protos.runtime.ProtosTcpListenerFoundationTest,hiddenProtocolPrototypeIsCanonicalFrozenAuthorityFreeCoreState,0.002,False,False,False
com.guillermomolina.protos.analysis.ProtosProjectBindingTest,projectionAndBindingDefensivelyFreezeTheirInputCollections,0.001,False,False,False
com.guillermomolina.protos.analysis.ProtosProjectBindingTest,projectionRequiresExactRootPackageAndUniquePackageIdentityAndLocation,0.001,False,False,False
com.guillermomolina.protos.analysis.ProtosSourceLayoutViewTest,preservationProjectionUsesRawSpellingAndStructuralAuthorities,0.001,False,False,False
com.guillermomolina.protos.analysis.ProtosSourceLayoutViewTest,preservationProjectionKeepsTripleDoubleRawWhitespace,0.001,False,False,False
com.guillermomolina.protos.analysis.ProtosSourceLayoutViewTest,exactSnapshotRemainsRawLiteralSpellingAuthority,0.001,False,False,False
com.guillermomolina.protos.analysis.ProtosSourceLayoutViewTest,projectsOwnLineCommentAdjacentBlankLines,0.001,False,False,False
com.guillermomolina.protos.analysis.ProtosSourceLayoutViewTest,commentRelationshipIsIndependentOfSourceOffsets,0.001,False,False,False
com.guillermomolina.protos.analysis.ProtosSourceLayoutViewTest,buildsOnDemandFromExactSnapshotAndCanonicalSurfaceAst,0.001,False,False,False
com.guillermomolina.protos.analysis.ProtosStaticAnalysisCoreTest,preservesUnexpectedEndOfSourceClassification,0.001,False,False,False
com.guillermomolina.protos.analysis.ProtosStaticDefinitionsTest,assignmentTargetIsDeferredButAssignmentDoesNotChangeExistingOrigin,0.001,False,False,False
com.guillermomolina.protos.analysis.ProtosStaticReferencesTest,opaqueInvocationBarrierOmitsLaterUnprovenReadWithoutDeletingEarlierProofs,0.001,False,False,False
com.guillermomolina.protos.analysis.ProtosStaticReferencesTest,sameNameInIndependentClosuresDoesNotMergeIdentities,0.001,False,False,False
com.guillermomolina.protos.cli.ProtosCli008DDiagnosticReconciliationTest,signalFallbackRendersAnAttachedTerminalTrace,0.001,False,False,False
com.guillermomolina.protos.cli.ProtosCli008DDiagnosticReconciliationTest,bundledToolFailedOutcomeWithoutTraceShowsSummaryOnly,0.001,False,False,False
com.guillermomolina.protos.cli.ProtosCli008DDiagnosticReconciliationTest,bundledToolCompletedAndCancelledKeepHistoricalTranslation,0.001,False,False,False
com.guillermomolina.protos.cli.ProtosCli008DDiagnosticReconciliationTest,bundledToolFailedOutcomeKeepsToolPrefixAndRendersTrace,0.001,False,False,False
com.guillermomolina.protos.cli.ProtosCliTest,versionIdentityPrefersPackageThenDistributionThenDevelopment,0.001,False,False,False
com.guillermomolina.protos.cli.ProtosDiagnosticInspectorTest,closuresUseAStableDiagnosticFamilyLabelWithoutHostDetails,0.001,False,False,False
com.guillermomolina.protos.cli.ProtosDiagnosticInspectorTest,wideScalarStaysSingleLineBecausePrettyLayoutIsStructural,0.001,False,False,False
com.guillermomolina.protos.cli.ProtosTestToolH2B3PublicIntegrationTest,productionSubmissionUsesFreshNamedPlatformThreadsAndDoesNotInterruptStartedWork,0.001,False,False,False
com.guillermomolina.protos.cli.ProtosWorkspaceRunCliTest,workspaceRunOutcomeTranslationDoesNotRequireAnotherWorkspaceExecution,0.001,False,False,False
com.guillermomolina.protos.cli.ProtosWorkspaceRunCliTest,publicRunRequiresExplicitEntryAndHelpDocumentsExactContract,0.001,False,False,False
com.guillermomolina.protos.documentation.ProtosDocumentationJsonTest,canonicalBytesAreIndependentOfInputEntityOrder,0.001,False,False,False
com.guillermomolina.protos.documentation.ProtosDocumentationJsonTest,canonicalJsonSeparatesIdentityProvenanceAndCallableFacts,0.001,False,False,False
com.guillermomolina.protos.documentation.ProtosDocumentationJsonTest,canonicalOutputHasUtf8UnicodeLfAndExactlyOneFinalNewline,0.001,False,False,False
com.guillermomolina.protos.documentation.ProtosDocumentationModelTest,standardLibraryCoreCannotBeInventedFromPhysicalSourcePlacement,0.001,False,False,False
com.guillermomolina.protos.documentation.ProtosDocumentationModelTest,symbolMustReferenceAModulePresentInArtifact,0.001,False,False,False
com.guillermomolina.protos.documentation.ProtosDocumentationModelTest,exactArtifactScopeSeparatesOccurrencesWithoutChangingLineage,0.001,False,False,False
com.guillermomolina.protos.documentation.ProtosDocumentationModelTest,absoluteAndNonNormalizedPathsAreRejectedPortably,0.001,False,False,False
com.guillermomolina.protos.documentation.ProtosSourceDocumentationTest,extractsContiguousModuleDocumentationFromPreamble,0.001,False,False,False
com.guillermomolina.protos.documentation.ProtosSourceDocumentationTest,treatsGroupingAsTransparentForSlotDocumentation,0.001,False,False,False
com.guillermomolina.protos.documentation.ProtosSourceDocumentationTest,preservesDistinctSameNamedDocumentedOccurrences,0.001,False,False,False
com.guillermomolina.protos.documentation.ProtosSourceDocumentationTest,rejectsModuleDocumentationAfterFirstConstruct,0.001,False,False,False
com.guillermomolina.protos.documentation.ProtosSourceDocumentationTest,rejectsInlineSlotDocumentationMarker,0.001,False,False,False
com.guillermomolina.protos.documentation.ProtosSourceDocumentationTest,returnsNullWhenModuleDocumentationIsAbsent,0.001,False,False,False
com.guillermomolina.protos.documentation.ProtosSourceDocumentationTest,rejectsSlotDocumentationBeforeNonOwner,0.001,False,False,False
com.guillermomolina.protos.documentation.ProtosSourceDocumentationTest,parametersAndAssignmentsAreNotIndependentOwners,0.001,False,False,False
com.guillermomolina.protos.documentation.ProtosSourceDocumentationTest,rejectsInlineModuleDocumentationMarker,0.001,False,False,False
com.guillermomolina.protos.documentation.ProtosSourceDocumentationTest,rejectsOrdinaryCommentBetweenSlotDocumentationAndOwner,0.001,False,False,False
com.guillermomolina.protos.documentation.ProtosStandardLibraryDocumentationExtractorTest,invalidOrAbbreviatedRevisionIsRejectedBeforeExtraction,0.001,False,False,False
com.guillermomolina.protos.execution.CanonicalBareSlotMutationExecutionTest,bareAssignmentToFrozenDestinationSignalsCoreErrorWithoutMutation,0.001,False,False,False
com.guillermomolina.protos.execution.CanonicalBareSlotMutationExecutionTest,bareAssignmentNeverWritesDelegationParent,0.001,False,False,False
com.guillermomolina.protos.execution.CanonicalBindingAnalyzerTest,nearerScopeDeclaringLaterIsNotUnconditionallyResolvedBeforeItsOwnCreation,0.001,False,False,False
com.guillermomolina.protos.execution.CanonicalBindingAnalyzerTest,capturedResolvedCannotNameDeclarationOwnedByCurrentScope,0.001,False,False,False
com.guillermomolina.protos.execution.CanonicalCompositionExecutionTest,nonOrdinaryCompositionSourceSignalsCoreError,0.001,False,False,False
com.guillermomolina.protos.execution.CanonicalCompositionExecutionTest,compositionConflictSignalsCoreError,0.001,False,False,False
com.guillermomolina.protos.execution.CanonicalExplicitMemberMutationExecutionTest,explicitAssignmentUpdatesLocalSlotAndReturnsRhs,0.001,False,False,False
com.guillermomolina.protos.execution.CanonicalExplicitMemberMutationExecutionTest,explicitAssignmentNeverModifiesInheritedSlot,0.001,False,False,False
com.guillermomolina.protos.execution.CanonicalLookupExecutionTest,missingLookupSignalsSlotNotFound,0.001,False,False,False
com.guillermomolina.protos.execution.CanonicalObjectExecutionTest,closureDeclaredInObjectBodyDoesNotCaptureConstructedObjectLexically,0.001,False,False,False
com.guillermomolina.protos.execution.ExtractedClosureBindingExecutionTest,extractingClosureDoesNotMutateStoredClosureBinding,0.001,False,False,False
com.guillermomolina.protos.execution.ProtosA4B3ModuleProcessHostingTest,productionModulePathsUsePublicParseAndUnhostedStagingUsesBytecodeBoundary,0.001,False,False,False
com.guillermomolina.protos.execution.ProtosActorBootstrapTest,executionDomainCarriesCurrentActorReferenceWithoutGlobalState,0.001,False,False,False
com.guillermomolina.protos.execution.ProtosBug018CapturedMaterializedReadAfterOwnerTierTransitionTest,escapedCapturedReadOfPresentIntegerSurvivesOwnerTransitionInAnotherActivation,0.001,False,False,False
com.guillermomolina.protos.execution.ProtosBug018CapturedMaterializedReadAfterOwnerTierTransitionTest,escapedCapturedReadOfPresentLocalSurvivesOwnerTransitionInAnotherActivation,0.001,False,False,False
com.guillermomolina.protos.execution.ProtosBundledToolModuleResolverTest,standardRequestsDelegateWithoutTurningStdIntoToolIdentity,0.001,False,False,False
com.guillermomolina.protos.execution.ProtosClosureInvokerTest,invokesSelectedClosureThroughBindingAndBody,0.001,False,False,False
com.guillermomolina.protos.execution.ProtosClosureInvokerTest,nestedInvocationDoesNotCompleteCapturedReturnHome,0.001,False,False,False
com.guillermomolina.protos.execution.ProtosCoreSourceNamingArchitectureTest,oneOwnerSourcesCarryTheRequiredPartFiveNotice,0.001,False,False,False
com.guillermomolina.protos.execution.ProtosCoreSourceNamingArchitectureTest,everyCoreSourceNameIsEitherCanonicalOneOwnerOrExplicitlyReviewed,0.001,False,False,False
com.guillermomolina.protos.execution.ProtosDiagnosticRootIdentityTest,sameStableMetadataGivesTheSameSelector,0.001,False,False,False
com.guillermomolina.protos.execution.ProtosDirectFileModuleResolverTest,delegatesNonLocalDomainsWithoutGrantingThemLocalAuthority(Path),0.001,False,False,False
com.guillermomolina.protos.execution.ProtosDirectFileModuleResolverTest,resolvesImporterRelativeNamesAndNormalizesAliases(Path),0.001,False,False,False
com.guillermomolina.protos.execution.ProtosDirectFileModuleResolverTest,directEntryIsCanonicalAndReimportAliasesIt(Path),0.001,False,False,False
com.guillermomolina.protos.execution.ProtosDirectFileModuleResolverTest,requiresExactNamesAndDoesNotProbeExtensions(Path),0.001,False,False,False
com.guillermomolina.protos.execution.ProtosDirectFileModuleResolverTest,rejectsRootEscapeAndLocalImportWithoutLocalImporter(Path),0.001,False,False,False
com.guillermomolina.protos.execution.ProtosDirectFileModuleResolverTest,rejectsImportedSymlinkButKeepsDistinctHardLinkNamespaceIdentity(Path),0.001,False,False,False
com.guillermomolina.protos.execution.ProtosExactExternalPackageIdentityTest,contentIdentityParticipatesInIdentity,0.001,False,False,False
com.guillermomolina.protos.execution.ProtosExactExternalPackageIdentityTest,equalityRequiresTheCompleteExactIdentity,0.001,False,False,False
com.guillermomolina.protos.execution.ProtosExactExternalPackageIdentityTest,rejectsEmptyCoordinatesAndContentFields,0.001,False,False,False
com.guillermomolina.protos.execution.ProtosExactExternalPackageIdentityTest,sameContentDoesNotCollapseDistinctLogicalIdentities,0.001,False,False,False
com.guillermomolina.protos.execution.ProtosExternalPackageModuleKeyTest,rejectsInvalidLogicalModulesOnEncode,0.001,False,False,False
com.guillermomolina.protos.execution.ProtosExternalPackageModuleKeyTest,rejectsMalformedAndNonCanonicalEncodings,0.001,False,False,False
com.guillermomolina.protos.execution.ProtosExternalPackageModuleKeyTest,registryAndGitKeysRoundTripExactly,0.001,False,False,False
com.guillermomolina.protos.execution.ProtosExternalPackageModuleKeyTest,identityExcludesAliasesExportsAndPhysicalProvenance,0.001,False,False,False
com.guillermomolina.protos.execution.ProtosExternalPackageResourceScopeTest,readsExactBinaryBytesFromCapturedBackingAfterSourceIsReplaced,0.001,False,False,False
com.guillermomolina.protos.execution.ProtosExternalPackageResourceScopeTest,readFailsAfterCustodyCloseAndNoReadApiExposesPathOrActivation,0.001,False,False,False
com.guillermomolina.protos.execution.ProtosExternalPackageResourceScopeTest,malformedAbsoluteAndEscapingNamesAreRejected,0.001,False,False,False
com.guillermomolina.protos.execution.ProtosExternalPackageResourceScopeTest,missingDirectoryAndLinkResourcesFailClosed,0.001,False,False,False
com.guillermomolina.protos.execution.ProtosExternalPackageResourceScopeTest,recordingCustodiesAreReleasedOncePerScopeClose,0.001,False,False,False
com.guillermomolina.protos.execution.ProtosExternalPackageResourceScopeTest,oneCustodySuppliedForTwoIdentitiesIsRejected,0.001,False,False,False
com.guillermomolina.protos.execution.ProtosForeignModuleImportTest,routesAreValidatedUniqueAndCannotCaptureSourceSchemes,0.001,False,False,False
com.guillermomolina.protos.execution.ProtosForeignModuleImportTest,foreignImportSliceEnablesNoHostAuthorityOrGuestProjection,0.001,False,False,False
com.guillermomolina.protos.execution.ProtosForeignProviderEnforcementTest,admissionIsDecidedFromProfileAndMechanismKindWithoutRunningProviderCode,0.001,False,False,False
com.guillermomolina.protos.execution.ProtosForeignProviderEnforcementTest,callbacksAndValueOperationsCarryNoProviderAuthorityTypes,0.001,False,False,False
com.guillermomolina.protos.execution.ProtosForeignProviderLifecycleTest,compartmentCloseFailureReachesTerminalHostDisposition,0.001,False,False,False
com.guillermomolina.protos.execution.ProtosForeignProviderLifecycleTest,failedCompartmentConstructionIsNotCachedAndCanRetry,0.001,False,False,False
com.guillermomolina.protos.execution.ProtosForeignProviderLifecycleTest,sessionCloseFailureDoesNotStopRemainingCleanup,0.001,False,False,False
com.guillermomolina.protos.execution.ProtosForeignProviderLifecycleTest,acquisitionAfterProcessTerminationBeginsIsRejected,0.001,False,False,False
com.guillermomolina.protos.execution.ProtosForeignProviderLifecycleTest,processTerminationClosesSessionsThenCompartmentsExactlyOnceAndRejectsAdmission,0.001,False,False,False
com.guillermomolina.protos.execution.ProtosForeignProviderLifecycleTest,processesOfOneRuntimeHostOwnDistinctCompartments,0.001,False,False,False
com.guillermomolina.protos.execution.ProtosForeignProviderLifecycleTest,actorsOfOneProcessShareCompartmentButObtainDistinctSessions,0.001,False,False,False
com.guillermomolina.protos.execution.ProtosForeignProviderLifecycleTest,actorTerminationClosesOnlyThatActorsSessionsAndRejectsLaterUse,0.001,False,False,False
com.guillermomolina.protos.execution.ProtosForeignProviderLifecycleTest,differentProvidersRemainIndependent,0.001,False,False,False
com.guillermomolina.protos.execution.ProtosForeignProviderLifecycleTest,unavailableProviderFailsClosedWithoutInvokingFactory,0.001,False,False,False
com.guillermomolina.protos.execution.ProtosForeignProviderLifecycleTest,racingFirstProcessAcquisitionPublishesExactlyOneCompartment,0.001,False,False,False
com.guillermomolina.protos.execution.ProtosForeignProviderRegistryTest,duplicateIdentityIsRejectedDeterministically,0.001,False,False,False
com.guillermomolina.protos.execution.ProtosForeignProviderRegistryTest,normalRuntimeHostOwnsEmptyRegistry,0.001,False,False,False
com.guillermomolina.protos.execution.ProtosForeignProviderRegistryTest,hostingProcessesNeverInvokesProviderFactories,0.001,False,False,False
com.guillermomolina.protos.execution.ProtosForeignProviderRegistryTest,providerIdentityRejectsBlankOrPaddedValues,0.001,False,False,False
com.guillermomolina.protos.execution.ProtosForeignValueProjectionTest,foreignValueSubstrateGrantsNoHostAuthorityAndNeverHandsProvidersAClosure,0.001,False,False,False
com.guillermomolina.protos.execution.ProtosHostResourceCloseTest,hostRuntimeFailurePropagatesUnchangedToTheFlowTranslation,0.001,False,False,False
com.guillermomolina.protos.execution.ProtosHostResourceCloseTest,successfulHostCloseReportsTrueAfterClosingExactlyOnce,0.001,False,False,False
com.guillermomolina.protos.execution.ProtosI026EScopeTest,accidentalHostOnlyValueNeverLeavesTheScope,0.001,False,False,False
com.guillermomolina.protos.execution.ProtosI026EScopeTest,noArtificialLanguageTopScopeOrGlobalScopeRegistryIsIntroduced,0.001,False,False,False
com.guillermomolina.protos.execution.ProtosI026EScopeTest,flattenedNamesPreserveLookupPrecedenceAndShadowingDuplicates,0.001,False,False,False
com.guillermomolina.protos.execution.ProtosI026EScopeTest,scopeReadUsesOrdinaryReceiverDelegationWithoutLexicalParentFiction,0.001,False,False,False
com.guillermomolina.protos.execution.ProtosI068Slice4SequentialParameterLoweringTest,laterParameterIsAbsentDuringEarlierDefaultAndFallsThrough,0.001,False,False,False
com.guillermomolina.protos.execution.ProtosI068Slice4SequentialParameterLoweringTest,restParameterIsEstablishedAsFreshFrozenExactSuffix,0.001,False,False,False
com.guillermomolina.protos.execution.ProtosI068Slice4SequentialParameterLoweringTest,requiredParameterAndLaterDefaultShareFrameBackedAuthority,0.001,False,False,False
com.guillermomolina.protos.execution.ProtosI068Slice4SequentialParameterLoweringTest,closureActivationWithFrameBackedParameterSurvivesLazySourceMaterialization,0.001,False,False,False
com.guillermomolina.protos.execution.ProtosI068Slice4SequentialParameterLoweringTest,suppliedNullSkipsDefaultAndRemainsPresent,0.001,False,False,False
com.guillermomolina.protos.execution.ProtosI068Slice4SequentialParameterLoweringTest,currentParameterIsAbsentDuringItsOwnDefaultAndFallsThrough,0.001,False,False,False
com.guillermomolina.protos.execution.ProtosI068Slice5CapturedMaterializedLexicalLoweringTest,dynamicLookupPreservesReceiverFallbackAndDoesNotUseCapturedFastPath,0.001,False,False,False
com.guillermomolina.protos.execution.ProtosI068Slice5CapturedMaterializedLexicalLoweringTest,materializedClosurePlanRetainsProvenOuterBindingOwnerAndDepth,0.001,False,False,False
com.guillermomolina.protos.execution.ProtosI068Slice5CapturedMaterializedLexicalLoweringTest,provenCapturedWriteUpdatesSameOuterFrameAuthority,0.001,False,False,False
com.guillermomolina.protos.execution.ProtosI068Slice5CapturedMaterializedLexicalLoweringTest,nearerDeclaredButAbsentCandidateFallsBackToOuterPresentBinding,0.001,False,False,False
com.guillermomolina.protos.execution.ProtosI068Slice5CapturedMaterializedLexicalLoweringTest,lateNearerCreationRetargetsCapturedRead,0.001,False,False,False
com.guillermomolina.protos.execution.ProtosI068Slice5CapturedMaterializedLexicalLoweringTest,capturedWriteDestinationRemainsFixedWhenNearerBindingAppearsAfterResolution,0.001,False,False,False
com.guillermomolina.protos.execution.ProtosI068Slice5CapturedMaterializedLexicalLoweringTest,lateNearerCreationRetargetsCapturedWrite,0.001,False,False,False
com.guillermomolina.protos.execution.ProtosI068Slice5CapturedMaterializedLexicalLoweringTest,closureCreatedInObjectBodyCapturesEnclosingLexicalContextNotObject,0.001,False,False,False
com.guillermomolina.protos.execution.ProtosI068Slice6DebuggerReflectionProjectionTest,debuggerAndCoreReflectionProjectFrameBindingsAndDynamicOverflow,0.001,False,False,False
com.guillermomolina.protos.execution.ProtosI068Slice6DebuggerReflectionProjectionTest,removedStaticFrameLocalStaysOnStableLayoutButIsSemanticallyAbsent,0.001,False,False,False
com.guillermomolina.protos.execution.ProtosI068Slice7ActivationLexicalDecompositionTest,candidateReadRetainsExactGenericFallback,0.001,False,False,False
com.guillermomolina.protos.execution.ProtosI068Slice7ActivationLexicalDecompositionTest,provenCurrentReadUsesFramePathWithoutGenericLookupInstruction,0.001,False,False,False
com.guillermomolina.protos.execution.ProtosI072PhaseDPreparedCallSeparationTest,ordinaryPreparedCallUsesLeanRepresentationAndHasNoSpecialCapabilities,0.001,False,False,False
com.guillermomolina.protos.execution.ProtosI072PhaseDPreparedCallSeparationTest,ordinaryNoControlCallNeverEagerlyAllocatesDynamicControlState,0.001,False,False,False
com.guillermomolina.protos.execution.ProtosI072PhaseDPreparedCallSeparationTest,terminalLifecycleOperationsSpecializeOnConcreteRepresentations,0.001,False,False,False
com.guillermomolina.protos.execution.ProtosI072PhaseDPreparedCallSeparationTest,specializedStructuredOperationsPreserveAbsentCapabilityBehavior,0.001,False,False,False
com.guillermomolina.protos.execution.ProtosI075DLexicalAuthorityCurrentBytecodeNodeTest,bindingCreatedAfterUncachedToCachedTransitionIsReadByTheCurrentNode,0.001,False,False,False
com.guillermomolina.protos.execution.ProtosLanguageRegistrationTest,polyglotEngineDiscoversAndInitializesProtosLanguage,0.001,False,False,False
com.guillermomolina.protos.execution.ProtosLm009DDebugRuntimeHostTest,readinessAdapterAcceptsBracketedNumericIpv6Loopback,0.001,False,False,False
com.guillermomolina.protos.execution.ProtosLm009DDebugRuntimeHostTest,ordinaryRuntimeHostDoesNotBecomeDebugEnabled,0.001,False,False,False
com.guillermomolina.protos.execution.ProtosModuleSourceIdentityTest,hostedMaterializationProducesPhysicalSourceWithExactSelectedPathAndCharacters,0.001,False,False,False
com.guillermomolina.protos.execution.ProtosModuleSourceIdentityTest,resolverSourceKeyMismatchFailsClosed,0.001,False,False,False
com.guillermomolina.protos.execution.ProtosModuleSourceIdentityTest,fileBackedResolverRetainsCanonicalKeyExactCharactersAndSelectedPath,0.001,False,False,False
com.guillermomolina.protos.execution.ProtosModuleSourceIdentityTest,hostedMaterializationPreservesSelectedSymlinkPathWhenSupported,0.001,False,False,False
com.guillermomolina.protos.execution.ProtosNioConfinedFilesystemBackendTest,unsupportedSecureDirectoryProviderFailsClosed,0.001,False,False,False
com.guillermomolina.protos.execution.ProtosNioConfinedFilesystemBackendTest,distinctHardLinksToSameResourceRemainANamespaceNoOp,0.001,False,False,False
com.guillermomolina.protos.execution.ProtosNioConfinedFilesystemBackendTest,existingTargetSymlinkIsReplacedWithoutTouchingItsReferent,0.001,False,False,False
com.guillermomolina.protos.execution.ProtosNioConfinedFilesystemBackendTest,removeDeletesSymlinkEntryWithoutFollowingItsReferent,0.001,False,False,False
com.guillermomolina.protos.execution.ProtosNioConfinedFilesystemBackendTest,removeNeverRecursesToMakeADirectoryEntryRemovable,0.001,False,False,False
com.guillermomolina.protos.execution.ProtosNioFilesystemTreeCaptureBackendTest,entriesClassifiesDirectChildrenWithoutFollowingLinks,0.001,False,False,False
com.guillermomolina.protos.execution.ProtosNioHostIoPollerTest,controlRunsOnDedicatedPlatformThreadAndWakesBlockedSelector,0.001,False,False,False
com.guillermomolina.protos.execution.ProtosPackageContentIdentityV1ConformanceTest,oneByteManifestMutationChangesIdentity,0.001,False,False,False
com.guillermomolina.protos.execution.ProtosPackageContentIdentityV1ConformanceTest,emptyDirectoriesMetadataAndStorageLayoutAreNonSemantic,0.001,False,False,False
com.guillermomolina.protos.execution.ProtosPackageContentIdentityV1ConformanceTest,fixedPositiveStreamsAndDigestsMatchExternalConstants,0.001,False,False,False
com.guillermomolina.protos.execution.ProtosPackageContentIdentityV1ConformanceTest,invalidPathCollisionAndEntryKindVectorsFailClosed,0.001,False,False,False
com.guillermomolina.protos.execution.ProtosPackageExecutionPlanV2ModuleResolverTest,standardLibraryResolutionAndLoadingDelegateAndForeignKeysAreRejected,0.001,False,False,False
com.guillermomolina.protos.execution.ProtosPerf006B1BytecodeLiteralSequenceTest,canonicalLiteralAndSequenceSubsetExecutesThroughBytecode,0.001,False,False,False
com.guillermomolina.protos.execution.ProtosPerf006B1BytecodeLiteralSequenceTest,emptyCanonicalSequenceRetainsCanonicalNullResult,0.001,False,False,False
com.guillermomolina.protos.execution.ProtosPerf006B1BytecodeLiteralSequenceTest,unsupportedCanonicalExpressionFailsClosedBeforePartialLowering,0.001,False,False,False
com.guillermomolina.protos.execution.ProtosPerf006B2AClosureActivationTest,bytecodeClosureBodyUsesExactExistingActivationLexicalLookupAbi,0.001,False,False,False
com.guillermomolina.protos.execution.ProtosPerf006B2AClosureActivationTest,bytecodeClosureRootRetainsBodySourceSection,0.001,False,False,False
com.guillermomolina.protos.execution.ProtosPerf006B2AClosureActivationTest,invocationActivationPreservesReceiverMethodHomeAndCapturedReturnHome,0.001,False,False,False
com.guillermomolina.protos.execution.ProtosPerf006B2BClosureContinuationCompositionTest,legacyClosureInvokerUsesTemporaryAstFallbackAfterDispatchCutover,0.001,False,False,False
com.guillermomolina.protos.execution.ProtosPerf006B2BClosureContinuationCompositionTest,sourceLevelBytecodeClosureCallsComposeRepeatedChildSuspensionWithoutReplay,0.001,False,False,False
com.guillermomolina.protos.execution.ProtosPerf006B2BClosureContinuationCompositionTest,defaultSpreadLowersAfterDefaultSpreadMigration,0.001,False,False,False
com.guillermomolina.protos.execution.ProtosPerf006B2C1SinglePositionalBindingTest,oneRequiredParameterReceivesOneSourceArgument,0.001,False,False,False
com.guillermomolina.protos.execution.ProtosPerf006B2C2GeneralPositionalArityTest,generalRequiredParameterBindingPreservesPositionalIdentity,0.001,False,False,False
com.guillermomolina.protos.execution.ProtosPerf006B2C2GeneralPositionalArityTest,callSpreadInDefaultsLowersAfterMigration,0.001,False,False,False
com.guillermomolina.protos.execution.ProtosPerf006B2C2GeneralPositionalArityTest,tooFewAndTooManyArgumentsRetainGuestArityError,0.001,False,False,False
com.guillermomolina.protos.execution.ProtosPerf006B2C3ARestBindingTest,sourceLevelRestBindingSupportsNonEmptyAndEmptySuffix,0.001,False,False,False
com.guillermomolina.protos.execution.ProtosPerf006B2C3ARestBindingTest,requiredPrefixStillRejectsTooFewArgumentsAndSpreadDefaultLowers,0.001,False,False,False
com.guillermomolina.protos.execution.ProtosPerf006B2C3B1ActivationRootSeamTest,composedClosureCallEntersActivationTargetWithoutCallerPrebind,0.001,False,False,False
com.guillermomolina.protos.execution.ProtosPerf006B2C3B1ActivationRootSeamTest,requiredAndRestBindingExecuteInsideOneActivationRoot,0.001,False,False,False
com.guillermomolina.protos.execution.ProtosPerf006B2C3B2SimpleDefaultBindingTest,suppliedArgumentsSuppressTheirDefaultsCompletely,0.001,False,False,False
com.guillermomolina.protos.execution.ProtosPerf006B2C3B2SimpleDefaultBindingTest,defaultBeforeRestCapturesOnlyActuallyUnconsumedArguments,0.001,False,False,False
com.guillermomolina.protos.execution.ProtosPerf006B2C3B2SimpleDefaultBindingTest,omittedLiteralAndLookupDefaultsExecuteInTheActivationRoot,0.001,False,False,False
com.guillermomolina.protos.execution.ProtosPerf006B2C3B3CallSendDefaultBindingTest,omittedCallDefaultComposesSuspensionWithoutReplay,0.001,False,False,False
com.guillermomolina.protos.execution.ProtosPerf006B2D1OrdinarySendCompositionTest,sourceBackedMethodSendComposesSuspensionAndPreservesReceiverHome,0.001,False,False,False
com.guillermomolina.protos.execution.ProtosPerf006B2D1OrdinarySendCompositionTest,defaultSendSpreadLowersAfterMigration,0.001,False,False,False
com.guillermomolina.protos.execution.ProtosPerf006B2D1OrdinarySendCompositionTest,nativeMethodSendUsesSameImmediateMethodBindingAndSuppliedVector,0.001,False,False,False
com.guillermomolina.protos.execution.ProtosPerf006B2D2NestedArgumentCompositionTest,nestedDefaultArgumentUsesSameCompositionAndSuspensionPath,0.001,False,False,False
com.guillermomolina.protos.execution.ProtosPerf006B2D2NestedArgumentCompositionTest,laterArgumentSuspensionDoesNotReplayEarlierCompletedArgument,0.001,False,False,False
com.guillermomolina.protos.execution.ProtosPerf006B2D2NestedArgumentCompositionTest,nestedBodyArgumentsEvaluateLeftToRightExactlyOnce,0.001,False,False,False
com.guillermomolina.protos.execution.ProtosPerf006B2D3AOrdinaryObjectCallProtocolTest,localNativeCallSlotUsesOriginalReceiverAndSlotHome,0.001,False,False,False
com.guillermomolina.protos.execution.ProtosPerf006B2D3AOrdinaryObjectCallProtocolTest,nearerNonClosureCallShadowsInheritedCallableSlot,0.001,False,False,False
com.guillermomolina.protos.execution.ProtosPerf006B2D3BSelectedStandardObjectCallIntrinsicTest,closureLocalCallOverrideWinsAndKeepsReceiverAndHome,0.001,False,False,False
com.guillermomolina.protos.execution.ProtosPerf006B2D3BSelectedStandardObjectCallIntrinsicTest,standardCallExecutesSourceBackedClosureWithCapturedReceiver,0.001,False,False,False
com.guillermomolina.protos.execution.ProtosPerf006B2D3BSelectedStandardObjectCallIntrinsicTest,closureLocalNonClosureCallShadowsCanonicalStandardCall,0.001,False,False,False
com.guillermomolina.protos.execution.ProtosPerf006B2D3BSelectedStandardObjectCallIntrinsicTest,canonicalObjectCallRemainsOrdinaryAndSelectedAfterLookup,0.001,False,False,False
com.guillermomolina.protos.execution.ProtosPerf006B2D4AComposedCallTargetTest,sendResultCanBecomeTheTargetOfAnotherCall,0.001,False,False,False
com.guillermomolina.protos.execution.ProtosPerf006B2D4AComposedCallTargetTest,defaultCanUseAComposedCallTarget,0.001,False,False,False
com.guillermomolina.protos.execution.ProtosPerf006B2D4AComposedCallTargetTest,defaultSendSpreadWithComposedAndSimpleReceiversLowers,0.001,False,False,False
com.guillermomolina.protos.execution.ProtosPerf006B2D4AComposedCallTargetTest,laterArgumentSuspensionDoesNotReplayCompletedTarget,0.001,False,False,False
com.guillermomolina.protos.execution.ProtosPerf006B2D4AComposedCallTargetTest,repeatedTargetSuspensionKeepsTheSameTargetInvocationActivation,0.001,False,False,False
com.guillermomolina.protos.execution.ProtosPerf006B2D4BComposedSendReceiverTest,callResultCanBecomeMessageReceiver,0.001,False,False,False
com.guillermomolina.protos.execution.ProtosPerf006B2D4BComposedSendReceiverTest,sendResultCanBecomeMessageReceiver,0.001,False,False,False
com.guillermomolina.protos.execution.ProtosPerf006B2D4BComposedSendReceiverTest,laterArgumentSuspensionDoesNotReplayCompletedReceiver,0.001,False,False,False
com.guillermomolina.protos.execution.ProtosPerf006B2D4BComposedSendReceiverTest,receiverEvaluatesBeforeArgumentsStrictlyOnce,0.001,False,False,False
com.guillermomolina.protos.execution.ProtosPerf006B2D5ABodyCallSpreadTest,emptySpreadContributesNoElements,0.001,False,False,False
com.guillermomolina.protos.execution.ProtosPerf006B2D5ABodyCallSpreadTest,spreadExpressionSuspensionDoesNotReplayTarget,0.001,False,False,False
com.guillermomolina.protos.execution.ProtosPerf006B2D5ABodyCallSpreadTest,invalidSpreadStopsBeforeLaterArgumentAndInvocation,0.001,False,False,False
com.guillermomolina.protos.execution.ProtosPerf006B2D5ABodyCallSpreadTest,defaultCallAndSendSpreadLowerAfterMigration,0.001,False,False,False
com.guillermomolina.protos.execution.ProtosPerf006B2D5ABodyCallSpreadTest,spreadSnapshotOccursBeforeLaterArgumentMutation,0.001,False,False,False
com.guillermomolina.protos.execution.ProtosPerf006B2D5BBodySendSpreadTest,composedReceiverAndSpreadComposeTogether,0.001,False,False,False
com.guillermomolina.protos.execution.ProtosPerf006B2D5BBodySendSpreadTest,invalidSpreadStopsBeforeLaterMessageArgumentAndInvocation,0.001,False,False,False
com.guillermomolina.protos.execution.ProtosPerf006B2D5BBodySendSpreadTest,spreadSnapshotOccursBeforeLaterMessageArgumentMutation,0.001,False,False,False
com.guillermomolina.protos.execution.ProtosPerf006B2D5BBodySendSpreadTest,ordinaryAndSpreadItemsFlattenForMessageSend,0.001,False,False,False
com.guillermomolina.protos.execution.ProtosPerf006B2D5BBodySendSpreadTest,defaultSpreadLowersAfterMigration,0.001,False,False,False
com.guillermomolina.protos.execution.ProtosPerf006B2D5BBodySendSpreadTest,earlierSendSpreadSnapshotSurvivesLaterArgumentSuspension,0.001,False,False,False
com.guillermomolina.protos.execution.ProtosPerf006B2D5CDefaultSpreadTest,defaultSpreadSnapshotOccursBeforeLaterMutation,0.001,False,False,False
com.guillermomolina.protos.execution.ProtosPerf006B2D5CDefaultSpreadTest,invalidDefaultSpreadStopsBeforeLaterArgumentAndInvocation,0.001,False,False,False
com.guillermomolina.protos.execution.ProtosPerf006B2D5CDefaultSpreadTest,defaultSendSpreadWorksWithComposedReceiver,0.001,False,False,False
com.guillermomolina.protos.execution.ProtosPerf006B2D5CDefaultSpreadTest,defaultSendSpreadSuspensionDoesNotReplayReceiver,0.001,False,False,False
com.guillermomolina.protos.execution.ProtosPerf006B3BTaskBytecodeCompositionTest,sourceBackedNestedBytecodeCallExecutesInsideTask,0.001,False,False,False
com.guillermomolina.protos.execution.ProtosPerf006B3BTaskBytecodeCompositionTest,sourceBackedPreparedCallKeepsExactCallerTaskIdentity,0.001,False,False,False
com.guillermomolina.protos.execution.ProtosPerf006B3BTaskBytecodeCompositionTest,taskBackedOrdinaryNativeCallUsesDirectFastPathAfterB6A4,0.001,False,False,False
com.guillermomolina.protos.execution.ProtosPerf006B3BTaskBytecodeCompositionTest,directNonTaskNativeFastPathRemainsOrdinary,0.001,False,False,False
com.guillermomolina.protos.execution.ProtosPerf006B3CSuspensionCapableNativeLeafTest,taskBackedCapabilityMayCompleteSynchronouslyWithoutYield,0.001,False,False,False
com.guillermomolina.protos.execution.ProtosPerf006B3CSuspensionCapableNativeLeafTest,nonTaskBytecodeInvocationUsesOnlyOrdinaryNativeEntry,0.001,False,False,False
com.guillermomolina.protos.execution.ProtosPerf006B3DTopLevelTaskPublicationTest,readinessBeforeCaptureContinuesSynchronouslyWithoutQueueing,0.001,False,False,False
com.guillermomolina.protos.execution.ProtosPerf006B3DTopLevelTaskPublicationTest,nestedSourceCallPublishesOnlyTheCompleteTopContinuation,0.001,False,False,False
com.guillermomolina.protos.execution.ProtosPerf006B3DTopLevelTaskPublicationTest,cancellationOfSuspendedCPrimeTaskDetachesWaitAndDoesNotResumeLeaf,0.001,False,False,False
com.guillermomolina.protos.execution.ProtosPerf006B3DTopLevelTaskPublicationTest,pendingLeafPublishesCompleteTopContinuationAndResumesWithoutReplay,0.001,False,False,False
com.guillermomolina.protos.execution.ProtosPerf006B5ABytecodeDebuggerScopeTest,generatedBytecodeRootSelectsTheActivationScopeLibrary,0.001,False,False,False
com.guillermomolina.protos.execution.ProtosPerf006B6BFinalConformanceArchitectureTest,finalSemanticConformanceEvidenceRemainsPresent,0.001,False,False,False
com.guillermomolina.protos.execution.ProtosPerf006B6BFinalConformanceArchitectureTest,plat032KeepsLogicalWrapperIdentityWhileCPrimeOwnsSuspendibleControl,0.001,False,False,False
com.guillermomolina.protos.execution.ProtosPerf006B6BFinalConformanceArchitectureTest,cliPrintBackpressureRemainsOnCPrimeContinuationPath,0.001,False,False,False
com.guillermomolina.protos.execution.ProtosPerf006B6BFinalConformanceArchitectureTest,taskClosureAndSelectedCallEntryPointsAreCPrimeOnly,0.001,False,False,False
com.guillermomolina.protos.execution.ProtosPerf006C1OptimizingRuntimeClosureTest,nativeAdmissionValidatesInterpreterOnlyFallback,0.001,False,False,False
com.guillermomolina.protos.execution.ProtosPerf010APreparedTargetSpecializationTest,repeatedSuspendingSendGetsFreshActivationAndExactMethodHomeEachHit,0.001,False,False,False
com.guillermomolina.protos.execution.ProtosPerf010APreparedTargetSpecializationTest,removingNearerOverrideAfterCacheWarmupFallsBackToDelegationParent,0.001,False,False,False
com.guillermomolina.protos.execution.ProtosPerf010APreparedTargetSpecializationTest,nativeClosureSendRemainsOnGenericPathAcrossRepeatedInvocations,0.001,False,False,False
com.guillermomolina.protos.execution.ProtosPerf010APreparedTargetSpecializationTest,monomorphicOrdinarySendReturnsExpectedResultAcrossRepeatedInvocations,0.001,False,False,False
com.guillermomolina.protos.execution.ProtosPerf012FrameLexicalLayoutTest,layoutRejectsANullNameEntry,0.001,False,False,False
com.guillermomolina.protos.execution.ProtosPerf012FrameLexicalLayoutTest,multipleInvocationsOfTheSameRootShareOneLayoutInstanceWithIndependentFrames,0.001,False,False,False
com.guillermomolina.protos.execution.ProtosPerf012FrameLexicalLayoutTest,clearedThenRecreatedBindingReusesTheSameOrdinalOnTheUnchangedLayout,0.001,False,False,False
com.guillermomolina.protos.execution.ProtosPerf013SliceA2DefaultClosureSharedLexicalRootGroupingTest,directDefaultClosureSharesOwnerGroupAndCapturesEarlierParameterByReference,0.001,False,False,False
com.guillermomolina.protos.execution.ProtosPerf013SliceA2DefaultClosureSharedLexicalRootGroupingTest,nestedClosureInsideDefaultClosureSharesOwnerGroupAtEveryDepth,0.001,False,False,False
com.guillermomolina.protos.execution.ProtosPerf013SliceA3ObjectBodyHelperSharedGroupingTest,objectBodyIsInlineAndContributesNoRoot,0.001,False,False,False
com.guillermomolina.protos.execution.ProtosPerf013SliceA3ObjectBodyHelperSharedGroupingTest,multiDepthClosuresInObjectBodyShareGroupWithOuterOwner,0.001,False,False,False
com.guillermomolina.protos.execution.ProtosPerf013SliceA3ObjectBodyHelperSharedGroupingTest,closureInInlineObjectBodySharesGroupWithOuterOwnerAndCapturesOuterLexicalContext,0.001,False,False,False
com.guillermomolina.protos.execution.ProtosPerf013SliceASharedLexicalRootGroupingTest,ownerAndDirectChildClosureShareBytecodeRootNodes,0.001,False,False,False
com.guillermomolina.protos.execution.ProtosPerf013SliceASharedLexicalRootGroupingTest,ownerAndMultiDepthChildClosuresShareBytecodeRootNodes,0.001,False,False,False
com.guillermomolina.protos.execution.ProtosPerf013SliceASharedLexicalRootGroupingTest,objectBodyContributesNoRootSincePlat041,0.001,False,False,False
com.guillermomolina.protos.execution.ProtosPerf013SliceB1MaterializedCapturedReadTest,multiDepthCaptureUsesMaterializedAccessorAtEveryDepth,0.001,False,False,False
com.guillermomolina.protos.execution.ProtosPerf013SliceB1MaterializedCapturedReadTest,ownerRemovalFallsBackToFartherLexicalBinding,0.001,False,False,False
com.guillermomolina.protos.execution.ProtosPerf013SliceB1MaterializedCapturedReadTest,escapedCaptureObservesOwnerAfterOwnerActivationReturned,0.001,False,False,False
com.guillermomolina.protos.execution.ProtosPerf013SliceB1MaterializedCapturedReadTest,presentNullCapturedBindingIsDistinctFromAbsent,0.001,False,False,False
com.guillermomolina.protos.execution.ProtosPerf013SliceB1MaterializedCapturedReadTest,ownerRemoveThenRecreateIsObservedByTheSameAccessor,0.001,False,False,False
com.guillermomolina.protos.execution.ProtosPerf013SliceB2MaterializedCapturedWriteTest,capturedWriteIsObservedByReferenceFromAnotherClosure,0.001,False,False,False
com.guillermomolina.protos.execution.ProtosPerf013SliceB2MaterializedCapturedWriteTest,ordinaryCapturedWriteUsesMaterializedAccessorFastPath,0.001,False,False,False
com.guillermomolina.protos.execution.ProtosPerf013SliceB2MaterializedCapturedWriteTest,defaultParameterAssignmentUsesMaterializedAccessorForOwnerParameter,0.001,False,False,False
com.guillermomolina.protos.execution.ProtosPerf013SliceB2MaterializedCapturedWriteTest,nearerBindingPresentBeforeResolutionSkipsTheMaterializedOwner,0.001,False,False,False
com.guillermomolina.protos.execution.ProtosPerf013SliceB2MaterializedCapturedWriteTest,multiDepthCapturedWriteUsesMaterializedAccessorAtOwnerDepth,0.001,False,False,False
com.guillermomolina.protos.execution.ProtosPerf013SliceB2MaterializedCapturedWriteTest,destinationSelectedBeforeRhsIsNotRetargetedByNearerCreationDuringRhs,0.001,False,False,False
com.guillermomolina.protos.execution.ProtosPerf013SliceB2MaterializedCapturedWriteTest,frozenDestinationRejectsCapturedWrite,0.001,False,False,False
com.guillermomolina.protos.execution.ProtosPerf013SliceB2MaterializedCapturedWriteTest,escapedCapturedWriteMutatesOwnerAfterOwnerActivationReturned,0.001,False,False,False
com.guillermomolina.protos.execution.ProtosPerf014DirectClosureCallSpecializationTest,localCallOverrideOnClosureReceiverShadowsCanonicalFastPathAdmission,0.001,False,False,False
com.guillermomolina.protos.execution.ProtosPerf014DirectClosureCallSpecializationTest,freshClosureMaterializationsOfTheSameDefinitionRemainCorrectPastBothCacheLimits,0.001,False,False,False
com.guillermomolina.protos.execution.ProtosPerf014DirectClosureCallSpecializationTest,removingAndRecreatingCallOverrideCyclesCorrectlyThroughGuardedAndGenericPaths,0.001,False,False,False
com.guillermomolina.protos.execution.ProtosPerf014DirectClosureCallSpecializationTest,nativeDirectClosureCallRemainsOnGenericPathAcrossRepeatedInvocations,0.001,False,False,False
com.guillermomolina.protos.execution.ProtosPerf014DirectClosureCallSpecializationTest,defaultArgumentDirectClosureCallRemainsCorrect,0.001,False,False,False
com.guillermomolina.protos.execution.ProtosPerf014DirectClosureCallSpecializationTest,introducingCallOverrideAfterCacheWarmupInvalidatesTheCanonicalFastHit,0.001,False,False,False
com.guillermomolina.protos.execution.ProtosPerf025D179LexicalMembershipStabilityReadTest,loweredRootReusesExactMembershipLayoutAcrossBytecodeReparse,0.001,False,False,False
com.guillermomolina.protos.execution.ProtosPerf025FrameMaterializationSliceTest,frameAuthorityBookkeepingStaysCompactUntilGeneralHistoryIsNeeded,0.001,False,False,False
com.guillermomolina.protos.execution.ProtosPerf025FrameMaterializationSliceTest,explicitContextObservationKeepsPersistentAuthority,0.001,False,False,False
com.guillermomolina.protos.execution.ProtosPerf025FrameMaterializationSliceTest,observedActivationTransitionsInFrameAndPreservesBindings,0.001,False,False,False
com.guillermomolina.protos.execution.ProtosPerf025FrameMaterializationSliceTest,nonResolvedAccessToOwnNameKeepsPersistentAuthority,0.001,False,False,False
com.guillermomolina.protos.execution.ProtosPerf025FrameMaterializationSliceTest,sequentialDefaultsSeeOnlyEarlierEstablishedParameters,0.001,False,False,False
com.guillermomolina.protos.execution.ProtosPerf025FrameMaterializationSliceTest,parameterOnlyClosureRunsWithoutMaterializedFrameAuthority,0.001,False,False,False
com.guillermomolina.protos.execution.ProtosPerf025FrameMaterializationSliceTest,capturedEscapingClosureKeepsPersistentAuthority,0.001,False,False,False
com.guillermomolina.protos.execution.ProtosPerf025MapPhysicalIndexTest,mapIndexPreservesCollisionOrderReplacementAndReinsertion,0.001,False,False,False
com.guillermomolina.protos.execution.ProtosPerf025StringProofPreservationTest,crossDomainAndDiscoveryCopiesPreserveStringProofMetadata,0.001,False,False,False
com.guillermomolina.protos.execution.ProtosPerf028AResolvedCurrentLexicalWriteTest,removalDuringSuspensionIsMutationErrorAfterResume,0.001,False,False,False
com.guillermomolina.protos.execution.ProtosPerf028AResolvedCurrentLexicalWriteTest,rhsRemovalOfSelectedCurrentBindingIsMutationErrorNotRetarget,0.001,False,False,False
com.guillermomolina.protos.execution.ProtosPerf028AResolvedCurrentLexicalWriteTest,currentAbsentAtSelectionWritesNearestOuterLexicalBinding,0.001,False,False,False
com.guillermomolina.protos.execution.ProtosPerf028AResolvedCurrentLexicalWriteTest,selectionRetainedAcrossSuspensionAndUncachedToCachedTransition,0.001,False,False,False
com.guillermomolina.protos.execution.ProtosPerf028AResolvedCurrentLexicalWriteTest,presentNullRemainsDistinctFromAbsent,0.001,False,False,False
com.guillermomolina.protos.execution.ProtosPerf028AResolvedCurrentLexicalWriteTest,fallbackSelectedWhileCurrentAbsentIsNotStolenByRhsRecreation,0.001,False,False,False
com.guillermomolina.protos.execution.ProtosPerf028AResolvedCurrentLexicalWriteTest,frozenCurrentContextRejectsWriteAndPreservesValue,0.001,False,False,False
com.guillermomolina.protos.execution.ProtosPerf028AResolvedCurrentLexicalWriteTest,rhsRemoveThenRecreateInSameContextReceivesTheWrite,0.001,False,False,False
com.guillermomolina.protos.execution.ProtosPlat036Slice3FrameBackedCurrentLocalTest,dynamicReferenceWithNoStaticDeclarationStaysOnTheStringKeyedFallback,0.001,False,False,False
com.guillermomolina.protos.execution.ProtosPlat036Slice3FrameBackedCurrentLocalTest,escapedExecutionContextStillObservesItsFrameBackedBindingAfterItsOwnActivationReturns,0.001,False,False,False
com.guillermomolina.protos.execution.ProtosPlat036Slice3FrameBackedCurrentLocalTest,mutationStateChecksStillApplyToDirectlyLoweredCurrentBindings,0.001,False,False,False
com.guillermomolina.protos.execution.ProtosPlat036Slice3FrameBackedCurrentLocalTest,bareCreateAndReadOfACurrentBindingRoundTripsThroughTheFrameBackedAuthority,0.001,False,False,False
com.guillermomolina.protos.execution.ProtosPlat036Slice3FrameBackedCurrentLocalTest,candidateReferenceToANearerNotYetPresentBindingStaysOnTheDynamicPath,0.001,False,False,False
com.guillermomolina.protos.execution.ProtosPolyglotExecutionContextTest,contextParsesThroughRegisteredLanguageAndExecutesWithExplicitActivation,0.001,False,False,False
com.guillermomolina.protos.execution.ProtosPolyglotExecutionContextTest,sourceForAnotherLanguageFailsBeforeExecution,0.001,False,False,False
com.guillermomolina.protos.execution.ProtosPolyglotExecutionContextTest,closingOneContextAllowsAFreshDistinctLanguageContext,0.001,False,False,False
com.guillermomolina.protos.execution.ProtosPolyglotProcessHostingTest,processHostBindingIsFixedAndFailedRebindingReleasesSecondContext,0.001,False,False,False
com.guillermomolina.protos.execution.ProtosPolyglotProcessHostingTest,twoProcessesUseDistinctContextsOnOneExplicitSharedEngine,0.001,False,False,False
com.guillermomolina.protos.execution.ProtosPolyglotProcessHostingTest,terminatingOneProcessClosesOnlyItsOwnContext,0.001,False,False,False
com.guillermomolina.protos.execution.ProtosPolyglotProcessHostingTest,runtimeHostRefusesToCloseLiveProcessContextsInsteadOfTerminatingProcesses,0.001,False,False,False
com.guillermomolina.protos.execution.ProtosPolyglotProcessHostingTest,terminationInsideEnteredProcessContextDefersPhysicalCloseUntilCarrierLeaves,0.001,False,False,False
com.guillermomolina.protos.execution.ProtosProjectBindingPrerequisiteClosureTest,staticProjectBindingAcquisitionClosureHasNoGuestOrToolExecutionDependency,0.001,False,False,False
com.guillermomolina.protos.execution.ProtosProjectFileBindingProviderTest,changedMetadataFailsClosedWithoutGuestRefresh,0.001,False,False,False
com.guillermomolina.protos.execution.ProtosProjectFileBindingProviderTest,candidateRootIsExactAndNeverDiscoveredFromChild,0.001,False,False,False
com.guillermomolina.protos.execution.ProtosProjectFileBindingProviderTest,missingMalformedAndNoncanonicalAuthorityFailClosed,0.001,False,False,False
com.guillermomolina.protos.execution.ProtosProjectFileBindingProviderTest,wrongCaseMemberLocationAndAuthoritySymlinkFailClosed,0.001,False,False,False
com.guillermomolina.protos.execution.ProtosSemanticTransferFamilyTest,ordinaryObjectCannotForgeFamilyThroughNamesSlotsShapeOrDelegation,0.001,False,False,False
com.guillermomolina.protos.execution.ProtosSemanticTransferFamilyTest,malformedSourceValuesFailSynchronouslyInTheSourceStage,0.001,False,False,False
com.guillermomolina.protos.execution.ProtosSemanticTransferFamilyTest,transferRecordIsAnInertInternalNodeWithoutGuestSurface,0.001,False,False,False
com.guillermomolina.protos.execution.ProtosSemanticTransferFamilyTest,semanticMapKeyKeepsAConsistentRecordedHashAfterMaterialization,0.001,False,False,False
com.guillermomolina.protos.execution.ProtosSemanticTransferFamilyTest,actorDestinationStageMaterializesOncePerRecordWithAliasesDistinctIdentitiesAndCycles,0.001,False,False,False
com.guillermomolina.protos.execution.ProtosSourceReadabilityAuthorityTest,selectedSymlinkSpellingDoesNotAdmitCanonicalTargetWhenSupported,0.001,False,False,False
com.guillermomolina.protos.execution.ProtosSourceReadabilityAuthorityTest,exactAdmissionIsReadOnlyAndUnrelatedPathsStayDenied,0.001,False,False,False
com.guillermomolina.protos.execution.ProtosSourceReadabilityAuthorityTest,configuredIoAccessExplicitlyKeepsSocketsAndAmbientHostFilesDisabled,0.001,False,False,False
com.guillermomolina.protos.execution.ProtosStandardBooleanProtocolTest,rootObjectOwnsBooleanSelectorsWithoutBooleanPrototype,0.001,False,False,False
com.guillermomolina.protos.execution.ProtosStandardBufferedByteIoPlacementTest,genericModuleAndTransferPathsHaveNoBufferedKnowledge,0.001,False,False,False
com.guillermomolina.protos.execution.ProtosStandardEnvironmentProtocolTest,environmentPrototypeIsConstructionOnlyAndNotMapLike,0.001,False,False,False
com.guillermomolina.protos.execution.ProtosStandardFileProtocolTest,cancellationAndFailedWritePrefixHaveExactPositionAftermath,0.001,False,False,False
com.guillermomolina.protos.execution.ProtosStandardFileProtocolTest,closeCutoverCancelsBackendBeforeReleaseAndKeepsStableLifecycleOutcome,0.001,False,False,False
com.guillermomolina.protos.execution.ProtosStandardIpFamilyPlacementTest,moduleLifecycleHasNoIpSpecificKnowledge,0.001,False,False,False
com.guillermomolina.protos.execution.ProtosStandardLibraryModuleResolverTest,sourceLookupUsesHiddenLowercaseProtosExtensionAndUtf8,0.001,False,False,False
com.guillermomolina.protos.execution.ProtosStandardLibraryModuleResolverTest,exactDistributedCaseIsRequiredForEveryPathComponent,0.001,False,False,False
com.guillermomolina.protos.execution.ProtosStandardLibraryModuleResolverTest,canonicalIdentityPreservesExactCaseAndIsIndependentOfImporterAndInstallationRoot,0.001,False,False,False
com.guillermomolina.protos.execution.ProtosStandardLibraryModuleResolverTest,invalidOrNonStandardSpellingsNeverFallBackToSearchPaths,0.001,False,False,False
com.guillermomolina.protos.execution.ProtosStandardLibraryModuleResolverTest,distributedLibraryHasNoCaseFoldEquivalentSiblingNames,0.001,False,False,False
com.guillermomolina.protos.execution.ProtosStandardProcessProtocolTest,delegatedProcessCapabilityReacquiresArgumentContent,0.001,False,False,False
com.guillermomolina.protos.execution.ProtosStandardProcessProtocolTest,processPrototypeIsFrozenAuthorityFreeAndHasExactlyEightAccessors,0.001,False,False,False
com.guillermomolina.protos.execution.ProtosTestToolFileSelectionFacilityTest,resolvesAuthorizedLogicalAssociationToExactPhysicalSource,0.001,False,False,False
com.guillermomolina.protos.execution.ProtosTestToolFileSelectionMainAdoptionTest,selectionOccursAfterPlanMaterializationAndBeforeScheduling,0.001,False,False,False
com.guillermomolina.protos.execution.ProtosTestToolI8D2ProviderTransactionTest,duplicateResourceKeysFailBeforeAnyProviderCall,0.001,False,False,False
com.guillermomolina.protos.execution.ProtosTestToolI8D2ProviderTransactionTest,resourceFreeProvisioningPerformsZeroRegistryOrProviderWork,0.001,False,False,False
com.guillermomolina.protos.execution.ProtosTestToolI8D2ProviderTransactionTest,invalidLeaseCoverageCleansCurrentLeaseThenEarlierLease,0.001,False,False,False
com.guillermomolina.protos.execution.ProtosTestToolI8D2ProviderTransactionTest,groupsByProviderInStableFirstAppearanceOrderAndCallsEachProviderOnce,0.001,False,False,False
com.guillermomolina.protos.execution.ProtosTestToolI8D2ProviderTransactionTest,laterProvisionFailureRollsBackEarlierProvidersInReverseOrderAndStops,0.001,False,False,False
com.guillermomolina.protos.execution.ProtosTestToolI8D2ProviderTransactionTest,asynchronousProviderMustCompleteBeforeTheNextProviderStarts,0.001,False,False,False
com.guillermomolina.protos.execution.ProtosTestToolI8D2ProviderTransactionTest,successfulTransactionCleanupIsReverseOrderAndAttemptsAllAfterFailure,0.001,False,False,False
com.guillermomolina.protos.execution.ProtosTestToolI8D3RootActorResourceBundleTest,i8d3StillDoesNotWireRunnerOrPublicMainToProviderTransaction,0.001,False,False,False
com.guillermomolina.protos.execution.ProtosTestToolStalledCaseReporterTest,d176ThresholdAndDisplayBoundMatchTheRatifiedPolicy,0.001,False,False,False
com.guillermomolina.protos.execution.ProtosTestToolStalledCaseReporterTest,oneShotSnapshotAfterTheIntervalWithoutTerminalProgress,0.001,False,False,False
com.guillermomolina.protos.execution.ProtosTestToolStalledCaseReporterTest,closedReporterStopsProducingDiagnostics,0.001,False,False,False
com.guillermomolina.protos.execution.ProtosTestToolTool011ProgressGroupingTest,mainHasNoPositionalPhaseMappingOrMainGroup,0.001,False,False,False
com.guillermomolina.protos.execution.ProtosTomlClosureConformanceTest,publicTomlSourceKeepsTheD087AndHostRuntimeBoundaries,0.001,False,False,False
com.guillermomolina.protos.execution.ProtosWorkspaceExactDirectoryLookupTest,rejectsNonDirectoryTargetsAndInvalidSingleComponentSpellings,0.001,False,False,False
com.guillermomolina.protos.execution.ProtosWorkspaceMemberLocationTraversalTest,rejectsDirectorySymlinkThatEscapesTheRealProjectRoot,0.001,False,False,False
com.guillermomolina.protos.execution.ProtosWorkspaceMemberLocationTraversalTest,allowsInRootDirectorySymlinkButCanonicalizesBeforeContinuing,0.001,False,False,False
com.guillermomolina.protos.execution.ProtosWorkspaceMemberLocationTraversalTest,rejectsNonDirectoryOrMissingProjectRoot,0.001,False,False,False
com.guillermomolina.protos.execution.ProtosWorkspaceMemberLocationTraversalTest,traversesEveryCanonicalComponentExactlyAndReturnsTheRealDirectory,0.001,False,False,False
com.guillermomolina.protos.execution.ProtosWorkspacePackageDependencyRoutingTest,directHostDtoStillRejectsDuplicateEdgesAndUnknownTargets,0.001,False,False,False
com.guillermomolina.protos.execution.ProtosWorkspacePackageDirectoryIndexTest,failsClosedWhenAnIndexedMemberCannotBeBoundPhysically,0.001,False,False,False
com.guillermomolina.protos.execution.ProtosWorkspacePackageDirectoryIndexTest,rejectsDistinctPackagesSharingOneCanonicalPhysicalRoot,0.001,False,False,False
com.guillermomolina.protos.execution.ProtosWorkspacePackageDirectoryIndexTest,bindsRootAndMembersByExactPackageIdAndLocation,0.001,False,False,False
com.guillermomolina.protos.execution.ProtosWorkspacePackageModuleKeyTest,rejectsInvalidLogicalNamesAndForeignOrNonCanonicalKeys,0.001,False,False,False
com.guillermomolina.protos.execution.ProtosWorkspacePackageModuleKeyTest,canonicalKeyRoundTripsOpaquePackageIdWithoutNormalization,0.001,False,False,False
com.guillermomolina.protos.execution.ProtosWorkspacePackageProjectIndexTest,rejectsMissingOrNonDirectorySelectedProjectRoot,0.001,False,False,False
com.guillermomolina.protos.execution.ProtosWorkspacePackageProjectIndexTest,anchorsRealProjectRootAndIndexesDetachedPackagesWithoutBindingMembers,0.001,False,False,False
com.guillermomolina.protos.execution.ProtosWorkspacePackageProjectIndexTest,deliberatelyLeavesMemberLocationTraversalForB1B2,0.001,False,False,False
com.guillermomolina.protos.execution.ProtosWorkspacePackageProjectIndexTest,rejectsInvalidRootIndexShapeBeforeAnyMemberPathBinding,0.001,False,False,False
com.guillermomolina.protos.execution.ProtosWorkspacePackageSourceInventoryTest,inventoriesOnlyCanonicalSourcesInDeterministicImmutableOrder,0.001,False,False,False
com.guillermomolina.protos.execution.ProtosWorkspacePackageSourceInventoryTest,assignsEachSourceOnlyToItsMostSpecificAuthorizedPackage,0.001,False,False,False
com.guillermomolina.protos.execution.ProtosWorkspacePackageSourceInventoryTest,excludesParentSymlinkAliasesIntoAChildPackageDomain,0.001,False,False,False
com.guillermomolina.protos.execution.ProtosWorkspacePackageSourceInventoryTest,failsClosedOnAsciiCaseFoldAmbiguity,0.001,False,False,False
com.guillermomolina.protos.execution.ProtosWorkspacePackageSourceLookupTest,parentSymlinkAliasCannotReenterAChildOwnedSource,0.001,False,False,False
com.guillermomolina.protos.execution.ProtosWorkspacePackageSourceLookupTest,requiresExactSpellingAndRejectsAsciiCaseFoldAmbiguity,0.001,False,False,False
com.guillermomolina.protos.execution.ProtosWorkspacePackageSourceLookupTest,rejectsARealSourceOutsideAMemberPackageEvenWhenItRemainsInsideWorkspace,0.001,False,False,False
com.guillermomolina.protos.execution.ProtosWorkspacePackageSourceLookupTest,resolvesExactRootAndMemberSourcesIncludingNestedAndCoreNames,0.001,False,False,False
com.guillermomolina.protos.lexer.ProtosLexerSourceSpanTest,ordinaryTokenizationRemainsTheProjectionOfTokenOccurrences,0.001,False,False,False
com.guillermomolina.protos.lexer.ProtosLexerSourceSpanTest,sourceSpanUsesValidatedHalfOpenBounds,0.001,False,False,False
com.guillermomolina.protos.lexer.ProtosLexerSourceSpanTest,tokenOccurrencesPreserveRawSourceSpansAcrossDecodedAndNormalizedTokens,0.001,False,False,False
com.guillermomolina.protos.lexer.ProtosLexerTest,lineCommentAtEndOfFileConsumesOnlyTheComment,0.001,False,False,False
com.guillermomolina.protos.lexer.ProtosLexerTest,tripleDoubleQuoteRunsFollowExactLexicalBoundaries,0.001,False,False,False
com.guillermomolina.protos.lexer.ProtosLexerTest,tripleDoubleClosingDelimiterDefinesExactStructuralIndentation,0.001,False,False,False
com.guillermomolina.protos.lexer.ProtosLexerTest,reservedWordsAreNotContextuallyReclassifiedAfterDot,0.001,False,False,False
com.guillermomolina.protos.lexer.ProtosLexerTest,rejectsUnterminatedBlockCommentAndHashCommentSyntax,0.001,False,False,False
com.guillermomolina.protos.lexer.ProtosLexerTest,commentOpenersTakeLexicalPrecedenceOverOperatorSpellings,0.001,False,False,False
com.guillermomolina.protos.lexer.ProtosLexerTest,everyLogicalNewlineSpellingIsRejectedInSingleLineStrings,0.001,False,False,False
com.guillermomolina.protos.lexer.ProtosLexerTest,lexesUnicodeXidIdentifiersAndUnderscore,0.001,False,False,False
com.guillermomolina.protos.lexer.ProtosLexerTest,lfCrAndCrLfEachProduceOneLogicalNewlineToken,0.001,False,False,False
com.guillermomolina.protos.lexer.ProtosLexerTest,standardOperatorsTerminateNumericTokens,0.001,False,False,False
com.guillermomolina.protos.lexer.ProtosLexerTest,punctuationDelimitersAndOperatorsRemainValidNumericTokenBoundaries,0.001,False,False,False
com.guillermomolina.protos.lexer.ProtosLexerTest,onlySpaceAndTabAreHorizontalWhitespace,0.001,False,False,False
com.guillermomolina.protos.lexer.ProtosLexerTest,rejectsInvalidIncompleteAndNonScalarEscapes,0.001,False,False,False
com.guillermomolina.protos.lexer.ProtosLexerTest,tripleDoubleWithoutStructuralPrefixPreservesWhitespaceOnlyLines,0.001,False,False,False
com.guillermomolina.protos.lexer.ProtosLexerTest,lexesEveryStandardSymbolicTokenWhenItIsTheCompleteSpelling,0.001,False,False,False
com.guillermomolina.protos.lexer.ProtosLexerTest,oneDotAndLeadingDotFiveAreTokenBoundariesNotFloatSpellings,0.001,False,False,False
com.guillermomolina.protos.lsp.ProtosLanguageServerDefinitionTest,advertisesDefinitionAndReturnsExactCanonicalOpenOverlayLocation,0.001,False,False,False
com.guillermomolina.protos.lsp.ProtosLanguageServerDefinitionTest,looseOrNonCanonicalOpenDocumentNeverGainsDefinitionAuthority,0.001,False,False,False
com.guillermomolina.protos.lsp.ProtosLanguageServerDiagnosticsTest,closeClearsDiagnosticsWithoutInventingAnotherDocumentVersion,0.001,False,False,False
com.guillermomolina.protos.lsp.ProtosLanguageServerDocumentSymbolsTest,closedOrUnknownDocumentHasNoSymbols,0.001,False,False,False
com.guillermomolina.protos.lsp.ProtosLanguageServerFormattingTest,internalFormatterFailureCompletesRequestExceptionally,0.001,False,False,False
com.guillermomolina.protos.lsp.ProtosLanguageServerFormattingTest,fullDocumentRangeEndsAtExactUtf16PositionOfMultilineSource,0.001,False,False,False
com.guillermomolina.protos.lsp.ProtosLanguageServerFormattingTest,staleSnapshotResultIsNotReturned,0.001,False,False,False
com.guillermomolina.protos.lsp.ProtosLanguageServerFoundationTest,fullSyncAdapterRejectsIncrementalOrUnopenedChanges,0.001,False,False,False
com.guillermomolina.protos.lsp.ProtosLanguageServerFoundationTest,initializeAdvertisesDocumentSymbolsOnlyForHierarchicalClients,0.001,False,False,False
com.guillermomolina.protos.lsp.ProtosLanguageServerWorkspaceSymbolsTest,diskSourceChangesRefreshOnlyTheCanonicalIndexedSource,0.001,False,False,False
com.guillermomolina.protos.lsp.ProtosWorkspaceSymbolSearchTest,usesNfcDefaultCaseFoldAndOrderedSubsequenceEligibility,0.001,False,False,False
com.guillermomolina.protos.parser.ProtosBindingSurfaceNegativeFixtureTest,rejectsNormativelyForbiddenBindingAndObjectSurface,0.001,False,False,False
com.guillermomolina.protos.parser.ProtosGrammarSurfaceNegativeFixtureTest,rejectsNormativelyInvalidParserSurfaceFromProtosSource,0.001,False,False,False
com.guillermomolina.protos.parser.ProtosParserArgumentLayoutTest,layoutBeforeClosingParenthesisRemainsValid,0.001,False,False,False
com.guillermomolina.protos.parser.ProtosParserClosureTest,braceAfterArrowIsAlwaysBracedBodyNotObjectExpression,0.001,False,False,False
com.guillermomolina.protos.parser.ProtosParserClosureTest,rejectsRequiredAfterDefaultFromProtosSyntaxFixture,0.001,False,False,False
com.guillermomolina.protos.parser.ProtosParserClosureTest,newlineAfterArrowContinuesButBareParameterDoesNotLookAcrossNewline,0.001,False,False,False
com.guillermomolina.protos.parser.ProtosParserClosureTest,rejectsDuplicateParametersAndNonFinalRest,0.001,False,False,False
com.guillermomolina.protos.parser.ProtosParserEllipsisContinuationTest,spreadArgumentContinuesAcrossNewlineAfterEllipsis,0.001,False,False,False
com.guillermomolina.protos.parser.ProtosParserFoundationTest,parsesFoundationPrimaryExpressionsAcrossLogicalLines,0.001,False,False,False
com.guillermomolina.protos.parser.ProtosParserMatchTest,rejectsRemovedDedicatedMatchSyntax,0.001,False,False,False
com.guillermomolina.protos.parser.ProtosParserMemberContinuationTest,superSendContinuesAfterSuperBeforeDot,0.001,False,False,False
com.guillermomolina.protos.parser.ProtosParserNonLocalReturnTest,caretAfterAnOrdinaryExpressionIsRejected,0.001,False,False,False
com.guillermomolina.protos.parser.ProtosParserObjectExpressionTest,rejectsDisallowedUnparenthesizedIndexParent,0.001,False,False,False
com.guillermomolina.protos.parser.ProtosParserObjectExpressionTest,objectBodyRequiresRealSeparators,0.001,False,False,False
com.guillermomolina.protos.parser.ProtosParserPostfixFoundationTest,arrayConstructionUsesCallLayoutAndRejectsTrailingComma,0.001,False,False,False
com.guillermomolina.protos.parser.ProtosParserPostfixFoundationTest,leadingDotContinuesACompletedExpressionAcrossNewline,0.001,False,False,False
com.guillermomolina.protos.parser.ProtosParserPostfixFoundationTest,reservedSpellingsAreAcceptedAsStructuralMemberNames,0.001,False,False,False
com.guillermomolina.protos.parser.ProtosParserSlotAssignmentTest,indexedTargetIsAllowedForAssignment,0.001,False,False,False
com.guillermomolina.protos.parser.ProtosParserSlotAssignmentTest,parsesMultipleBareSlotCreationWithoutGeneralizingCommaExpressions,0.001,False,False,False
com.guillermomolina.protos.parser.ProtosParserSourceFactsTest,blockCommentNewlinesDoNotBreakTrailingClosureOrigin,0.001,False,False,False
com.guillermomolina.protos.parser.ProtosParserSuperSendTest,bareSuperAndMethodExtractionAreRejected,0.001,False,False,False
com.guillermomolina.protos.parser.ProtosParserTrailingClosureTest,trailingClosureRemainsUnavailableOnSuperMessageArgumentList,0.001,False,False,False
com.guillermomolina.protos.runtime.ProtosActivationTest,lookupPrefersCurrentContextThenCapturedLexicalContextsThenReceiver,0.001,False,False,False
com.guillermomolina.protos.runtime.ProtosActorDeliveryAdmissionTest,knownPreAcceptanceCancellationRemovesPendingAttemptAndCannotCancelAcceptedWork,0.001,False,False,False
com.guillermomolina.protos.runtime.ProtosActorDeliveryAdmissionTest,cancellationRacingCapacityReleaseProducesOneStableBoundaryOutcome,0.001,False,False,False
com.guillermomolina.protos.runtime.ProtosActorExecutionDomainTest,cancellationRequestedWhileRunningIsObservedCooperatively,0.001,False,False,False
com.guillermomolina.protos.runtime.ProtosActorExecutionDomainTest,cancellationLifecycleSeparatesPendingRequestFromTerminalOutcome,0.001,False,False,False
com.guillermomolina.protos.runtime.ProtosActorExecutionDomainTest,crossActorStructuredOwnershipIsRejected,0.001,False,False,False
com.guillermomolina.protos.runtime.ProtosActorExecutionDomainTest,directRootTaskIsRejectedOnTerminatedActor,0.001,False,False,False
com.guillermomolina.protos.runtime.ProtosActorExecutionDomainTest,fifoQueueProvidesDeterministicWeakFairDispatch,0.001,False,False,False
com.guillermomolina.protos.runtime.ProtosActorExecutionDomainTest,cancellationAndResumeRaceProducesSingleRunnableEntry,0.001,False,False,False
com.guillermomolina.protos.runtime.ProtosActorExecutionDomainTest,directRootTaskStartedOnTerminatingActorIsCancelledBeforeFirstInstruction,0.001,False,False,False
com.guillermomolina.protos.runtime.ProtosActorExecutionDomainTest,freshRootTaskRunsFirstSegmentDirectlyWithoutQueueRoundTrip,0.001,False,False,False
com.guillermomolina.protos.runtime.ProtosActorGroupCommunicationTest,zeroEligibleMembershipBackpressuresUntilInitializingMemberBecomesReady,0.001,False,False,False
com.guillermomolina.protos.runtime.ProtosActorGroupCommunicationTest,groupSendCancellationAndRetryReuseTheOriginalLogicalSnapshot,0.001,False,False,False
com.guillermomolina.protos.runtime.ProtosActorGroupRoutingTest,groupTerminationDoesNotStopMembersAndNeverRetargetsExistingReference,0.001,False,False,False
com.guillermomolina.protos.runtime.ProtosActorIdentityLifecycleTest,concurrentLifecycleCutoversProduceExactlyOneTransition,0.001,False,False,False
com.guillermomolina.protos.runtime.ProtosActorProcessHostRoutingTest,controlTaskAndMailboxSegmentsRunInsideBoundProcessHost,0.001,False,False,False
com.guillermomolina.protos.runtime.ProtosActorPublicApiTest,actorProtocolInstallsIntoTheExactProvidedObjectWithoutAllocatingAReplacement,0.001,False,False,False
com.guillermomolina.protos.runtime.ProtosActorRefValueTest,actorRefDoesNotExposeTargetOrFutureMessagingSurfaceAsPublicJavaApi,0.001,False,False,False
com.guillermomolina.protos.runtime.ProtosActorRemoteTransportTest,remoteRequestTransportUncertaintyFailsWithRequestOutcomeUncertain,0.001,False,False,False
com.guillermomolina.protos.runtime.ProtosActorRemoteTransportTest,remoteSendCancellationAndUncertainRetryReuseOriginalSnapshot,0.001,False,False,False
com.guillermomolina.protos.runtime.ProtosActorTerminationTest,runningDeliveryMayResumeDuringTerminationOnlyForCancellationCleanup,0.001,False,False,False
com.guillermomolina.protos.runtime.ProtosArrayInteropTest,cyclesReturnTheSameGuestArrayWithoutParallelIdentityGraph,0.001,False,False,False
com.guillermomolina.protos.runtime.ProtosArrayInteropTest,arrayExportsExactDenseIndexedState,0.001,False,False,False
com.guillermomolina.protos.runtime.ProtosArrayValueTest,indexedBoundsAreDenseAndSnapshotIsShallowDetachedAndReadOnly,0.001,False,False,False
com.guillermomolina.protos.runtime.ProtosArrayValueTest,closedArrayAllowsReplacementButFrozenArrayRejectsBeforeIndexValidation,0.001,False,False,False
com.guillermomolina.protos.runtime.ProtosByteIoFirstEffectGateTest,positiveFirstEffectBeatsConcurrentCancellationAndWriteCompletes,0.001,False,False,False
com.guillermomolina.protos.runtime.ProtosDynamicControlStateTest,frameCannotBeRemovedThroughAnotherTaskState,0.001,False,False,False
com.guillermomolina.protos.runtime.ProtosDynamicControlStateTest,selectedHandlerCanDeactivateBeforeLifoBoundaryRemoval,0.001,False,False,False
com.guillermomolina.protos.runtime.ProtosEnvironmentSnapshotTest,duplicateEquivalentNativeNamesMakeAcquisitionStablyInvalid,0.001,False,False,False
com.guillermomolina.protos.runtime.ProtosEnvironmentSnapshotTest,processOwnsOneCanonicalEnvironmentSnapshotAndDetachesHostList,0.001,False,False,False
com.guillermomolina.protos.runtime.ProtosExecutionContextValueTest,closedAndFrozenContextsAlsoRejectRemovalOfAPresentLocalSlot,0.001,False,False,False
com.guillermomolina.protos.runtime.ProtosFilesystemNamespaceMutationFlowTest,failingAtomicEffectFailsWithoutSemanticCommitment,0.001,False,False,False
com.guillermomolina.protos.runtime.ProtosFilesystemOpenFlowTest,actorTerminationRequestsOrdinaryPrecommitCancellation,0.001,False,False,False
com.guillermomolina.protos.runtime.ProtosFilesystemTreeObservationFlowTest,backendFailureOrThrowBecomesIoErrorAndCallsUseFreshFutures,0.001,False,False,False
com.guillermomolina.protos.runtime.ProtosFilesystemTreeObservationFlowTest,invalidPathFailsBeforeBackendSeesAuthority,0.001,False,False,False
com.guillermomolina.protos.runtime.ProtosFloatInteropTest,nanAndInfinitiesRemainBinaryFloatingValuesOnly,0.001,False,False,False
com.guillermomolina.protos.runtime.ProtosFloatInteropTest,floatWidthRequiresExactBinary64ToBinary32Preservation,0.001,False,False,False
com.guillermomolina.protos.runtime.ProtosFloatInteropTest,negativeZeroPreservesSignAndNeverClaimsIntegralConversion,0.001,False,False,False
com.guillermomolina.protos.runtime.ProtosGuardedLookupTest,failedCompositionAndFrozenMutationPreserveSelection,0.001,False,False,False
com.guillermomolina.protos.runtime.ProtosGuardedLookupTest,removalRejectsStaleHomeAndRevealsInheritedSelection,0.001,False,False,False
com.guillermomolina.protos.runtime.ProtosIntegerValueRepresentationTest,comparisonAndSemanticIdentityDependOnlyOnTheMathematicalInteger,0.001,False,False,False
com.guillermomolina.protos.runtime.ProtosIntegralInteropTest,floatingWidthClaimsRequireExactMathematicalRoundTrip,0.001,False,False,False
com.guillermomolina.protos.runtime.ProtosIntegralInteropTest,fixedInteropCarrierUsesSameExactProjectionWithoutGuestNumericSemantics,0.001,False,False,False
com.guillermomolina.protos.runtime.ProtosIoLifecycleTest,unknownEffectFailureBeatsCancellationRequestedDuringFirstEffectAttempt,0.001,False,False,False
com.guillermomolina.protos.runtime.ProtosIoLifecycleTest,unknownEffectFailureBeatsDeferredCloseAndThenReleasesLifecycle,0.001,False,False,False
com.guillermomolina.protos.runtime.ProtosIoLifecycleTest,closeCutoverFailsUncommittedWaitsForCommittedAndRejectsLaterWork,0.001,False,False,False
com.guillermomolina.protos.runtime.ProtosIoLifecycleTest,positiveFirstEffectAfterCloseCommitsAndCloseWaitsForTerminalOperation,0.001,False,False,False
com.guillermomolina.protos.runtime.ProtosLexicalBindingAuthoritySeamTest,closeAndFreezeBehaviorRemainsUnchangedThroughTheSeam,0.001,False,False,False
com.guillermomolina.protos.runtime.ProtosObjectInteropTest,ordinaryObjectExportsOnlyExactLocalSlotsInStableSnapshotOrder,0.001,False,False,False
com.guillermomolina.protos.runtime.ProtosObjectInteropTest,inheritedRuntimeFamiliesDoNotAccidentallyReceiveObjectMemberProjection,0.001,False,False,False
com.guillermomolina.protos.runtime.ProtosObjectValueTest,compositionContributionRejectsClosedAndFrozenTargetsWithoutPartialWrites,0.001,False,False,False
com.guillermomolina.protos.runtime.ProtosObjectValueTest,objectRootIsUniqueAndHasNoParent,0.001,False,False,False
com.guillermomolina.protos.runtime.ProtosObjectValueTest,frozenObjectsRejectCreationAndAssignment,0.001,False,False,False
com.guillermomolina.protos.runtime.ProtosPerf006B3ATaskContinuationPublicationTest,pendingCapturePublishesThenResumesThroughCapturedContinuationWithoutReplay,0.001,False,False,False
com.guillermomolina.protos.runtime.ProtosPerf006B6A6A2TaskTerminalLifecycleTest,lifecycleWaitsForStructuredChildDrainBeforeCompletionPublication,0.001,False,False,False
com.guillermomolina.protos.runtime.ProtosPerf006B6A6A2TaskTerminalLifecycleTest,lifecycleCardinalityIsOneAndPostTerminalInstallationIsRejected,0.001,False,False,False
com.guillermomolina.protos.runtime.ProtosPerf006B6A6A2TaskTerminalLifecycleTest,failedAndCancelledTasksDeliverExactTerminalOutcome,0.001,False,False,False
com.guillermomolina.protos.runtime.ProtosPerf006B6A6A2TaskTerminalLifecycleTest,completedTaskRunsLifecycleExactlyOnceAfterDomainTerminalPublication,0.001,False,False,False
com.guillermomolina.protos.runtime.ProtosPerf019TargetedContinuationHandoffTest,targetedCompletionHandsOffOnlyItsExactContinuationAndPreservesUnrelatedFifo,0.001,False,False,False
com.guillermomolina.protos.runtime.ProtosPerf025ArraySnapshotGenerationTest,constructorIsolationAndSourceFreezeCowInsteadOfEagerSnapshotCopy,0.001,False,False,False
com.guillermomolina.protos.runtime.ProtosPerf025G1LazyTaskChildrenTest,normalCompletionWaitsForLiveChildrenPerParent,0.001,False,False,False
com.guillermomolina.protos.runtime.ProtosPerf025G1LazyTaskChildrenTest,childlessTaskCompletesWithoutMaterializingChildren,0.001,False,False,False
com.guillermomolina.protos.runtime.ProtosPerf025G2RootTaskBookkeepingTest,liveTaskRegistryAndStructuredParentAvoidGeneralPurposePerTaskBookkeeping,0.001,False,False,False
com.guillermomolina.protos.runtime.ProtosPerf025IdentityMapSnapshotGenerationTest,unpublishedMutationStaysInPlaceAndSnapshotsReuseViews,0.001,False,False,False
com.guillermomolina.protos.runtime.ProtosPerf025IdentityMapSnapshotGenerationTest,sourceKeepsSnapshotsLazyAndStructuredEachRetainsView,0.001,False,False,False
com.guillermomolina.protos.runtime.ProtosPlat029IoOperationRunnableSeamTest,runningOperationCoalescesRepeatedReadinessIntoOneLaterSegment,0.001,False,False,False
com.guillermomolina.protos.runtime.ProtosPreludeTest,retainsTheValidatedErrorIdentityWithoutEagerOtherBindings,0.001,False,False,False
com.guillermomolina.protos.runtime.ProtosPreludeTest,lazilyRejectsMissingArrayBindingWithUnchangedFailure,0.001,False,False,False
com.guillermomolina.protos.runtime.ProtosProcessArgumentsSnapshotTest,bootstrapCaptureIsStableAndDetachedFromLaterHostMutation,0.001,False,False,False
com.guillermomolina.protos.runtime.ProtosProcessCapabilityTransferTest,runtimeProvisioningCreatesDistinctLocalWrappersToOneProcessAuthority,0.001,False,False,False
com.guillermomolina.protos.runtime.ProtosProcessRuntimeTest,processTerminationWaitsForActorCancellationUnwind,0.001,False,False,False
com.guillermomolina.protos.runtime.ProtosProcessRuntimeTest,processOwnsOneRootAndHostedActorSet,0.001,False,False,False
com.guillermomolina.protos.runtime.ProtosRepresentedValueLookupTest,representedLookupExtensionDoesNotRequireCentralDispatcherCases,0.001,False,False,False
com.guillermomolina.protos.runtime.ProtosReturnHomeTest,objectConstructionPreservesEnclosingReturnHome,0.001,False,False,False
com.guillermomolina.protos.runtime.ProtosSimpleScalarInteropDisplayTest,displayDoesNotChangePreviouslyPublishedScalarFacets,0.001,False,False,False
com.guillermomolina.protos.runtime.ProtosTcpConnectionFoundationTest,connectionIsOrdinaryOpenObjectWithOpaqueRuntimeState,0.001,False,False,False
com.guillermomolina.protos.semantic.CanonicalizerArithmeticTest,lowersAdditiveOperatorToOrdinaryMessageSend,0.001,False,False,False
com.guillermomolina.protos.semantic.CanonicalizerComparisonTest,lowersEveryComparisonOperatorToOrdinaryMessageSend,0.001,False,False,False
com.guillermomolina.protos.semantic.CanonicalizerComparisonTest,preservesArithmeticPrecedenceInsideComparison,0.001,False,False,False
com.guillermomolina.protos.semantic.CanonicalizerEqualityTest,lowersNonIdentityToDedicatedNonDispatchableCanonicalNode,0.001,False,False,False
com.guillermomolina.protos.semantic.CanonicalizerEqualityTest,lowersSemanticEqualityToOrdinaryMessageSend,0.001,False,False,False
com.guillermomolina.protos.semantic.CanonicalizerFoundationTest,canonicalizesMemberReceiverRecursively,0.001,False,False,False
com.guillermomolina.protos.semantic.CanonicalizerFoundationTest,lowersLiteralAndNameToCanonicalLeafNodes,0.001,False,False,False
com.guillermomolina.protos.semantic.CanonicalizerFoundationTest,rejectsUnsupportedBinarySurfaceNode,0.001,False,False,False
com.guillermomolina.protos.semantic.CanonicalizerIndexTest,lowersIndexedReadToAtMessageSend,0.001,False,False,False
com.guillermomolina.protos.semantic.CanonicalizerIndexedAssignmentTest,lowersIndexedAssignmentToDedicatedCanonicalOperation,0.001,False,False,False
com.guillermomolina.protos.semantic.CanonicalizerLazyBooleanTest,keepsRightHandSideInsideClosureInsteadOfEvaluatingItEagerly,0.001,False,False,False
com.guillermomolina.protos.semantic.CanonicalizerLiteralKindTest,mapsEverySurfaceLiteralKindToCanonicalLiteralKind,0.001,False,False,False
com.guillermomolina.protos.semantic.CanonicalizerMapConstructionTest,preservesDedicatedSequentialConstructionWithOrdinaryMapLookup,0.001,False,False,False
com.guillermomolina.protos.semantic.CanonicalizerObjectTest,lowersObjectWithoutExplicitParent,0.001,False,False,False
com.guillermomolina.protos.semantic.CanonicalizerObjectTest,lowersCompositionItemToCanonicalCompose,0.001,False,False,False
com.guillermomolina.protos.semantic.CanonicalizerObjectTest,objectReportsDirectLocalDeclarationsAsCompositionReservations,0.001,False,False,False
com.guillermomolina.protos.semantic.CanonicalizerReturnTest,lowersNonLocalReturnToCanonicalReturn,0.001,False,False,False
com.guillermomolina.protos.semantic.CanonicalizerSlotWriteTest,lowersBareSlotCreationToImplicitTargetCreate,0.001,False,False,False
com.guillermomolina.protos.semantic.CanonicalizerSpreadTest,preservesSpreadMarkerInMemberSendArguments,0.001,False,False,False
com.guillermomolina.protos.analysis.ProtosProjectBindingTest,bindingRequiresCompleteProjectionCoverageAndCanonicalRootWitness,0.0,False,False,False
com.guillermomolina.protos.analysis.ProtosProjectBindingTest,carrierDoesNotInterpretFreshnessWitnessContent,0.0,False,False,False
com.guillermomolina.protos.analysis.ProtosProjectBindingTest,bindingRejectsForeignEscapingAndDuplicateSourceIdentities,0.0,False,False,False
com.guillermomolina.protos.analysis.ProtosSourceLayoutViewTest,projectsBlankLinePresenceWithoutTreatingCommentLinesAsBlank,0.0,False,False,False
com.guillermomolina.protos.analysis.ProtosSourceLayoutViewTest,carriesParserSourceFactsWithoutChangingOrdinaryParsePath,0.0,False,False,False
com.guillermomolina.protos.analysis.ProtosSourceLayoutViewTest,classifiesAndStructurallyAttachesComments,0.0,False,False,False
com.guillermomolina.protos.analysis.ProtosSourceLayoutViewTest,preservationProjectionCarriesNoSourceOffsets,0.0,False,False,False
com.guillermomolina.protos.analysis.ProtosSourceLayoutViewTest,structuralPathsReuseCanonicalSurfaceNodes,0.0,False,False,False
com.guillermomolina.protos.analysis.ProtosStaticAnalysisCoreTest,snapshotIdentityMetadataRemainsOpaqueToParserAuthority,0.0,False,False,False
com.guillermomolina.protos.analysis.ProtosStaticAnalysisCoreTest,projectsUnexpectedTokenFailureWithoutProtocolTranslation,0.0,False,False,False
com.guillermomolina.protos.analysis.ProtosStaticAnalysisCoreTest,parsesUnexecutedSnapshotThroughTheRealParserAuthority,0.0,False,False,False
com.guillermomolina.protos.analysis.ProtosStaticAnalysisSessionTest,equivalentReplacementDoesNotInventHostIdentityStaleness,0.0,False,False,False
com.guillermomolina.protos.analysis.ProtosStaticAnalysisSessionTest,documentMutationRequiresAnOpenWorkspaceButQueriesAreEmptyWhenAbsent,0.0,False,False,False
com.guillermomolina.protos.analysis.ProtosStaticAnalysisSessionTest,partitionsSameDocumentIdentityAcrossIndependentWorkspaces,0.0,False,False,False
com.guillermomolina.protos.analysis.ProtosStaticAnalysisSessionTest,replacementKeepsVersionOpaqueAndMarksOldResultStale,0.0,False,False,False
com.guillermomolina.protos.analysis.ProtosStaticAnalysisSessionTest,removingDocumentOrWorkspaceInvalidatesCapturedResultsLocally,0.0,False,False,False
com.guillermomolina.protos.analysis.ProtosStaticDefinitionsTest,resolvesSameActivationClosureParameterBeforeOpaqueEffects,0.0,False,False,False
com.guillermomolina.protos.analysis.ProtosStaticDefinitionsTest,doesNotPromoteOuterCaptureToGenerationOneDefinition,0.0,False,False,False
com.guillermomolina.protos.analysis.ProtosStaticDefinitionsTest,sessionResultRetainsExactSnapshotFreshness,0.0,False,False,False
com.guillermomolina.protos.analysis.ProtosStaticDefinitionsTest,appliesLeftToRightParameterInstallationInsideDefaults,0.0,False,False,False
com.guillermomolina.protos.analysis.ProtosStaticDefinitionsTest,doesNotTreatLazyBooleanRightOperandAsSameActivation,0.0,False,False,False
com.guillermomolina.protos.analysis.ProtosStaticDefinitionsTest,mapConstructionFactoryInvocationInvalidatesFactsBeforeFirstEntry,0.0,False,False,False
com.guillermomolina.protos.analysis.ProtosStaticDefinitionsTest,invalidatesExactFactsAfterGuestInvocationButNotBeforeIt,0.0,False,False,False
com.guillermomolina.protos.analysis.ProtosStaticReferencesTest,unprovenReferenceAfterOpaqueBarrierReturnsNoResult,0.0,False,False,False
com.guillermomolina.protos.analysis.ProtosStaticReferencesTest,exactReferenceAndDeclarationSeedsReturnSameParameterReferences,0.0,False,False,False
com.guillermomolina.protos.analysis.ProtosStaticReferencesTest,sessionResultRetainsExactSnapshotFreshness,0.0,False,False,False
com.guillermomolina.protos.analysis.ProtosStaticReferencesTest,arrayConstructionDoesNotInventTextualArrayReference,0.0,False,False,False
com.guillermomolina.protos.cli.ProtosCli008DDiagnosticReconciliationTest,signalFallbackWithoutTraceShowsSummaryOnly,0.0,False,False,False
com.guillermomolina.protos.cli.ProtosCli008DDiagnosticReconciliationTest,workspaceFailedOutcomeRendersItsTraceExactlyOnce,0.0,False,False,False
com.guillermomolina.protos.cli.ProtosDiagnosticInspectorTest,ordinaryObjectsExposeOnlyLocalSlotsAndDetectCycles,0.0,False,False,False
com.guillermomolina.protos.cli.ProtosDiagnosticInspectorTest,nestedObjectDepthIsBounded,0.0,False,False,False
com.guillermomolina.protos.cli.ProtosDiagnosticInspectorTest,byteSequencesExposeOnlyBoundedSemanticContent,0.0,False,False,False
com.guillermomolina.protos.cli.ProtosDiagnosticInspectorTest,multilineLayoutIndentsNestedStructuredValues,0.0,False,False,False
com.guillermomolina.protos.cli.ProtosDiagnosticInspectorTest,stringsAreQuotedEscapedAndSourceLikeForDiagnostics,0.0,False,False,False
com.guillermomolina.protos.cli.ProtosDiagnosticInspectorTest,collectionItemAndOutputGrowthAreBounded,0.0,False,False,False
com.guillermomolina.protos.cli.ProtosDiagnosticInspectorTest,wideStructuredValueSwitchesToDeterministicMultilineLayout,0.0,False,False,False
com.guillermomolina.protos.cli.ProtosDiagnosticInspectorTest,authorityAndDisplayDeferredFamiliesRemainOpaque,0.0,False,False,False
com.guillermomolina.protos.cli.ProtosTestToolH2B3PublicIntegrationTest,publicMainUsesOneGraphDrivenLogicalCaseRunnerPathForAllSuites,0.0,False,False,False
com.guillermomolina.protos.cli.ProtosTestToolI8D5CPublicCutoverTest,publicMainIsLogicalOnlyAndReturnsOneFinalOutcome,0.0,False,False,False
com.guillermomolina.protos.documentation.ProtosDocumentationModelTest,markdownLineEndingsAreCanonicalizedWithoutChangingItsContentModel,0.0,False,False,False
com.guillermomolina.protos.documentation.ProtosSourceDocumentationTest,rejectsMultipleModuleDocumentationBlocks,0.0,False,False,False
com.guillermomolina.protos.execution.CanonicalBareSlotMutationExecutionTest,bareAssignmentPrefersCurrentThenCapturedThenReceiverLocal,0.0,False,False,False
com.guillermomolina.protos.execution.CanonicalBareSlotMutationExecutionTest,bareCreationCreatesOnlyInCurrentContextAndReturnsValue,0.0,False,False,False
com.guillermomolina.protos.execution.CanonicalBareSlotMutationExecutionTest,duplicateBareCreationSignalsCoreError,0.0,False,False,False
com.guillermomolina.protos.execution.CanonicalBindingAnalyzerTest,parameterIdentityExistsBeforeSemanticPresence,0.0,False,False,False
com.guillermomolina.protos.execution.CanonicalBindingAnalyzerTest,currentVersusOuterClassificationRetainsStaticLexicalDepth,0.0,False,False,False
com.guillermomolina.protos.execution.CanonicalBindingAnalyzerTest,bindingAnalysisWiringDoesNotChangeRuntimeLexicalResult,0.0,False,False,False
com.guillermomolina.protos.execution.CanonicalBindingAnalyzerTest,explicitMemberTargetsRemainOutsideTheLexicalBindingModel,0.0,False,False,False
com.guillermomolina.protos.execution.CanonicalBindingAnalyzerTest,unresolvableNameRetainsExactDynamicClassification,0.0,False,False,False
com.guillermomolina.protos.execution.CanonicalBindingAnalyzerTest,sameNameBindingsInDifferentOwnersHaveDistinctIdentities,0.0,False,False,False
com.guillermomolina.protos.execution.CanonicalBindingAnalyzerTest,assignmentDestinationResolvesLikeAReadAtTheSameProgramPoint,0.0,False,False,False
com.guillermomolina.protos.execution.CanonicalBindingAnalyzerTest,repeatedReferencesToSameBindingRetainSameIdentity,0.0,False,False,False
com.guillermomolina.protos.execution.CanonicalClosureMaterializationTest,closureCreatedDuringObjectConstructionSkipsConstructionObject,0.0,False,False,False
com.guillermomolina.protos.execution.CanonicalClosureMaterializationTest,evaluatingClosureLiteralCreatesFreshClosureIdentity,0.0,False,False,False
com.guillermomolina.protos.execution.CanonicalClosureMaterializationTest,closureCapturesCurrentThenExistingLexicalContextsByReference,0.0,False,False,False
com.guillermomolina.protos.execution.CanonicalClosureMaterializationTest,closureMaterializationDoesNotExecuteItsBody,0.0,False,False,False
com.guillermomolina.protos.execution.CanonicalCompositionExecutionTest,directLocalDeclarationReservesNameRegardlessOfTextualPosition,0.0,False,False,False
com.guillermomolina.protos.execution.CanonicalCompositionExecutionTest,compositionCopiesLocalBindingsAndMakesThemVisibleToLaterItems,0.0,False,False,False
com.guillermomolina.protos.execution.CanonicalExplicitMemberMutationExecutionTest,explicitCreationCreatesLocalSlotAndReturnsRhs,0.0,False,False,False
com.guillermomolina.protos.execution.CanonicalExplicitMemberMutationExecutionTest,explicitMutationSignalsCoreErrorForNonOrdinaryRuntimeTargetInThisSlice,0.0,False,False,False
com.guillermomolina.protos.execution.CanonicalLookupExecutionTest,canonicalLookupReadsCurrentContext,0.0,False,False,False
com.guillermomolina.protos.execution.CanonicalLookupExecutionTest,canonicalLookupUsesCapturedLexicalContextsBeforeReceiver,0.0,False,False,False
com.guillermomolina.protos.execution.CanonicalLookupExecutionTest,canonicalLookupFallsThroughToReceiverDelegation,0.0,False,False,False
com.guillermomolina.protos.execution.CanonicalMemberReadExecutionTest,memberReadDelegatesToNearestParent,0.0,False,False,False
com.guillermomolina.protos.execution.CanonicalMemberReadExecutionTest,memberReadSignalsCoreErrorWhenSlotIsMissing,0.0,False,False,False
com.guillermomolina.protos.execution.CanonicalMemberReadExecutionTest,memberReadReturnsExactLocalValue,0.0,False,False,False
com.guillermomolina.protos.execution.CanonicalObjectExecutionTest,explicitParentIsEvaluatedBeforeBodyAndBecomesImmutableParent,0.0,False,False,False
com.guillermomolina.protos.execution.CanonicalObjectExecutionTest,bareObjectUsesObjectAsParentAndReturnsConstructedObject,0.0,False,False,False
com.guillermomolina.protos.execution.ExtractedClosureBindingExecutionTest,inheritedClosureReadBindsDynamicReceiverAndLookupHome,0.0,False,False,False
com.guillermomolina.protos.execution.ProtosA4B3ProductionEntryArchitectureTest,moduleAndInitialModuleProductionRoutesRemainPublicParseHosted,0.0,False,False,False
com.guillermomolina.protos.execution.ProtosClosureInvokerTest,preparedBytecodeInvocationCompletesOwnedReturnHome,0.0,False,False,False
com.guillermomolina.protos.execution.ProtosCoreContextSourceTest,coreSourceConstructsContextAsAnOrdinaryObject,0.0,False,False,False
com.guillermomolina.protos.execution.ProtosDiagnosticRootIdentityTest,selectorIsFixedWidthAndAddressFree,0.0,False,False,False
com.guillermomolina.protos.execution.ProtosDiagnosticRootIdentityTest,missingStableMetadataFailsClosed,0.0,False,False,False
com.guillermomolina.protos.execution.ProtosDiagnosticRootIdentityTest,inactiveByDefaultSoOrdinaryRootNamingIsUnchanged,0.0,False,False,False
com.guillermomolina.protos.execution.ProtosExactExternalPackageIdentityTest,registryAndGitRemainDistinctDomainsWithOtherwiseEqualFields,0.0,False,False,False
com.guillermomolina.protos.execution.ProtosExternalPackageModuleKeyTest,everyIdentityComponentAndTheLogicalModuleDistinguishKeys,0.0,False,False,False
com.guillermomolina.protos.execution.ProtosExternalPackageModuleKeyTest,workspaceAndExternalDomainsAreDisjoint,0.0,False,False,False
com.guillermomolina.protos.execution.ProtosExternalPackageModuleKeyTest,sameContentUnderDistinctLogicalIdentitiesYieldsDistinctKeys,0.0,False,False,False
com.guillermomolina.protos.execution.ProtosExternalPackageResourceScopeTest,workspaceOnlyPlanNeedsNoCustody,0.0,False,False,False
com.guillermomolina.protos.execution.ProtosForeignProviderLifecycleTest,firstUseOpensOneCompartmentAndOneSessionAmongTenActors,0.0,False,False,False
com.guillermomolina.protos.execution.ProtosForeignProviderLifecycleTest,zeroUseRuntimeHostProcessAndActorsStayCompletelyLazy,0.0,False,False,False
com.guillermomolina.protos.execution.ProtosForeignProviderLifecycleTest,failedSessionConstructionIsNotCachedAndCanRetry,0.0,False,False,False
com.guillermomolina.protos.execution.ProtosForeignProviderLifecycleTest,unknownProviderFailsWithoutInvokingAnyFactory,0.0,False,False,False
com.guillermomolina.protos.execution.ProtosForeignProviderLifecycleTest,actorOfAnotherProcessIsRejectedWithoutInvokingFactory,0.0,False,False,False
com.guillermomolina.protos.execution.ProtosForeignProviderRegistryTest,emptyDescriptorListYieldsSharedEmptyRegistry,0.0,False,False,False
com.guillermomolina.protos.execution.ProtosForeignProviderRegistryTest,exactIdentityLookupReturnsRegisteredDescriptor,0.0,False,False,False
com.guillermomolina.protos.execution.ProtosForeignProviderRegistryTest,registryIsDetachedFromItsConstructionInput,0.0,False,False,False
com.guillermomolina.protos.execution.ProtosForeignPullEachTest,pullIterationHasNoCallbackBridgeAndGrantsNoHostAuthority,0.0,False,False,False
com.guillermomolina.protos.execution.ProtosHostResourceCloseTest,hostIoFailureReportsFalse,0.0,False,False,False
com.guillermomolina.protos.execution.ProtosI026EScopeTest,debuggerScopeExposesExactActivationLanguageAndDisplayIdentity,0.0,False,False,False
com.guillermomolina.protos.execution.ProtosI026EScopeTest,scopeIsReadOnly,0.0,False,False,False
com.guillermomolina.protos.execution.ProtosI068Slice4SequentialParameterLoweringTest,parameterBackedContextRemainsObservableAfterActivationReturns,0.0,False,False,False
com.guillermomolina.protos.execution.ProtosI068Slice5CapturedMaterializedLexicalLoweringTest,presentNullCapturedBindingRemainsDistinctFromAbsent,0.0,False,False,False
com.guillermomolina.protos.execution.ProtosI068Slice7ActivationLexicalDecompositionTest,dynamicReadRetainsExactGenericFallback,0.0,False,False,False
com.guillermomolina.protos.execution.ProtosI068Slice7ActivationLexicalDecompositionTest,activationNoLongerOwnsGenericLexicalReadOrWriteResolvers,0.0,False,False,False
com.guillermomolina.protos.execution.ProtosI072PhaseDPreparedCallSeparationTest,preparedClosureCallIsADispatchInterfaceNotAUniversalCarrier,0.0,False,False,False
com.guillermomolina.protos.execution.ProtosI072PhaseDPreparedCallSeparationTest,ordinarySourceCallNeverPhysicallyDeclaresSpecialCallState,0.0,False,False,False
com.guillermomolina.protos.execution.ProtosIdentityMapConformanceTest,identityHashesAreCoherent,0.0,False,False,False
com.guillermomolina.protos.execution.ProtosLm009DDebugRuntimeHostTest,nonReadinessGraalInfoIsDiagnosticNotControlOutput,0.0,False,False,False
com.guillermomolina.protos.execution.ProtosLm009DDebugRuntimeHostTest,readinessAdapterRejectsNonLoopbackEndpoint,0.0,False,False,False
com.guillermomolina.protos.execution.ProtosLm009DDebugRuntimeHostTest,readinessAdapterHandlesFragmentedIpv4StartupLine,0.0,False,False,False
com.guillermomolina.protos.execution.ProtosModuleSourceIdentityTest,resolverPayloadDoesNotOwnContextSpecificTruffleObjects,0.0,False,False,False
com.guillermomolina.protos.execution.ProtosNioConfinedFilesystemBackendTest,sourceSymlinkIsMovedAsTheEntryRatherThanFollowingItsReferent,0.0,False,False,False
com.guillermomolina.protos.execution.ProtosNioConfinedFilesystemBackendTest,replaceMovesAllowedEntryToAbsentTarget,0.0,False,False,False
com.guillermomolina.protos.execution.ProtosNioConfinedFilesystemBackendTest,replaceAtomicallyReplacesExistingTargetWhenProviderSupportsIt,0.0,False,False,False
com.guillermomolina.protos.execution.ProtosNioConfinedFilesystemBackendTest,mutableAllowlistRejectsUncoveredSourceOrTargetBeforeAnyEffect,0.0,False,False,False
com.guillermomolina.protos.execution.ProtosPackageContentIdentityV1ConformanceTest,varuintBoundaryVectorsRemainCanonicalAndNotSixtyFourBitBound,0.0,False,False,False
com.guillermomolina.protos.execution.ProtosPackageContentIdentityV1ConformanceTest,framingAndExactCaseKeepDistinctTreesDistinct,0.0,False,False,False
com.guillermomolina.protos.execution.ProtosPackageToolFilesystemSecurityTest,readOnlyMetadataBackendFailsClosedWithoutSecureProvider,0.0,False,False,False
com.guillermomolina.protos.execution.ProtosPerf006B1BytecodeLiteralSequenceTest,bytecodeRootRetainsExactLazySourceOwnership,0.0,False,False,False
com.guillermomolina.protos.execution.ProtosPerf006B2AClosureActivationTest,spreadDefaultLowersAfterInvocationSpreadMigration,0.0,False,False,False
com.guillermomolina.protos.execution.ProtosPerf006B2AClosureActivationTest,bytecodeClosureBodyPreservesCapturedLexicalLookup,0.0,False,False,False
com.guillermomolina.protos.execution.ProtosPerf006B2C3ARestBindingTest,restCapturesOnlyUnconsumedSuppliedSuffixAsFreshFrozenArray,0.0,False,False,False
com.guillermomolina.protos.execution.ProtosPerf006B2D3BSelectedStandardObjectCallIntrinsicTest,oneParenthesizedCallKeepsExactlyOneCallTagAtExactSource,0.0,False,False,False
com.guillermomolina.protos.execution.ProtosPerf006B2D4AComposedCallTargetTest,callResultCanBecomeTheTargetOfAnotherCall,0.0,False,False,False
com.guillermomolina.protos.execution.ProtosPerf006B2D4BComposedSendReceiverTest,defaultSendSpreadLowersAfterMigration,0.0,False,False,False
com.guillermomolina.protos.execution.ProtosPerf006B2D5ABodyCallSpreadTest,earlierSpreadSnapshotSurvivesLaterArgumentSuspension,0.0,False,False,False
com.guillermomolina.protos.execution.ProtosPerf006B2D5ABodyCallSpreadTest,ordinaryAndSpreadItemsFlattenInSourceOrder,0.0,False,False,False
com.guillermomolina.protos.execution.ProtosPerf006B2D5CDefaultSpreadTest,defaultCallSpreadFlattensMultipleSpreadsInSourceOrder,0.0,False,False,False
com.guillermomolina.protos.execution.ProtosPerf006B2D5CDefaultSpreadTest,suppliedArgumentSkipsSpreadDefaultCompletely,0.0,False,False,False
com.guillermomolina.protos.execution.ProtosPerf006B3CSuspensionCapableNativeLeafTest,capabilityProvenanceSurvivesOrdinaryMethodBinding,0.0,False,False,False
com.guillermomolina.protos.execution.ProtosPerf006B4ATransferSubstrateTest,guestErrorLaneIsTruffleCatchableWithoutReplacingTheProtosOccurrence,0.0,False,False,False
com.guillermomolina.protos.execution.ProtosPerf006B4ATransferSubstrateTest,internalControlFamiliesStayDistinctFromTheGuestErrorLane,0.0,False,False,False
com.guillermomolina.protos.execution.ProtosPerf006B4ATransferSubstrateTest,bridgeIsPackagePrivateAndCarriesNoGlobalMutableAuthority,0.0,False,False,False
com.guillermomolina.protos.execution.ProtosPerf006B5ABytecodeDebuggerScopeTest,bytecodeTagTreeScopeUsesExactActivationLookupAuthority,0.0,False,False,False
com.guillermomolina.protos.execution.ProtosPerf006B5ABytecodeDebuggerScopeTest,bytecodeTagTreeScopeFailsClosedWithoutActivation,0.0,False,False,False
com.guillermomolina.protos.execution.ProtosPerf006B6BFinalConformanceArchitectureTest,publicParseAndCooperativeRootTaskAreBytecodeOnly,0.0,False,False,False
com.guillermomolina.protos.execution.ProtosPerf006C1OptimizingRuntimeClosureTest,surefireUsesExactOptimizingRuntimeWithoutSuppression,0.0,False,False,False
com.guillermomolina.protos.execution.ProtosPerf006C1OptimizingRuntimeClosureTest,checkoutPackagingKeepsOptimizerOutsideShadedJar,0.0,False,False,False
com.guillermomolina.protos.execution.ProtosPerf006C2PortableRuntimeReconciliationTest,portableDistributionIsDerivedFromCanonicalRootPomRuntimePlane,0.0,False,False,False
com.guillermomolina.protos.execution.ProtosPerf010APreparedTargetSpecializationTest,freshClosureAndReceiverMaterializationsOfTheSameDefinitionRemainCorrectPastTheCacheLimit,0.0,False,False,False
com.guillermomolina.protos.execution.ProtosPerf010APreparedTargetSpecializationTest,replacingSelectedClosureAfterCacheWarmupMissesTheStaleHit,0.0,False,False,False
com.guillermomolina.protos.execution.ProtosPerf012FrameLexicalLayoutTest,layoutRecordsThePublicLocalOffsetOfEachOrdinal,0.0,False,False,False
com.guillermomolina.protos.execution.ProtosPerf012FrameLexicalLayoutTest,presentNullBindingRemainsDistinctFromAbsentOnTheSharedLayout,0.0,False,False,False
com.guillermomolina.protos.execution.ProtosPerf012FrameLexicalLayoutTest,layoutRejectsDuplicateNames,0.0,False,False,False
com.guillermomolina.protos.execution.ProtosPerf012FrameLexicalLayoutTest,layoutDescribesDeclarationOrderNamesAndOrdinalsExactly,0.0,False,False,False
com.guillermomolina.protos.execution.ProtosPerf013SliceB1MaterializedCapturedReadTest,parameterDefaultClosureUsesMaterializedAccessorForOwnerParameter,0.0,False,False,False
com.guillermomolina.protos.execution.ProtosPerf013SliceB1MaterializedCapturedReadTest,capturedReadObservesLaterMutationByReference,0.0,False,False,False
com.guillermomolina.protos.execution.ProtosPerf013SliceB1MaterializedCapturedReadTest,closureInsideObjectBodyCapturesOuterLexicalNotObjectSlot,0.0,False,False,False
com.guillermomolina.protos.execution.ProtosPerf013SliceB1MaterializedCapturedReadTest,ordinaryCapturedReadUsesMaterializedAccessorFastPath,0.0,False,False,False
com.guillermomolina.protos.execution.ProtosPerf013SliceB2MaterializedCapturedWriteTest,closedDestinationRemainsWritable,0.0,False,False,False
com.guillermomolina.protos.execution.ProtosPerf013SliceB2MaterializedCapturedWriteTest,closureInsideObjectBodyWritesOuterLexicalNotObjectSlot,0.0,False,False,False
com.guillermomolina.protos.execution.ProtosPerf013SliceB2MaterializedCapturedWriteTest,rhsRemoveThenRecreateSameSelectedOwnerStillReceivesTheWrite,0.0,False,False,False
com.guillermomolina.protos.execution.ProtosPerf014DirectClosureCallSpecializationTest,monomorphicDirectClosureCallReturnsExpectedResultAcrossRepeatedInvocations,0.0,False,False,False
com.guillermomolina.protos.execution.ProtosPerf014DirectClosureCallSpecializationTest,argumentBearingDirectClosureCallRemainsCorrectAcrossRepeatedInvocations,0.0,False,False,False
com.guillermomolina.protos.execution.ProtosPerf025D179LexicalMembershipStabilityReadTest,independentLayoutsNeverSharePresenceContinuityTokens,0.0,False,False,False
com.guillermomolina.protos.execution.ProtosPerf025FrameMaterializationSliceTest,noLexicalAuthorityOrToolingViewRetainsAVirtualFrame,0.0,False,False,False
com.guillermomolina.protos.execution.ProtosPerf025MapPhysicalIndexTest,identityMapIndexUsesSemanticIdentityHashWithoutJavaIdentityAssumption,0.0,False,False,False
com.guillermomolina.protos.execution.ProtosPerf025StringProofPreservationTest,standardStringProductivePathsDoNotForgetEstablishedUnicodeProof,0.0,False,False,False
com.guillermomolina.protos.execution.ProtosPerf028AResolvedCurrentLexicalWriteTest,defaultExpressionAssignmentUsesTheSameCurrentAccessorPath,0.0,False,False,False
com.guillermomolina.protos.execution.ProtosPerf028AResolvedCurrentLexicalWriteTest,presentCurrentWriteUsesConstantAccessorAndReturnsTheExactRhs,0.0,False,False,False
com.guillermomolina.protos.execution.ProtosPerf028AResolvedCurrentLexicalWriteTest,closedCurrentContextRemainsWritable,0.0,False,False,False
com.guillermomolina.protos.execution.ProtosPerf028AResolvedCurrentLexicalWriteTest,currentSelectedBeforeRhsIsNotRetargetedBySameNameCreationElsewhere,0.0,False,False,False
com.guillermomolina.protos.execution.ProtosPerf028AResolvedCurrentLexicalWriteTest,currentAbsentAtSelectionWritesReceiverOwnSlot,0.0,False,False,False
com.guillermomolina.protos.execution.ProtosPerf033CanonicalCallableInteropTest,noPrivatePolyglotImplementationDependency,0.0,False,False,False
com.guillermomolina.protos.execution.ProtosPlat036Slice3FrameBackedCurrentLocalTest,presentNullRemainsDistinctFromAbsentForAFrameBackedBinding,0.0,False,False,False
com.guillermomolina.protos.execution.ProtosPlat036Slice3FrameBackedCurrentLocalTest,objectBodyBindingIsNotFrameLoweredAndRemainsOrdinaryObjectState,0.0,False,False,False
com.guillermomolina.protos.execution.ProtosPlat036Slice3FrameBackedCurrentLocalTest,bareAssignmentOfACurrentBindingWritesTheSameAuthoritativeFrameBackedValue,0.0,False,False,False
com.guillermomolina.protos.execution.ProtosSemanticTransferFamilyTest,destinationFailureOfAValidatedRecordIsAnInternalInconsistencyNotAGuestError,0.0,False,False,False
com.guillermomolina.protos.execution.ProtosSemanticTransferFamilyTest,closureExecutionAndResourceRulesAreUnchanged,0.0,False,False,False
com.guillermomolina.protos.execution.ProtosSemanticTransferFamilyTest,actorSourceStageExtractsSynchronouslyIntoInternalRecordsWithoutMaterializing,0.0,False,False,False
com.guillermomolina.protos.execution.ProtosSemanticTransferFamilyTest,oneRecordMaterializesIndependentlyPerRecipient,0.0,False,False,False
com.guillermomolina.protos.execution.ProtosSemanticTransferFamilyTest,ordinaryGraphTransferNeitherConsultsFamiliesNorImportsNorPaysMaterialization,0.0,False,False,False
com.guillermomolina.protos.execution.ProtosSemanticTransferFamilyTest,pSourceAndDestinationStagesAreSeparateWithAliasesDistinctIdentitiesAndCycles,0.0,False,False,False
com.guillermomolina.protos.execution.ProtosSourceCompilerTest,compiledObjectSourceUsesOrdinaryObjectExecution,0.0,False,False,False
com.guillermomolina.protos.execution.ProtosSourceCompilerTest,compilesCompleteSourceThroughParserCanonicalizerAndBytecodeLowerer,0.0,False,False,False
com.guillermomolina.protos.execution.ProtosSourceCompilerTest,parserFailuresPropagateWithoutCreatingAnExecutionTarget,0.0,False,False,False
com.guillermomolina.protos.execution.ProtosSourceFileLoaderTest,missingSourceFilePropagatesHostLoadingFailure,0.0,False,False,False
com.guillermomolina.protos.execution.ProtosSourceReadabilityAuthorityTest,independentAuthoritiesDoNotShareAdmissions,0.0,False,False,False
com.guillermomolina.protos.execution.ProtosStandardLibraryModuleResolverTest,reservedCoreAndWindowsDeviceSegmentsAreRejected,0.0,False,False,False
com.guillermomolina.protos.execution.ProtosStandardNumericConversionTest,exactIntegralBinary64ExtractionUsesActualBinaryValue,0.0,False,False,False
com.guillermomolina.protos.execution.ProtosTestToolActorGroupOwnershipArchitectureTest,bundledProtosRetainsCompleteActorAndGroupCorpusOwnershipEvidence,0.0,False,False,False
com.guillermomolina.protos.execution.ProtosTestToolActorGroupOwnershipArchitectureTest,duplicateJavaActorAndGroupCorpusPolicyOwnersStayRetired,0.0,False,False,False
com.guillermomolina.protos.execution.ProtosTestToolFileSelectionMainAdoptionTest,unfilteredInvocationRetainsOriginalPlannedSuites,0.0,False,False,False
com.guillermomolina.protos.execution.ProtosTestToolFileSelectionMainAdoptionTest,everyExplicitSelectorMustMatchBeforeUnionFiltering,0.0,False,False,False
com.guillermomolina.protos.execution.ProtosTestToolHClosureReconciliationTest,publishedH2B3SchedulingContractRemainsMaterializedAfterI8D5CCutover,0.0,False,False,False
com.guillermomolina.protos.execution.ProtosTestToolI8D1ProviderFoundationTest,leaseSnapshotsCapabilitiesAndKeepsCleanupHostOwnedAndAsyncCapable,0.0,False,False,False
com.guillermomolina.protos.execution.ProtosTestToolI8D1ProviderFoundationTest,adapterBoundaryCanCompleteProvisioningAsynchronously,0.0,False,False,False
com.guillermomolina.protos.execution.ProtosTestToolI8D1ProviderFoundationTest,i8d1DoesNotWireRunnerMainOrRootActorResourcesProjection,0.0,False,False,False
com.guillermomolina.protos.execution.ProtosTestToolI8D1ProviderFoundationTest,requestSnapshotsOneProviderGroupWithoutReinterpretingProfileOrUnits,0.0,False,False,False
com.guillermomolina.protos.execution.ProtosTestToolI8D1ProviderFoundationTest,duplicateRegistrationFailsClosedInsteadOfChoosingAnImplementation,0.0,False,False,False
com.guillermomolina.protos.execution.ProtosTestToolI8D1ProviderFoundationTest,registryResolvesOnlyExactEnvironmentOwnedProviderIdentity,0.0,False,False,False
com.guillermomolina.protos.execution.ProtosTestToolI8D2ProviderTransactionTest,i8d2StillDoesNotWireProcessRunnerOrPublicMain,0.0,False,False,False
com.guillermomolina.protos.execution.ProtosTestToolI8D4ATerminalAttemptEnvelopeTest,infrastructureOnlyCanStillHaveSafeCapacity,0.0,False,False,False
com.guillermomolina.protos.execution.ProtosTestToolI8D4BResourcefulAttemptBridgeTest,publicCutoverKeepsJavaResourcefulAttemptBridgeBehindGuestFacilityBoundary,0.0,False,False,False
com.guillermomolina.protos.execution.ProtosTestToolJClosureReconciliationTest,ciWorkflowMatchesExplicitSuspensionOrActiveClosureContract,0.0,False,False,False
com.guillermomolina.protos.execution.ProtosTestToolJClosureReconciliationTest,bundledProtosRetainsInvocationPolicyAndJavaOnlyConsumesItsClassification,0.0,False,False,False
com.guillermomolina.protos.execution.ProtosTestToolLib011OptionsAdoptionTest,bundledOptionsDelegatesStructuralRecognitionWithoutMovingToolPolicy,0.0,False,False,False
com.guillermomolina.protos.execution.ProtosTestToolResourceCatalogCompositionTest,publicMainUsesOnlyTheRatifiedCompositionPath,0.0,False,False,False
com.guillermomolina.protos.execution.ProtosTestToolStalledCaseReporterTest,terminalProgressThatEmptiesTheInvocationDisarmsTheDiagnostic,0.0,False,False,False
com.guillermomolina.protos.execution.ProtosTestToolStalledCaseReporterTest,noDiagnosticWhileTerminalProgressKeepsArriving,0.0,False,False,False
com.guillermomolina.protos.execution.ProtosTestToolStalledCaseReporterTest,duplicateAndUnknownTokensAreRejectedWithoutMutatingState,0.0,False,False,False
com.guillermomolina.protos.execution.ProtosTestToolStalledCaseReporterTest,nothingInFlightNeverProducesADiagnostic,0.0,False,False,False
com.guillermomolina.protos.execution.ProtosTestToolStalledCaseReporterTest,snapshotBoundsDisplayedReferencesAndCollapsesTheRemainder,0.0,False,False,False
com.guillermomolina.protos.execution.ProtosTestToolStalledCaseReporterTest,waitBudgetTracksTheRemainingInterval,0.0,False,False,False
com.guillermomolina.protos.execution.ProtosTestToolStalledCaseReporterTest,laterTerminalProgressReArmsTheOneShotDiagnostic,0.0,False,False,False
com.guillermomolina.protos.execution.ProtosTestToolStalledCaseReporterTest,additionalStartDoesNotRestartTheInterval,0.0,False,False,False
com.guillermomolina.protos.execution.ProtosWorkspaceExactDirectoryLookupTest,returnsOnlyTheExactStoredDirectChildDirectorySpelling,0.0,False,False,False
com.guillermomolina.protos.execution.ProtosWorkspaceExactDirectoryLookupTest,rejectsNonDirectoryParent,0.0,False,False,False
com.guillermomolina.protos.execution.ProtosWorkspacePackageDirectoryIndexTest,bindsAWorkspaceContainingOnlyTheRootWithoutMemberTraversal,0.0,False,False,False
com.guillermomolina.protos.execution.ProtosWorkspacePackageModuleKeyTest,distinctLookupAliasesCannotEnterCanonicalModuleIdentity,0.0,False,False,False
com.guillermomolina.protos.execution.ProtosWorkspacePackageModuleKeyTest,packageIdAndInternalLogicalNameAreTheOnlyCanonicalIdentityInputs,0.0,False,False,False
com.guillermomolina.protos.execution.ProtosWorkspacePackageModuleResolverTest,loadingAcceptsOnlyCanonicalWorkspaceKeysBackedByTheCurrentPlan,0.0,False,False,False
com.guillermomolina.protos.execution.ProtosWorkspacePackageStandardDelegationTest,stdDomainAndClosureRemainExact,0.0,False,False,False
com.guillermomolina.protos.lexer.ProtosLexerSourceSpanTest,toolingTriviaObservationPreservesTokensAndPhysicalCommentNewlines,0.0,False,False,False
com.guillermomolina.protos.lexer.ProtosLexerTest,unicodeEscapeSupportsSupplementaryScalarValues,0.0,False,False,False
com.guillermomolina.protos.lexer.ProtosLexerTest,tripleDoubleEmptyStructuralPrefixPreservesContentIndentation,0.0,False,False,False
com.guillermomolina.protos.lexer.ProtosLexerTest,exponentCommitmentIsCaseInsensitive,0.0,False,False,False
com.guillermomolina.protos.lexer.ProtosLexerTest,reservedWordRecognitionIsExactAndCaseSensitive,0.0,False,False,False
com.guillermomolina.protos.lexer.ProtosLexerTest,tripleSingleQuotesHaveNoSpecialLexicalMeaning,0.0,False,False,False
com.guillermomolina.protos.lexer.ProtosLexerTest,commentDelimitersInsideStringsAreOrdinaryStringContent,0.0,False,False,False
com.guillermomolina.protos.lexer.ProtosLexerTest,radixMemberAccessDotRemainsStructuralWhenNotFollowedByDecimalDigit,0.0,False,False,False
com.guillermomolina.protos.lexer.ProtosLexerTest,numericLiteralsRejectAdjacentIdentifierLikeContinuations,0.0,False,False,False
com.guillermomolina.protos.lexer.ProtosLexerTest,firstThreeUnescapedQuotesCloseTripleStringWithoutGreedyRunConsumption,0.0,False,False,False
com.guillermomolina.protos.lexer.ProtosLexerTest,tripleDoubleBlankLineNeedNotContainTheCompleteStructuralPrefix,0.0,False,False,False
com.guillermomolina.protos.lexer.ProtosLexerTest,ordinaryStringContentAcceptsSupplementaryUnicodeScalars,0.0,False,False,False
com.guillermomolina.protos.lexer.ProtosLexerTest,lexesStructuralPunctuation,0.0,False,False,False
com.guillermomolina.protos.lexer.ProtosLexerTest,numericLiteralsRemainSeparateWhenARealLexicalBoundaryExists,0.0,False,False,False
com.guillermomolina.protos.lexer.ProtosLexerTest,lexesExactlyTheSixReservedWords,0.0,False,False,False
com.guillermomolina.protos.lexer.ProtosLexerTest,rejectsNamedAndOtherNonCoreEscapeForms,0.0,False,False,False
com.guillermomolina.protos.lexer.ProtosLexerTest,rejectsEveryIllustrativeNonWhitespaceCodePointOutsideLexicalConstructs,0.0,False,False,False
com.guillermomolina.protos.lexer.ProtosLexerTest,rejectsEveryRepresentativeUnsupportedNumericSuffixAndRadixFloat,0.0,False,False,False
com.guillermomolina.protos.lexer.ProtosLexerTest,leadingSignsAreOperatorsNotPartOfNumbers,0.0,False,False,False
com.guillermomolina.protos.lexer.ProtosLexerTest,interpolationLookingTextIsOrdinaryStringContent,0.0,False,False,False
com.guillermomolina.protos.lexer.ProtosLexerTest,tripleDoubleEscapedQuoteDoesNotCloseLiteral,0.0,False,False,False
com.guillermomolina.protos.lexer.ProtosLexerTest,rejectsMalformedCommittedNumericSequences,0.0,False,False,False
com.guillermomolina.protos.lexer.ProtosLexerTest,structuralDelimitersAndNewlinesTerminateNumericTokens,0.0,False,False,False
com.guillermomolina.protos.lexer.ProtosLexerTest,tripleDoubleOpeningAndClosingNewlineRulesApply,0.0,False,False,False
com.guillermomolina.protos.lexer.ProtosLexerTest,tripleDoubleIndentationMismatchIsLexicalError,0.0,False,False,False
com.guillermomolina.protos.lexer.ProtosLexerTest,tripleDoubleStringPreservesSourceNewlineSpellings,0.0,False,False,False
com.guillermomolina.protos.lexer.ProtosLexerTest,uppercaseRadixPrefixesCommitToTheirRadixGrammar,0.0,False,False,False
com.guillermomolina.protos.lexer.ProtosLexerTest,tripleDoubleCrLfOpeningAndClosingNewlinesAreRemovedAtomically,0.0,False,False,False
com.guillermomolina.protos.lexer.ProtosLexerTest,lineCommentLeavesCrAndCrLfTerminatorsForNewlineTokenization,0.0,False,False,False
com.guillermomolina.protos.lexer.ProtosLexerTest,tripleDoubleStringsUseTheSameCoreEscapeSet,0.0,False,False,False
com.guillermomolina.protos.lexer.ProtosLexerTest,blockCommentsCloseAtFirstDelimiterAndDoNotNest,0.0,False,False,False
com.guillermomolina.protos.lexer.ProtosLexerTest,unicodeEscapeAcceptsOneThroughSixHexDigits,0.0,False,False,False
com.guillermomolina.protos.lexer.ProtosLexerTest,reservedWordPrefixesAndSuffixesRemainOrdinaryIdentifiers,0.0,False,False,False
com.guillermomolina.protos.lexer.ProtosLexerTest,tripleDoubleCrOpeningAndClosingNewlinesAreRemovedAtomically,0.0,False,False,False
com.guillermomolina.protos.lexer.ProtosLexerTest,lexesDecimalIntegerFractionAndExponentForms,0.0,False,False,False
com.guillermomolina.protos.lexer.ProtosLexerTest,controlFlowAndErrorLookingNamesAreNotReservedWords,0.0,False,False,False
com.guillermomolina.protos.lexer.ProtosLexerTest,rawUnpairedSurrogatesAreRejectedInEveryStringForm,0.0,False,False,False
com.guillermomolina.protos.lexer.ProtosLexerTest,tripleDoubleStructuralPrefixDistinguishesSpaceFromTab,0.0,False,False,False
com.guillermomolina.protos.lexer.ProtosLexerTest,rejectsNonNfcIdentifierInsteadOfNormalizingIt,0.0,False,False,False
com.guillermomolina.protos.lexer.ProtosLexerTest,tripleDoubleContentFlowingIntoClosingDelimiterIsNotIndentNormalized,0.0,False,False,False
com.guillermomolina.protos.lexer.ProtosLexerTest,rawLogicalNewlineIsRejectedInSingleLineStrings,0.0,False,False,False
com.guillermomolina.protos.lexer.ProtosLexerTest,rejectsNonstandardSymbolicCharacterRuns,0.0,False,False,False
com.guillermomolina.protos.lexer.ProtosLexerTest,rejectsNonstandardMaximalSymbolicSpellings,0.0,False,False,False
com.guillermomolina.protos.lexer.ProtosLexerTest,tripleDoubleIndentationMatchesRawSourceBeforeEscapeProcessing,0.0,False,False,False
com.guillermomolina.protos.lexer.ProtosLexerTest,unterminatedSingleDoubleAndTripleStringsAreLexicalErrors,0.0,False,False,False
com.guillermomolina.protos.lexer.ProtosLexerTest,stringContentIsNotIdentifierNormalized,0.0,False,False,False
com.guillermomolina.protos.lexer.ProtosLexerTest,whitespaceLikeUnicodeCodePointsRemainOrdinaryStringContent,0.0,False,False,False
com.guillermomolina.protos.lexer.ProtosLexerTest,singleAndDoubleQuotedStringsUseTheSameEscapeSet,0.0,False,False,False
com.guillermomolina.protos.lexer.ProtosLexerTest,interpolationLookingEscapeIsRejectedRatherThanIntroducedAsSyntax,0.0,False,False,False
com.guillermomolina.protos.lexer.ProtosLexerTest,lineCommentLeavesItsTerminatingNewlineForTheParser,0.0,False,False,False
com.guillermomolina.protos.lexer.ProtosLexerTest,tripleDoubleQuoteRunBoundariesRemainExactWhenFollowingStringsAreCompleted,0.0,False,False,False
com.guillermomolina.protos.lexer.ProtosLexerTest,representativeProtosFragmentProducesStableTokenStream,0.0,False,False,False
com.guillermomolina.protos.lexer.ProtosLexerTest,rawSupplementaryScalarIsAcceptedInEveryStringForm,0.0,False,False,False
com.guillermomolina.protos.lexer.ProtosLexerTest,decimalDigitSeparatorsApplyAcrossFractionAndExponentParts,0.0,False,False,False
com.guillermomolina.protos.lexer.ProtosLexerTest,doesNotSplitUnsupportedMaximalSymbolicRunsIntoStandardTokens,0.0,False,False,False
com.guillermomolina.protos.lexer.ProtosLexerTest,argsIsAnOrdinaryIdentifier,0.0,False,False,False
com.guillermomolina.protos.lexer.ProtosLexerTest,unicodeEscapeHexDigitsAreCaseInsensitive,0.0,False,False,False
com.guillermomolina.protos.lexer.ProtosLexerTest,lexesBinaryOctalAndHexIntegerForms,0.0,False,False,False
com.guillermomolina.protos.lexer.ProtosLexerTest,blockCommentConsumesEmbeddedNewlines,0.0,False,False,False
com.guillermomolina.protos.lexer.ProtosLexerTest,standardAndRuntimeNamesRemainOrdinaryIdentifiers,0.0,False,False,False
com.guillermomolina.protos.lexer.ProtosLexerTest,javaSpecificCurrencyIdentifierCharactersAreNotProtosIdentifierCharacters,0.0,False,False,False
com.guillermomolina.protos.lexer.ProtosLexerTest,nanAndInfinityRemainOrdinaryIdentifiers,0.0,False,False,False
com.guillermomolina.protos.lsp.ProtosLanguageServerDiagnosticsTest,sourcePositionsPreserveUtf16ColumnsAndLogicalCrLfLines,0.0,False,False,False
com.guillermomolina.protos.lsp.ProtosLanguageServerDocumentSymbolsTest,projectsUniformPropertySymbolsWithOnlyValueSubtreeHierarchy,0.0,False,False,False
com.guillermomolina.protos.lsp.ProtosLanguageServerFormattingTest,unchangedFailedAndUnopenedDocumentsYieldNoEdits,0.0,False,False,False
com.guillermomolina.protos.lsp.ProtosLanguageServerFormattingTest,initializeAdvertisesWholeDocumentFormattingOnly,0.0,False,False,False
com.guillermomolina.protos.lsp.ProtosLanguageServerFormattingTest,changedSourceYieldsOneFullDocumentEditOverTheOpenSnapshot,0.0,False,False,False
com.guillermomolina.protos.lsp.ProtosLanguageServerFoundationTest,fullSyncNotificationsOwnExactOpenDocumentSnapshots,0.0,False,False,False
com.guillermomolina.protos.lsp.ProtosLanguageServerFoundationTest,shutdownThenExitUsesSuccessAndPrematureExitUsesFailure,0.0,False,False,False
com.guillermomolina.protos.lsp.ProtosLanguageServerFoundationTest,initializeWithoutHierarchySupportAdvertisesFullSyncWorkspaceSymbolsAndDefinition,0.0,False,False,False
com.guillermomolina.protos.lsp.ProtosLanguageServerReferencesTest,looseOrNonCanonicalOpenDocumentNeverGainsReferenceAuthority,0.0,False,False,False
com.guillermomolina.protos.lsp.ProtosWorkspaceSymbolSearchTest,emptyQueryReturnsNoResultsWithoutEnumeratingEverything,0.0,False,False,False
com.guillermomolina.protos.parser.ProtosCallableSurfaceNegativeFixtureTest,rejectsInvalidClosureParameterAndTrailingClosureForms,0.0,False,False,False
com.guillermomolina.protos.parser.ProtosParserArgumentLayoutTest,superSendAllowsLayoutOnlyAtGrammarDefinedArgumentListPositions,0.0,False,False,False
com.guillermomolina.protos.parser.ProtosParserArgumentLayoutTest,callAllowsLayoutOnlyAtGrammarDefinedArgumentListPositions,0.0,False,False,False
com.guillermomolina.protos.parser.ProtosParserClosureTest,rejectsRequiredNonRestParameterAfterDefaultedParameter,0.0,False,False,False
com.guillermomolina.protos.parser.ProtosParserClosureTest,nestedExpressionBodiesAssociateToTheRight,0.0,False,False,False
com.guillermomolina.protos.parser.ProtosParserClosureTest,parsesZeroMultipleDefaultAndRestParameters,0.0,False,False,False
com.guillermomolina.protos.parser.ProtosParserClosureTest,parsesMultilineParameterLayoutOnlyWhenCommasArePresent,0.0,False,False,False
com.guillermomolina.protos.parser.ProtosParserClosureTest,groupedClosureCanParticipateInOrdinaryPostfixCall,0.0,False,False,False
com.guillermomolina.protos.parser.ProtosParserClosureTest,parsesExpressionAndBracedBodiesAsOneClosureKind,0.0,False,False,False
com.guillermomolina.protos.parser.ProtosParserClosureTest,parsesBareAndParenthesizedSingleParameterClosures,0.0,False,False,False
com.guillermomolina.protos.parser.ProtosParserEllipsisContinuationTest,restParameterContinuesAcrossNewlineAfterEllipsis,0.0,False,False,False
com.guillermomolina.protos.parser.ProtosParserEllipsisContinuationTest,superSpreadArgumentUsesTheSameContinuationRule,0.0,False,False,False
com.guillermomolina.protos.parser.ProtosParserExpressionSeparatorTest,consecutiveSemicolonsAreRejected,0.0,False,False,False
com.guillermomolina.protos.parser.ProtosParserExpressionSeparatorTest,semicolonAndNewlineProduceOneOrderedSequence,0.0,False,False,False
com.guillermomolina.protos.parser.ProtosParserExpressionSeparatorTest,leadingSemicolonIsRejected,0.0,False,False,False
com.guillermomolina.protos.parser.ProtosParserExpressionSeparatorTest,trailingSemicolonIsRejected,0.0,False,False,False
com.guillermomolina.protos.parser.ProtosParserExpressionSeparatorTest,semicolonCannotReachAcrossLogicalNewline,0.0,False,False,False
com.guillermomolina.protos.parser.ProtosParserFoundationTest,emptyProgramProducesEmptySequenceAtEof,0.0,False,False,False
com.guillermomolina.protos.parser.ProtosParserFoundationTest,acceptsBlankLinesWithoutCreatingExpressions,0.0,False,False,False
com.guillermomolina.protos.parser.ProtosParserFoundationTest,parseErrorsCarryTheUnexpectedTokenSpan,0.0,False,False,False
com.guillermomolina.protos.parser.ProtosParserMatchTest,parsesMatchAsOrdinaryMemberCall,0.0,False,False,False
com.guillermomolina.protos.parser.ProtosParserMatchTest,keepsFormerMatchSpellingsOrdinary,0.0,False,False,False
com.guillermomolina.protos.parser.ProtosParserMemberContinuationTest,completeOrdinaryMemberDoesNotAttachCallAcrossNewline,0.0,False,False,False
com.guillermomolina.protos.parser.ProtosParserMemberContinuationTest,superSendContinuesAfterDotAndBeforeRequiredArgumentList,0.0,False,False,False
com.guillermomolina.protos.parser.ProtosParserMemberContinuationTest,reservedMemberNameContinuesAcrossNewlineAfterDot,0.0,False,False,False
com.guillermomolina.protos.parser.ProtosParserMemberContinuationTest,memberSuffixContinuesAcrossNewlineAfterDot,0.0,False,False,False
com.guillermomolina.protos.parser.ProtosParserNonLocalReturnTest,parsesNonLocalReturnAcrossContinuationNewline,0.0,False,False,False
com.guillermomolina.protos.parser.ProtosParserNonLocalReturnTest,caretWithoutExpressionIsRejected,0.0,False,False,False
com.guillermomolina.protos.parser.ProtosParserNonLocalReturnTest,parsesNonLocalReturnWithBinaryExpression,0.0,False,False,False
com.guillermomolina.protos.parser.ProtosParserObjectExpressionTest,parsesContextualCompositionItems,0.0,False,False,False
com.guillermomolina.protos.parser.ProtosParserObjectExpressionTest,parsesEmptyAndPopulatedObjectBodies,0.0,False,False,False
com.guillermomolina.protos.parser.ProtosParserObjectExpressionTest,objectExpressionCanContinueThroughPostfixOperations,0.0,False,False,False
com.guillermomolina.protos.parser.ProtosParserObjectExpressionTest,compositionRemainsContextual,0.0,False,False,False
com.guillermomolina.protos.parser.ProtosParserObjectExpressionTest,parsesAllowedParentExpressions,0.0,False,False,False
com.guillermomolina.protos.parser.ProtosParserPostfixFoundationTest,parsesLeftAssociatedMemberCallAndIndexChain,0.0,False,False,False
com.guillermomolina.protos.parser.ProtosParserPostfixFoundationTest,arrayConstructionParticipatesInOrdinaryPostfixIndexing,0.0,False,False,False
com.guillermomolina.protos.parser.ProtosParserPostfixFoundationTest,parenthesizedExpressionRemainsVisibleInSurfaceAst,0.0,False,False,False
com.guillermomolina.protos.parser.ProtosParserPostfixFoundationTest,mapConstructionSupportsSemicolonAndOrdinaryPostfixIndexing,0.0,False,False,False
com.guillermomolina.protos.parser.ProtosParserPostfixFoundationTest,callArgumentKeepsItsSurfaceExpression,0.0,False,False,False
com.guillermomolina.protos.parser.ProtosParserPostfixFoundationTest,mapConstructionRejectsCommaEntriesAndTrailingSemicolon,0.0,False,False,False
com.guillermomolina.protos.parser.ProtosParserPostfixFoundationTest,parsesArgumentsSpreadAndLayoutInsideOpenCall,0.0,False,False,False
com.guillermomolina.protos.parser.ProtosParserPostfixFoundationTest,mapConstructionUsesSequentialLayoutAndRemainsVisibleInSurfaceAst,0.0,False,False,False
com.guillermomolina.protos.parser.ProtosParserPostfixFoundationTest,arrayConstructionRemainsVisibleInSurfaceAst,0.0,False,False,False
com.guillermomolina.protos.parser.ProtosParserSlotAssignmentTest,assignmentAssociatesToTheRightThroughExpressionRhs,0.0,False,False,False
com.guillermomolina.protos.parser.ProtosParserSlotAssignmentTest,multipleSlotCreationAllowsParenthesizedLayoutAndRhsContinuation,0.0,False,False,False
com.guillermomolina.protos.parser.ProtosParserSlotAssignmentTest,parsesBareAndMemberSlotCreation,0.0,False,False,False
com.guillermomolina.protos.parser.ProtosParserSlotAssignmentTest,requiredRightHandSideContinuesAcrossNewline,0.0,False,False,False
com.guillermomolina.protos.parser.ProtosParserSlotAssignmentTest,groupedAndBinaryTargetsAreRejected,0.0,False,False,False
com.guillermomolina.protos.parser.ProtosParserSlotAssignmentTest,finalIndexIsRejectedForSlotCreation,0.0,False,False,False
com.guillermomolina.protos.parser.ProtosParserSourceFactsTest,preservesBareAndParenthesizedSingleParameterClosureForms,0.0,False,False,False
com.guillermomolina.protos.parser.ProtosParserSourceFactsTest,continuationNewlineIsNotASequenceSeparator,0.0,False,False,False
com.guillermomolina.protos.parser.ProtosParserSourceFactsTest,recordsObjectAndMapSeparatorKindsWithoutChangingTheirAst,0.0,False,False,False
com.guillermomolina.protos.parser.ProtosParserSourceFactsTest,recordsProgramSemicolonAndLogicalNewlineSeparators,0.0,False,False,False
com.guillermomolina.protos.parser.ProtosParserStandardOperatorTest,newlineContinuesAfterNecessarilyIncompleteStandardOperator,0.0,False,False,False
com.guillermomolina.protos.parser.ProtosParserStandardOperatorTest,repeatedBinaryOperatorsAssociateLeft,0.0,False,False,False
com.guillermomolina.protos.parser.ProtosParserStandardOperatorTest,standardOperatorsFollowNormativePrecedence,0.0,False,False,False
com.guillermomolina.protos.parser.ProtosParserStandardOperatorTest,unaryOperatorsAssociateRecursively,0.0,False,False,False
com.guillermomolina.protos.parser.ProtosParserSuperSendTest,superSendRequiresAnArgumentList,0.0,False,False,False
com.guillermomolina.protos.parser.ProtosParserSuperSendTest,parsesSuperMessageSend,0.0,False,False,False
com.guillermomolina.protos.parser.ProtosParserSuperSendTest,superSendCanParticipateInPostfixChain,0.0,False,False,False
com.guillermomolina.protos.parser.ProtosParserSuperSendTest,acceptsReservedSpellingsAsSuperMessageNames,0.0,False,False,False
com.guillermomolina.protos.parser.ProtosParserTrailingClosureTest,appendsParameterlessBracedClosureAsFinalCallArgument,0.0,False,False,False
com.guillermomolina.protos.parser.ProtosParserTrailingClosureTest,parsesMultiexpressionTrailingClosureBody,0.0,False,False,False
com.guillermomolina.protos.parser.ProtosParserTrailingClosureTest,atMostOneTrailingClosureCanAttachToACallSuffix,0.0,False,False,False
com.guillermomolina.protos.parser.ProtosParserTrailingClosureTest,newlineAfterCompletedCallDoesNotAttachTrailingClosure,0.0,False,False,False
com.guillermomolina.protos.parser.ProtosReceiverSuperSurfaceNegativeFixtureTest,rejectsBareSuperAndSuperMemberExtraction,0.0,False,False,False
com.guillermomolina.protos.runtime.ProtosActivationReceiverTest,activationCanCarryAnyProtosRuntimeReceiverRepresentation,0.0,False,False,False
com.guillermomolina.protos.runtime.ProtosActivationReceiverTest,nonOrdinaryReceiverLookupRemainsExplicitlyUnbootstrapped,0.0,False,False,False
com.guillermomolina.protos.runtime.ProtosActivationTest,nestedConstructionSkipsEveryConstructionObjectForClosureCapture,0.0,False,False,False
com.guillermomolina.protos.runtime.ProtosActivationTest,receiverLookupDelegatesAfterLexicalContextsAreExhausted,0.0,False,False,False
com.guillermomolina.protos.runtime.ProtosActivationTest,objectConstructionUsesObjectAsContextWithoutCapturingItLexically,0.0,False,False,False
com.guillermomolina.protos.runtime.ProtosActivationTest,receiverFallbackClosureReadBindsOriginalReceiverAndLookupHomeOnlyAfterLexicalExhaustion,0.0,False,False,False
com.guillermomolina.protos.runtime.ProtosActivationTest,capturedLexicalContextsShadowReceiverAndPreserveNearestFirstOrder,0.0,False,False,False
com.guillermomolina.protos.runtime.ProtosActivationTest,writableLookupNeverTraversesReceiverDelegationParents,0.0,False,False,False
com.guillermomolina.protos.runtime.ProtosActorDeliveryAdmissionTest,fifoPendingDisciplinePreservesSameSenderOrderAndWeakAdmissionFairness,0.0,False,False,False
com.guillermomolina.protos.runtime.ProtosActorDeliveryAdmissionTest,availableCapacityCrossesAcceptanceImmediatelyEvenWhileInitializing,0.0,False,False,False
com.guillermomolina.protos.runtime.ProtosActorDeliveryAdmissionTest,fullMailboxBackpressuresAndCapacityWakeupAdmitsOldestPendingAttempt,0.0,False,False,False
com.guillermomolina.protos.runtime.ProtosActorDeliveryAdmissionTest,terminatingActorFailsPendingAndAcceptedUndispatchedAndFutureAttempts,0.0,False,False,False
com.guillermomolina.protos.runtime.ProtosActorExecutionDomainTest,runningTaskSuspendsAndResumesExactlyOnce,0.0,False,False,False
com.guillermomolina.protos.runtime.ProtosActorExecutionDomainTest,directRootTaskCancellationReachesTerminalState,0.0,False,False,False
com.guillermomolina.protos.runtime.ProtosActorExecutionDomainTest,laterCleanupTransferSupersedesDeliveredCancellation,0.0,False,False,False
com.guillermomolina.protos.runtime.ProtosActorExecutionDomainTest,activeEnsureDefersCancellationTerminalizationUntilCleanupUnwindFinishes,0.0,False,False,False
com.guillermomolina.protos.runtime.ProtosActorExecutionDomainTest,actorDomainsRegisterAndDispatchIndependently,0.0,False,False,False
com.guillermomolina.protos.runtime.ProtosActorExecutionDomainTest,directRootTaskSuspensionResumesThroughOrdinaryQueue,0.0,False,False,False
com.guillermomolina.protos.runtime.ProtosActorExecutionDomainTest,cancellationUnwindDrainsStructuredChildWithoutReenteringParentContinuation,0.0,False,False,False
com.guillermomolina.protos.runtime.ProtosActorExecutionDomainTest,structuredOwnershipRegistersAndCleansUpChild,0.0,False,False,False
com.guillermomolina.protos.runtime.ProtosActorExecutionDomainTest,terminalAndIllegalTransitionsCannotReexecuteOrResume,0.0,False,False,False
com.guillermomolina.protos.runtime.ProtosActorExecutionDomainTest,cancellationAlreadyPendingWinsAtSuspensionBoundary,0.0,False,False,False
com.guillermomolina.protos.runtime.ProtosActorExecutionDomainTest,cancellingSuspendedTaskWakesItWithoutTouchingObservedDependency,0.0,False,False,False
com.guillermomolina.protos.runtime.ProtosActorGroupRoutingTest,selectionAmongEligibleMembersIsInternalAndDoesNotChangeMembership,0.0,False,False,False
com.guillermomolina.protos.runtime.ProtosActorGroupRoutingTest,groupIdentitySurvivesEmptyAndCompletelyReplacedMembership,0.0,False,False,False
com.guillermomolina.protos.runtime.ProtosActorGroupRoutingTest,routingEligibilityRequiresReadyMembershipAndNeverStartsInitializingActor,0.0,False,False,False
com.guillermomolina.protos.runtime.ProtosActorIdentityLifecycleTest,distinctActorIncarnationsHaveDistinctIdentity,0.0,False,False,False
com.guillermomolina.protos.runtime.ProtosActorIdentityLifecycleTest,readyActorTerminatesThroughRequiredStates,0.0,False,False,False
com.guillermomolina.protos.runtime.ProtosActorIdentityLifecycleTest,initializingCanBecomeReadyExactlyOnce,0.0,False,False,False
com.guillermomolina.protos.runtime.ProtosActorIdentityLifecycleTest,conceptualReplacementGetsNewIdentityAndReference,0.0,False,False,False
com.guillermomolina.protos.runtime.ProtosActorIdentityLifecycleTest,newActorStartsInitializingWithStableIdentity,0.0,False,False,False
com.guillermomolina.protos.runtime.ProtosActorIdentityLifecycleTest,actorRefsRematerializedForSameIncarnationShareSemanticIdentity,0.0,False,False,False
com.guillermomolina.protos.runtime.ProtosActorIdentityLifecycleTest,readinessAndTerminationRaceCannotReopenOrProduceImpossibleState,0.0,False,False,False
com.guillermomolina.protos.runtime.ProtosActorIdentityLifecycleTest,refsToDistinctIncarnationsNeverCompareIdentical,0.0,False,False,False
com.guillermomolina.protos.runtime.ProtosActorIdentityLifecycleTest,initializingActorMayTerminateWithoutBecomingReady,0.0,False,False,False
com.guillermomolina.protos.runtime.ProtosActorIdentityLifecycleTest,terminatedIsTerminalAndActorRefNeverRetargets,0.0,False,False,False
com.guillermomolina.protos.runtime.ProtosActorIdentityLifecycleTest,actorGroupsExistingExecutionDomainAndModuleStateWithoutReplacingThem,0.0,False,False,False
com.guillermomolina.protos.runtime.ProtosActorMailboxSchedulerTest,implicitEventLoopDispatchesWithoutManualDomainPumping,0.0,False,False,False
com.guillermomolina.protos.runtime.ProtosActorMailboxSchedulerTest,readyActorsAreRequeuedAtTailForWeakFairScheduling,0.0,False,False,False
com.guillermomolina.protos.runtime.ProtosActorMailboxSchedulerTest,terminatingActorRejectsNewMailboxOwnership,0.0,False,False,False
com.guillermomolina.protos.runtime.ProtosActorMailboxSchedulerTest,mailboxHasFiniteCapacityAndPreservesAcceptedFifo,0.0,False,False,False
com.guillermomolina.protos.runtime.ProtosActorMailboxSchedulerTest,runnableTasksAndAcceptedMessagesReceiveAlternatingTurns,0.0,False,False,False
com.guillermomolina.protos.runtime.ProtosActorMailboxSchedulerTest,initializingActorRetainsAcceptedMessagesUntilReady,0.0,False,False,False
com.guillermomolina.protos.runtime.ProtosActorRefValueTest,repeatedRematerializationNeverCreatesANewSemanticReference,0.0,False,False,False
com.guillermomolina.protos.runtime.ProtosActorRefValueTest,actorTerminationDoesNotRetargetOrInvalidateTransferredReferenceIdentity,0.0,False,False,False
com.guillermomolina.protos.runtime.ProtosActorRefValueTest,replacementActorCannotAcquireOldTransferredActorRefIdentity,0.0,False,False,False
com.guillermomolina.protos.runtime.ProtosActorRefValueTest,actorBoundaryRematerializationProducesFreshWrapperForSameIncarnation,0.0,False,False,False
com.guillermomolina.protos.runtime.ProtosActorRefValueTest,rematerializedReferenceKeepsItsOriginalDelegationParent,0.0,False,False,False
com.guillermomolina.protos.runtime.ProtosAdditionalIndexedInteropTest,bytesHostOnlyElementFailsClosed,0.0,False,False,False
com.guillermomolina.protos.runtime.ProtosAdditionalIndexedInteropTest,indexedFacetsDoNotAcquireOtherInteropCapabilities,0.0,False,False,False
com.guillermomolina.protos.runtime.ProtosArrayInteropTest,interopReadsCurrentIndexedStorageWithoutSnapshotOrConversion,0.0,False,False,False
com.guillermomolina.protos.runtime.ProtosArrayInteropTest,arrayInteropIsReadOnlyEvenWhenGuestArrayIsMutable,0.0,False,False,False
com.guillermomolina.protos.runtime.ProtosArrayInteropTest,inheritedObjectMembersAndImplicitIteratorRemainDisabled,0.0,False,False,False
com.guillermomolina.protos.runtime.ProtosArrayInteropTest,accidentalHostOnlyElementsFailClosedInsteadOfLeaking,0.0,False,False,False
com.guillermomolina.protos.runtime.ProtosArrayInteropTest,openClosedAndFrozenArraysRemainReadableThroughSameObservationFacet,0.0,False,False,False
com.guillermomolina.protos.runtime.ProtosArrayValueTest,indexedUpdatePreservesLengthAndReturnsExactValue,0.0,False,False,False
com.guillermomolina.protos.runtime.ProtosArrayValueTest,arrayOwnsDenseIndexedStateWithExactElementReferences,0.0,False,False,False
com.guillermomolina.protos.runtime.ProtosBufferedByteIoPlat031FoundationTest,bufferedWrapperOwnsOneCommonLifecycleAndReqRetainsOnlyOperationReference,0.0,False,False,False
com.guillermomolina.protos.runtime.ProtosClosureInvocationActivationTest,nestedClosureInvocationReusesCapturedReturnHome,0.0,False,False,False
com.guillermomolina.protos.runtime.ProtosClosureInvocationActivationTest,topLevelClosureInvocationEstablishesCompleteFreshActivationState,0.0,False,False,False
com.guillermomolina.protos.runtime.ProtosDynamicControlStateTest,replayInvocationIdentityReusesExactlyOneFrame,0.0,False,False,False
com.guillermomolina.protos.runtime.ProtosDynamicControlStateTest,laterTransferSupersedesEarlierAndOnlyCurrentTransferCanClear,0.0,False,False,False
com.guillermomolina.protos.runtime.ProtosDynamicControlStateTest,oneTaskReusesLazyStateAndChildTaskDoesNotInheritIt,0.0,False,False,False
com.guillermomolina.protos.runtime.ProtosDynamicControlStateTest,ensureCleanupPhaseRetainsExactOutcomeAcrossStableFrameReuse,0.0,False,False,False
com.guillermomolina.protos.runtime.ProtosDynamicControlStateTest,innermostMatchingHandlerSelectionUsesDelegationAndDeactivatesSelection,0.0,False,False,False
com.guillermomolina.protos.runtime.ProtosEnvironmentSnapshotTest,scalarComparatorUsesUnicodeCodePointsRatherThanUtf16Units,0.0,False,False,False
com.guillermomolina.protos.runtime.ProtosExecutionContextValueTest,openContextAllowsRemovalAndRecreationOfAPresentLocalSlot,0.0,False,False,False
com.guillermomolina.protos.runtime.ProtosExecutionContextValueTest,openContextStillAllowsAbsentToPresentCreation,0.0,False,False,False
com.guillermomolina.protos.runtime.ProtosExecutionContextValueTest,ordinaryObjectValueRemovalIsUnaffectedByTheExecutionContextBoundary,0.0,False,False,False
com.guillermomolina.protos.runtime.ProtosExecutionContextValueTest,contextStillAllowsPresentToPresentValueMutation,0.0,False,False,False
com.guillermomolina.protos.runtime.ProtosExecutionContextValueTest,removingAMissingLocalSlotStillSignalsTheOrdinaryMissingSlotFailure,0.0,False,False,False
com.guillermomolina.protos.runtime.ProtosFloatInteropTest,floatDisplayIsValueBasedHostOpaqueAndOtherFacetsStayAbsent,0.0,False,False,False
com.guillermomolina.protos.runtime.ProtosFloatInteropTest,ordinaryObjectMemberReadPreservesExactFloatGuestValue,0.0,False,False,False
com.guillermomolina.protos.runtime.ProtosFloatInteropTest,longBoundaryAvoidsJavaSaturatingCastFalsePositive,0.0,False,False,False
com.guillermomolina.protos.runtime.ProtosFloatInteropTest,finiteFloatExportsOnlyExactNumericConversions,0.0,False,False,False
com.guillermomolina.protos.runtime.ProtosGroupRefPublicApiTest,groupRefPrototypePublishesExactlySendAndRequest,0.0,False,False,False
com.guillermomolina.protos.runtime.ProtosGuardedLookupTest,sharedInheritedLookupInvalidatesForLateIntermediateShadow,0.0,False,False,False
com.guillermomolina.protos.runtime.ProtosGuardedLookupTest,sharedInheritedLookupRejectsOwnSlotsAndSubclassChains,0.0,False,False,False
com.guillermomolina.protos.runtime.ProtosGuardedLookupTest,canonicalBooleanGuardedSelectionMatchesGenericLookup,0.0,False,False,False
com.guillermomolina.protos.runtime.ProtosGuardedLookupTest,contextStorageRemainsOnGenericLookup,0.0,False,False,False
com.guillermomolina.protos.runtime.ProtosGuardedLookupTest,successfulCompositionInvalidatesOnlyContributedSelectors,0.0,False,False,False
com.guillermomolina.protos.runtime.ProtosGuardedLookupTest,unrelatedNamesAndObjectsDoNotInvalidate,0.0,False,False,False
com.guillermomolina.protos.runtime.ProtosGuardedLookupTest,canonicalBooleanGuardedSelectionInvalidatesOnRootObjectMutation,0.0,False,False,True
com.guillermomolina.protos.runtime.ProtosGuardedLookupTest,representedParentChangesRemainVisibleThroughGenericFallback,0.0,False,False,False
com.guillermomolina.protos.runtime.ProtosGuardedLookupTest,canonicalBooleanGuardedSelectionRejectsOtherReceivers,0.0,False,False,False
com.guillermomolina.protos.runtime.ProtosGuardedLookupTest,nearerAdditionInvalidatesEvenWhenClosureIdentityIsUnchanged,0.0,False,False,False
com.guillermomolina.protos.runtime.ProtosGuardedLookupTest,replacementInvalidatesEveryDependentReceiver,0.0,False,False,False
com.guillermomolina.protos.runtime.ProtosGuardedLookupTest,sharedInheritedLookupTracksParentChainButNotSiblingShadows,0.0,False,False,False
com.guillermomolina.protos.runtime.ProtosIntegerValueRepresentationTest,smallArithmeticStaysSmallAndOverflowPromotesExactly,0.0,False,False,False
com.guillermomolina.protos.runtime.ProtosIntegerValueRepresentationTest,bigArithmeticNormalizesBackToSmallWhenTheResultFits,0.0,False,False,False
com.guillermomolina.protos.runtime.ProtosIntegerValueRepresentationTest,canonicalizesTheEntireSignedLongRangeToSmallRepresentation,0.0,False,False,False
com.guillermomolina.protos.runtime.ProtosIntegerValueRepresentationTest,quotientAndRemainderPreserveExactSignedSemantics,0.0,False,False,False
com.guillermomolina.protos.runtime.ProtosIntegerValueRepresentationTest,exactIntProjectionUsesTheSmallCarrierWithoutChangingIntegerSemantics,0.0,False,False,False
com.guillermomolina.protos.runtime.ProtosIntegralInteropTest,ordinaryObjectMemberReadPreservesTheExactIntegralGuestValue,0.0,False,False,False
com.guillermomolina.protos.runtime.ProtosIntegralInteropTest,arbitraryIntegerExportsExactIntegralWidthsAndBigInteger,0.0,False,False,False
com.guillermomolina.protos.runtime.ProtosIntegralInteropTest,integralDisplayIsValueBasedHostOpaqueAndOtherFacetsStayAbsent,0.0,False,False,False
com.guillermomolina.protos.runtime.ProtosLexicalBindingAuthoritySeamTest,localSnapshotReflectionCannotObserveAStaleSecondCopy,0.0,False,False,False
com.guillermomolina.protos.runtime.ProtosLexicalBindingAuthoritySeamTest,presentNullRemainsDistinctFromAbsentThroughTheSeam,0.0,False,False,False
com.guillermomolina.protos.runtime.ProtosLexicalBindingAuthoritySeamTest,createReadAssignBehaviorIsUnchangedThroughTheSeam,0.0,False,False,False
com.guillermomolina.protos.runtime.ProtosLexicalBindingAuthoritySeamTest,d179C0RemovalAndRecreationRemainExactThroughTheSeam,0.0,False,False,False
com.guillermomolina.protos.runtime.ProtosLexicalBindingAuthoritySeamTest,delegatedLookupThroughAnExecutionContextGoesThroughTheSameAuthority,0.0,False,False,False
com.guillermomolina.protos.runtime.ProtosLexicalBindingAuthoritySeamTest,ordinaryObjectValueRemoveLocalSlotRemainsUnaffected,0.0,False,False,False
com.guillermomolina.protos.runtime.ProtosLexicalBindingAuthoritySeamTest,escapedReferenceObservesMutationsThroughTheSameAuthority,0.0,False,False,False
com.guillermomolina.protos.runtime.ProtosMethodHomeTest,objectConstructionPreservesEnclosingMethodHome,0.0,False,False,False
com.guillermomolina.protos.runtime.ProtosObjectInteropTest,objectInteropIsReadOnlyAndRejectsHostOnlySlotValues,0.0,False,False,False
com.guillermomolina.protos.runtime.ProtosObjectValueTest,compositionViewsCopyBindingsWithoutMutatingReceiver,0.0,False,False,False
com.guillermomolina.protos.runtime.ProtosObjectValueTest,compositionViewsAlwaysReturnFreshOpenChildrenOfObject,0.0,False,False,False
com.guillermomolina.protos.runtime.ProtosObjectValueTest,aliasIgnoresDelegatedAliasNameCollision,0.0,False,False,False
com.guillermomolina.protos.runtime.ProtosObjectValueTest,anyProtosValueMayBeADelegationParent,0.0,False,False,False
com.guillermomolina.protos.runtime.ProtosObjectValueTest,compositionViewsRejectNonLocalSourcesAndAliasConflicts,0.0,False,False,False
com.guillermomolina.protos.runtime.ProtosObjectValueTest,removeSlotRejectsMissingClosedAndFrozenObjects,0.0,False,False,False
com.guillermomolina.protos.runtime.ProtosObjectValueTest,delegatedLookupThroughUnbootstrappedValueParentIsNotSilentlyMisresolved,0.0,False,False,False
com.guillermomolina.protos.runtime.ProtosObjectValueTest,missingReadSlotUsesEmptyOptionalForRuntimeLookupHelper,0.0,False,False,False
com.guillermomolina.protos.runtime.ProtosObjectValueTest,localSlotSnapshotIsDetachedReadOnlyAndPreservesExactBindings,0.0,False,False,False
com.guillermomolina.protos.runtime.ProtosObjectValueTest,openObjectRemovesOnlyLocalSlotAndReturnsExactValue,0.0,False,False,False
com.guillermomolina.protos.runtime.ProtosObjectValueTest,compositionContributionIsAtomicAfterConflict,0.0,False,False,False
com.guillermomolina.protos.runtime.ProtosObjectValueTest,objectsStartOpenAndCloseAndFreezeAreIdempotent,0.0,False,False,False
com.guillermomolina.protos.runtime.ProtosObjectValueTest,closedObjectsRejectStructuralCreationButAllowExistingSlotAssignment,0.0,False,False,False
com.guillermomolina.protos.runtime.ProtosObjectValueTest,everyConstructedObjectHasExactlyOneFixedParent,0.0,False,False,False
com.guillermomolina.protos.runtime.ProtosPerf006B3ATaskContinuationPublicationTest,alreadyReadyOrAlreadyCancelledDependencyDoesNotEnterCapture,0.0,False,False,False
com.guillermomolina.protos.runtime.ProtosPerf006B3ATaskContinuationPublicationTest,wakeDuringCaptureCannotEnqueueBeforeContinuationPublication,0.0,False,False,False
com.guillermomolina.protos.runtime.ProtosPerf006B3ATaskContinuationPublicationTest,cancellationDuringCaptureDetachesWaitButCannotEnqueueBeforePublication,0.0,False,False,False
com.guillermomolina.protos.runtime.ProtosPerf006B3ATaskContinuationPublicationTest,publicationRequiresTheExactActiveCaptureAndCannotBeRepeated,0.0,False,False,False
com.guillermomolina.protos.runtime.ProtosPerf006B6A6A2TaskTerminalLifecycleTest,escapingLifecycleFailureRemainsHostInvariantFailureAfterTaskTerminalization,0.0,False,False,False
com.guillermomolina.protos.runtime.ProtosPerf019TargetedContinuationHandoffTest,cancelledExactWaiterFallsBackWithoutPreferentialExecution,0.0,False,False,False
com.guillermomolina.protos.runtime.ProtosPerf025ArraySnapshotGenerationTest,unpublishedArrayReplacesInPlaceAndRepeatedSnapshotsReuseGeneration,0.0,False,False,False
com.guillermomolina.protos.runtime.ProtosPerf025ArraySnapshotGenerationTest,firstReplacementAfterPublicationDetachesAndPreservesEveryOldSnapshot,0.0,False,False,False
com.guillermomolina.protos.runtime.ProtosPerf025ArraySnapshotGenerationTest,snapshotViewIsReadOnlyAndStateBoundariesKeepExistingOrdering,0.0,False,False,False
com.guillermomolina.protos.runtime.ProtosPerf025G1LazyTaskChildrenTest,failureCancelsAndDrainsChildrenBeforeTerminalFailure,0.0,False,False,False
com.guillermomolina.protos.runtime.ProtosPerf025G1LazyTaskChildrenTest,firstChildMaterializesOwnershipAndTerminalChildIsRemoved,0.0,False,False,False
com.guillermomolina.protos.runtime.ProtosPerf025G1LazyTaskChildrenTest,cancellationRequestsChildCancellationAndDrainsBeforeCancelled,0.0,False,False,False
com.guillermomolina.protos.runtime.ProtosPerf025G2RootTaskBookkeepingTest,terminalPublicationTrustsTheStateEstablishedByItsPrivateCallers,0.0,False,False,False
com.guillermomolina.protos.runtime.ProtosPerf025G2RootTaskBookkeepingTest,freshRootRetainsExistingFirstExecutionCancellationBoundary,0.0,False,False,False
com.guillermomolina.protos.runtime.ProtosPerf025IdentityMapSnapshotGenerationTest,successivePublishedGenerationsKeepExactHistoricalValues,0.0,False,False,False
com.guillermomolina.protos.runtime.ProtosPerf025IdentityMapSnapshotGenerationTest,appendRemoveAndReinsertPreserveOldOrderAndCollisionBuckets,0.0,False,False,False
com.guillermomolina.protos.runtime.ProtosPerf025ObjectModelPayAsYouGrowTest,directExecutionContextConstructionCanAttachDefinitiveAuthority,0.0,False,False,False
com.guillermomolina.protos.runtime.ProtosPerf025ObjectModelPayAsYouGrowTest,emptyOrdinaryObjectsShareStorageFreeAuthorityUntilFirstBinding,0.0,False,False,False
com.guillermomolina.protos.runtime.ProtosPerf025ObjectModelPayAsYouGrowTest,emptyClosureBindingKeepsFreshIdentityWithoutLocalSlotStorage,0.0,False,False,False
com.guillermomolina.protos.runtime.ProtosPerf025ObjectModelPayAsYouGrowTest,singleOrderedMapPreservesCreateAssignRemoveRecreateHistory,0.0,False,False,False
com.guillermomolina.protos.runtime.ProtosPreludeTest,lazilyRejectsMissingStandardErrorBindingWithUnchangedFailure,0.0,False,False,False
com.guillermomolina.protos.runtime.ProtosPreludeTest,moduleActivationCapturesFrozenPreludeForOrdinaryLexicalLookup,0.0,False,False,False
com.guillermomolina.protos.runtime.ProtosPreludeTest,createsFreshExecutionContextsFromFrozenPreludeBindings,0.0,False,False,False
com.guillermomolina.protos.runtime.ProtosPreludeTest,objectConstructionPreservesOwningPrelude,0.0,False,False,False
com.guillermomolina.protos.runtime.ProtosPreludeTest,rejectsMissingOrMisparentedErrorBinding,0.0,False,False,False
com.guillermomolina.protos.runtime.ProtosProcessArgumentsSnapshotTest,completeUnrepresentableBootstrapOutcomeIsStableAndProducesNoSnapshot,0.0,False,False,False
com.guillermomolina.protos.runtime.ProtosProcessArgumentsSnapshotTest,emptyArgumentsAreAvailableAsEmptyContent,0.0,False,False,False
com.guillermomolina.protos.runtime.ProtosProcessCapabilityTransferTest,newCapabilityProvisioningStopsAtTheProcessTerminationCutover,0.0,False,False,False
com.guillermomolina.protos.runtime.ProtosProcessRuntimeTest,rootFatalFailureTerminatesWholeProcessWithoutExportingFailure,0.0,False,False,False
com.guillermomolina.protos.runtime.ProtosProcessRuntimeTest,nonRootFatalFailureTerminatesOnlyThatIncarnation,0.0,False,False,False
com.guillermomolina.protos.runtime.ProtosProcessStandardStreamEncodingTest,encodingValueAccessorsRequireEstablishedAssociationState,0.0,False,False,False
com.guillermomolina.protos.runtime.ProtosRepresentedValueLookupTest,genericLookupOwnSlotHitMissAndUnsupportedRepresentation,0.0,False,False,False
com.guillermomolina.protos.runtime.ProtosReturnHomeTest,tracksActiveAndCompletedLifecycle,0.0,False,False,False
com.guillermomolina.protos.runtime.ProtosSimpleScalarInteropDisplayTest,stringDisplayUsesTheExistingGuestPayloadWithoutHostIdentity,0.0,False,False,False
com.guillermomolina.protos.runtime.ProtosSimpleScalarInteropDisplayTest,nullDisplayIsCanonicalAndHostOpaque,0.0,False,False,False
com.guillermomolina.protos.runtime.ProtosSimpleScalarInteropDisplayTest,booleanDisplayIsCanonicalAndHostOpaque,0.0,False,False,False
com.guillermomolina.protos.runtime.ProtosSimpleScalarInteropTest,booleanExportsOnlyItsExactBooleanFacet,0.0,False,False,False
com.guillermomolina.protos.runtime.ProtosSimpleScalarInteropTest,nullExportsOnlyTheNullFacet,0.0,False,False,False
com.guillermomolina.protos.runtime.ProtosSimpleScalarInteropTest,ordinaryObjectMemberReadsPreserveScalarGuestValuesAndExposeTheirFacets,0.0,False,False,False
com.guillermomolina.protos.runtime.ProtosSimpleScalarInteropTest,stringExportsOnlyItsExactStringFacet,0.0,False,False,False
com.guillermomolina.protos.runtime.ProtosSlotLookupResultTest,delegatedLookupReturnsValueAndPhysicalHome,0.0,False,False,False
com.guillermomolina.protos.runtime.ProtosSlotLookupResultTest,nearestLocalSlotDefinesHome,0.0,False,False,False
com.guillermomolina.protos.runtime.ProtosSlotLookupResultTest,missingLookupReturnsEmptyWithoutFabricatingHome,0.0,False,False,False
com.guillermomolina.protos.runtime.ProtosStringValueTest,scalarExtractionAndRuntimeCopyPreserveEstablishedUnicodeProof,0.0,False,False,False
com.guillermomolina.protos.runtime.ProtosStringValueTest,rejectsUnpairedLowSurrogate,0.0,False,False,False
com.guillermomolina.protos.runtime.ProtosStringValueTest,rejectsUnpairedHighSurrogate,0.0,False,False,False
com.guillermomolina.protos.runtime.ProtosStringValueTest,validatesAndCachesExactUnicodeScalarCountInOneSemanticValue,0.0,False,False,False
com.guillermomolina.protos.runtime.ProtosStringValueTest,derivedConcatenationComposesUnicodeProofAndScalarCountWithoutNormalization,0.0,False,False,False
com.guillermomolina.protos.runtime.ProtosStringValueTest,acceptsExactUnicodeScalarSequencesIncludingSupplementaryScalars,0.0,False,False,False
com.guillermomolina.protos.semantic.CanonicalizerArithmeticTest,preservesParserPrecedenceWhenLoweringArithmetic,0.0,False,False,False
com.guillermomolina.protos.semantic.CanonicalizerArithmeticTest,preservesLeftAssociationWhenLoweringAdditiveOperators,0.0,False,False,False
com.guillermomolina.protos.semantic.CanonicalizerArithmeticTest,lowersEveryMultiplicativeOperatorToItsSelector,0.0,False,False,False
com.guillermomolina.protos.semantic.CanonicalizerCallTest,lowersMemberCallToCanonicalSend,0.0,False,False,False
com.guillermomolina.protos.semantic.CanonicalizerCallTest,lowersOrdinaryCallToCanonicalCall,0.0,False,False,False
com.guillermomolina.protos.semantic.CanonicalizerCallTest,preservesTrailingClosureAsFinalCanonicalArgument,0.0,False,False,False
com.guillermomolina.protos.semantic.CanonicalizerCallTest,canonicalizesNestedCallsRecursively,0.0,False,False,False
com.guillermomolina.protos.semantic.CanonicalizerClosureTest,preservesBracedBodyAsCanonicalSequence,0.0,False,False,False
com.guillermomolina.protos.semantic.CanonicalizerClosureTest,canonicalizesDefaultAndRestParameters,0.0,False,False,False
com.guillermomolina.protos.semantic.CanonicalizerClosureTest,lowersExpressionBodyToCanonicalSingleExpressionSequence,0.0,False,False,False
com.guillermomolina.protos.semantic.CanonicalizerClosureTest,canonicalizesNestedExpressionBodyClosuresRecursively,0.0,False,False,False
com.guillermomolina.protos.semantic.CanonicalizerComparisonTest,preservesLeftAssociationAcrossComparisonChain,0.0,False,False,False
com.guillermomolina.protos.semantic.CanonicalizerEqualityTest,lowersIdentityToDedicatedNonDispatchableCanonicalNode,0.0,False,False,False
com.guillermomolina.protos.semantic.CanonicalizerEqualityTest,lowersSemanticInequalityToDerivedCanonicalNode,0.0,False,False,False
com.guillermomolina.protos.semantic.CanonicalizerFoundationTest,canonicalizesProgramSequenceInSourceOrder,0.0,False,False,False
com.guillermomolina.protos.semantic.CanonicalizerFoundationTest,groupingDisappearsFromCanonicalAst,0.0,False,False,False
com.guillermomolina.protos.semantic.CanonicalizerIndexTest,canonicalizesReceiverAndIndexRecursively,0.0,False,False,False
com.guillermomolina.protos.semantic.CanonicalizerIndexTest,nestedIndexedReadsLowerInsideOut,0.0,False,False,False
com.guillermomolina.protos.semantic.CanonicalizerIndexedAssignmentTest,canonicalizesIndexedAssignmentComponentsRecursively,0.0,False,False,False
com.guillermomolina.protos.semantic.CanonicalizerIntrinsicTest,lowersThisToDedicatedCanonicalIntrinsic,0.0,False,False,False
com.guillermomolina.protos.semantic.CanonicalizerIntrinsicTest,lowersContextToDedicatedCanonicalIntrinsic,0.0,False,False,False
com.guillermomolina.protos.semantic.CanonicalizerIntrinsicTest,lowersArgsAsOrdinaryLookup,0.0,False,False,False
com.guillermomolina.protos.semantic.CanonicalizerLazyBooleanTest,preservesLeftAssociationOfLogicalChains,0.0,False,False,False
com.guillermomolina.protos.semantic.CanonicalizerLazyBooleanTest,lowersAndToSendWithParameterlessClosureArgument,0.0,False,False,False
com.guillermomolina.protos.semantic.CanonicalizerLazyBooleanTest,lowersOrToSendWithParameterlessClosureArgument,0.0,False,False,False
com.guillermomolina.protos.semantic.CanonicalizerObjectTest,lowersObjectWithExplicitParent,0.0,False,False,False
com.guillermomolina.protos.semantic.CanonicalizerReturnTest,canonicalizesReturnedExpressionRecursively,0.0,False,False,False
com.guillermomolina.protos.semantic.CanonicalizerSlotWriteTest,lowersMultipleSlotCreationToDedicatedCanonicalOperation,0.0,False,False,False
com.guillermomolina.protos.semantic.CanonicalizerSlotWriteTest,lowersExplicitMemberAssignmentAndCanonicalizesTargetBeforeValueShape,0.0,False,False,False
com.guillermomolina.protos.semantic.CanonicalizerSlotWriteTest,lowersExplicitMemberSlotCreationToExplicitTargetCreate,0.0,False,False,False
com.guillermomolina.protos.semantic.CanonicalizerSlotWriteTest,lowersBareAssignmentToImplicitTargetAssign,0.0,False,False,False
com.guillermomolina.protos.semantic.CanonicalizerSpreadTest,preservesSpreadMarkerInSuperSendArguments,0.0,False,False,False
com.guillermomolina.protos.semantic.CanonicalizerSpreadTest,preservesSpreadMarkerInOrdinaryCallArguments,0.0,False,False,False
com.guillermomolina.protos.semantic.CanonicalizerSuperSendTest,lowersSuperSendToDedicatedCanonicalOperation,0.0,False,False,False
com.guillermomolina.protos.semantic.CanonicalizerSuperSendTest,lowersZeroArgumentSuperSend,0.0,False,False,False
com.guillermomolina.protos.semantic.CanonicalizerUnaryTest,lowersPrefixBangToNotSend,0.0,False,False,False
com.guillermomolina.protos.semantic.CanonicalizerUnaryTest,lowersPrefixMinusToNegatedSend,0.0,False,False,False
